{"type":"FeatureCollection", "features": [
{"type":"Feature","geometry":{"type":"MultiPolygon","coordinates":[[[[32.0624,3.5801],[32.0575,3.5809],[32.0611,3.5845],[32.0577,3.5875],[32.0533,3.5867],[32.0539,3.5909],[32.0468,3.5867],[32.0447,3.5924],[32.0401,3.5859],[32.025506739384106,3.581353830834967],[32.02298438292407,3.576170240868068],[31.977647540782733,3.56819339121702],[31.961086954248376,3.554863775875829],[31.953357216843706,3.54286073360158],[31.949641064699005,3.528188720102672],[31.94760853044163,3.523072353648798],[31.932876525159248,3.510184502118275],[31.9345744882398,3.516243622167537],[31.92414086574209,3.511240384918973],[31.921746453732684,3.50798043946384],[31.90554770543753,3.503012630239315],[31.884989590551033,3.501591928182911],[31.864666096313588,3.50733035370255],[31.852100193285086,3.51982102277219],[31.83923416581186,3.525897480814956],[31.8286893018796,3.516284558805406],[31.816369061760664,3.520542170454938],[31.805650882469617,3.51898174834771],[31.8020725461832,3.521984601366099],[31.80403208392556,3.52375881828615],[31.81949974997066,3.529862559564886],[31.818599859848703,3.534749694766694],[31.813419029369065,3.533634479987691],[31.813251405548765,3.543113455226729],[31.808287897186954,3.542298659120876],[31.804759636564103,3.536000471155237],[31.796216643384014,3.531233287138102],[31.78944151460681,3.523941069631097],[31.787426832208922,3.522200225929697],[31.783466416379266,3.516842197023971],[31.77650589608975,3.502363361394589],[31.76788653057806,3.499116779208063],[31.758426614330727,3.501222192660551],[31.750079311594945,3.49680000013259],[31.742038730201752,3.491528225792667],[31.707530951772718,3.492980938242827],[31.70002271987451,3.479625154932888],[31.682410164728015,3.459519200080606],[31.677722125908822,3.455511062957509],[31.65617176012994,3.435870610010318],[31.654521439143725,3.42774575523989],[31.658706261017766,3.403168694926711],[31.656618612044824,3.393173501904254],[31.656110418955635,3.386891705115341],[31.64898091282509,3.378706666486245],[31.64970096161221,3.370511105474804],[31.644338451217006,3.361220040206201],[31.627331046017833,3.355502156928206],[31.618868660207315,3.344111802408473],[31.605757515979995,3.336908030114463],[31.60630417995818,3.329449840560579],[31.6055,3.322],[31.59638172230254,3.311839789309015],[31.58942495719101,3.291723215696722],[31.59082949209165,3.265893616525288],[31.574151872509457,3.245700247819213],[31.567801819837378,3.232747857470662],[31.57542464725213,3.22086038326584],[31.559116973808816,3.187827158118478],[31.558447218523344,3.187047218620419],[31.55827101116772,3.186842022395128],[31.5537451053795,3.180730070263509],[31.545653246530062,3.159662384543853],[31.538054239541122,3.149284372748085],[31.53562819358051,3.14635352427609],[31.528063284360748,3.138267526971366],[31.523872562205433,3.128239668176454],[31.51742091946779,3.12637206923789],[31.517249724997036,3.126020996516315],[31.515148456279608,3.118268155553197],[31.504940624816175,3.105703124425772],[31.501307702974422,3.097161554655188],[31.502704573846735,3.083487171430077],[31.49765208151673,3.073293151368014],[31.491013844712754,3.037630373653102],[31.48596431796719,3.025602805043984],[31.471408312547474,3.000115405356009],[31.46990718008409,2.990367432994695],[31.46671804838527,2.992502955121398],[31.463452301488626,2.990098361445937],[31.44869382068003,2.966800588312094],[31.44182060139648,2.948392559228499],[31.433742628059747,2.94495699965844],[31.4293,2.9382],[31.4562,2.9168],[31.4621,2.9224],[31.464,2.9168],[31.4713,2.9166],[31.4728,2.9124],[31.475,2.9146],[31.4754,2.9075],[31.4817,2.9084],[31.485,2.9135],[31.4877,2.9093],[31.4848,2.9058],[31.4927,2.9054],[31.4961,2.8984],[31.498,2.9021],[31.5021,2.9004],[31.5013,2.8924],[31.5148,2.8811],[31.5294,2.8842],[31.541,2.8778],[31.5463,2.8878],[31.5579,2.8956],[31.5585,2.9103],[31.5639,2.9133],[31.5635,2.9166],[31.5687,2.9218],[31.5749,2.9223],[31.5764,2.931],[31.5862,2.9355],[31.5876,2.9426],[31.5971,2.9479],[31.6057,2.9454],[31.6132,2.937],[31.6247,2.9389],[31.6271,2.9425],[31.6342,2.9443],[31.6442,2.9366],[31.6594,2.9435],[31.7441,2.9632],[31.7491,2.9681],[31.7608,2.9705],[31.7676,2.9698],[31.7681,2.9654],[31.7768,2.9615],[31.7872,2.9603],[31.7959,2.9512],[31.8057,2.9566],[31.8179,2.9506],[31.8231,2.9543],[31.831,2.9528],[31.8381,2.9567],[31.8542,2.9534],[31.8568,2.9503],[31.8623,2.9591],[31.8673,2.9596],[31.8753,2.969],[31.8901,2.9756],[31.9019,2.9925],[31.9033,3.0021],[31.9,3.0067],[31.9042,3.0118],[31.9034,3.0155],[31.9161,3.0307],[31.9307,3.0863],[31.9597,3.1241],[31.9633,3.1464],[31.9664,3.1481],[31.9644,3.1512],[31.9708,3.1819],[31.9853,3.1959],[31.9943,3.2001],[31.9942,3.2037],[32.0014,3.2103],[32.0008,3.2145],[32.0065,3.2158],[32.0063,3.2235],[32.0134,3.2316],[32.0082,3.2389],[32.0084,3.2502],[32.0123,3.2559],[32.0049,3.2657],[32.0045,3.2745],[32.0081,3.2802],[32.0067,3.2884],[32.0125,3.2885],[32.0119,3.2934],[32.0172,3.2981],[32.0173,3.3036],[32.0322,3.318],[32.0306,3.3327],[32.0438,3.3398],[32.0384,3.3541],[32.0284,3.3642],[32.0275,3.3708],[32.032,3.378],[32.028,3.3889],[32.03,3.3928],[32.0173,3.4111],[32.0575,3.4102],[32.0517,3.4473],[32.0566,3.4898],[32.0636,3.4998],[32.0637,3.5245],[32.0565,3.568],[32.062,3.5796],[32.0624,3.5801]],[[31.924479292583545,3.439471572920128],[31.912475713703845,3.442064670146546],[31.912249499918687,3.444593718843985],[31.924404069419904,3.458097645320597],[31.926510991689835,3.486969544907125],[31.929619087357743,3.499661532472894],[31.932524220099726,3.499853680181637],[31.936995930809235,3.496331066891869],[31.939557645258137,3.486690418853458],[31.93519086050803,3.470478341265989],[31.935304603733314,3.451241684775885],[31.924479292583545,3.439471572920128]],[[31.918914199629906,3.354077390085635],[31.91193346162034,3.35615118557617],[31.929685502956456,3.367000493195488],[31.93367380184589,3.366316864682224],[31.93472779365961,3.362361773591201],[31.931601848937344,3.358677983537762],[31.918914199629906,3.354077390085635]]],[[[31.417402923573935,2.955983433106511],[31.419620590251153,2.958232790937498],[31.416732268998285,2.964771140917035],[31.403108484626095,2.975091080725692],[31.401376005118482,2.980359014326503],[31.4031,2.9707],[31.412,2.9681],[31.417402923573935,2.955983433106511]]]]},"properties":{"name":"Adjumani District","id":"QYiQ2KqgCxj"}},
{"type":"Feature","geometry":{"type":"Polygon","coordinates":[[[33.533,2.6038],[33.5339,2.6077],[33.5395,2.6093],[33.5358,2.6158],[33.5387,2.6234],[33.534,2.6287],[33.5282,2.6288],[33.5306,2.6447],[33.5252,2.6543],[33.5214,2.6719],[33.5246,2.6753],[33.5261,2.688],[33.5335,2.6986],[33.5325,2.7025],[33.5377,2.7092],[33.5382,2.7171],[33.5472,2.722],[33.5666,2.7542],[33.5996,2.7791],[33.6038,2.7869],[33.6046,2.8701],[33.577,2.8812],[33.5706,2.9349],[33.5801,2.9461],[33.5806,2.9541],[33.5753,2.967],[33.5709,3.0019],[33.5595,3.149],[33.5505,3.2815],[33.5428,3.2807],[33.5398,3.2769],[33.4994,3.2769],[33.4923,3.2853],[33.4863,3.2865],[33.4847,3.2977],[33.4335,3.2995],[33.4282,3.3036],[33.4148,3.3049],[33.4029,3.3032],[33.3965,3.299],[33.3958,3.2873],[33.3902,3.2793],[33.3771,3.2778],[33.3557,3.2649],[33.3283,3.2553],[33.3028,3.2339],[33.3008,3.2289],[33.31,3.2169],[33.3115,3.2049],[33.3281,3.1948],[33.3365,3.1818],[33.2828,3.1855],[33.2463,3.1722],[33.2351,3.1761],[33.2113,3.1708],[33.18,3.182],[33.1408,3.1814],[33.1424,3.1652],[33.1327,3.1482],[33.139,3.1188],[33.1376,3.0917],[33.1314,3.0741],[33.1319,3.0734],[33.1322,3.0731],[33.1324,3.0729],[33.1333,3.0713],[33.1334,3.0708],[33.1334,3.0707],[33.1334,3.0702],[33.1313,3.067],[33.1339,3.0664],[33.1395,3.0516],[33.1393,3.0318],[33.1437,3.0168],[33.158,3.0063],[33.1657,2.9904],[33.1724,2.9853],[33.1882,2.9614],[33.199,2.9553],[33.1827,2.919],[33.1835,2.9008],[33.1949,2.8906],[33.1965,2.8856],[33.1922,2.8809],[33.1924,2.8763],[33.1887,2.8737],[33.1885,2.8694],[33.1797,2.8645],[33.1733,2.854],[33.1725,2.8579],[33.1672,2.8579],[33.1673,2.8523],[33.1621,2.8502],[33.1621,2.8426],[33.1513,2.8472],[33.1473,2.8409],[33.1383,2.8374],[33.1277,2.8272],[33.1163,2.8447],[33.1105,2.8449],[33.1102,2.8493],[33.1062,2.849],[33.1007,2.8545],[33.1008,2.8496],[33.0956,2.8435],[33.0888,2.8427],[33.0838,2.8222],[33.079,2.8239],[33.0762,2.8308],[33.0691,2.8294],[33.0624,2.8329],[33.0593,2.8479],[33.0521,2.8429],[33.0458,2.8491],[33.0359,2.8381],[33.034,2.8474],[33.026,2.8485],[33.0228,2.8475],[33.02,2.8398],[33.0233,2.836],[33.0302,2.8372],[33.0306,2.8336],[33.0414,2.8329],[33.0529,2.8217],[33.0447,2.8176],[33.0363,2.805],[33.0129,2.7322],[33.0247,2.7206],[33.0358,2.716],[33.0476,2.6899],[33.0562,2.686],[33.0664,2.6694],[33.0781,2.6676],[33.0903,2.6472],[33.0861,2.6367],[33.1006,2.5992],[33.1574,2.6191],[33.1833,2.5854],[33.2069,2.5986],[33.2136,2.5955],[33.2228,2.5968],[33.2403,2.5934],[33.2586,2.5975],[33.266,2.5951],[33.2913,2.5959],[33.2994,2.6073],[33.3149,2.6121],[33.3518,2.6079],[33.3956,2.5961],[33.4108,2.5953],[33.4289,2.6268],[33.4277,2.6323],[33.4317,2.6337],[33.4343,2.6284],[33.4375,2.6304],[33.4381,2.6272],[33.4413,2.6271],[33.4403,2.6214],[33.4352,2.6184],[33.437,2.6133],[33.444,2.612],[33.4423,2.6084],[33.4445,2.608],[33.446,2.5961],[33.4438,2.5909],[33.4542,2.5909],[33.46,2.5963],[33.4662,2.5935],[33.4692,2.5966],[33.4716,2.5945],[33.4769,2.5966],[33.4801,2.5903],[33.4844,2.5933],[33.4888,2.5905],[33.4948,2.5925],[33.4967,2.589],[33.5031,2.5877],[33.5073,2.5933],[33.516,2.5945],[33.5231,2.6044],[33.533,2.6038]]]},"properties":{"name":"Agago District","id":"ztIyIYAzFKp"}},
{"type":"Feature","geometry":{"type":"Polygon","coordinates":[[[32.9886,1.728917320457291],[32.980623140152034,1.726166130305515],[32.97664128782425,1.73041913171307],[32.98060390045325,1.739363494303536],[32.97595818783379,1.758748540692573],[32.96892229059622,1.770498803940942],[32.96402883924637,1.789865146569061],[32.954570639114294,1.794818572159832],[32.951258913405894,1.80166355721122],[32.938157417910915,1.800858802948953],[32.929041360932075,1.790232511883787],[32.91883059174239,1.795967737742539],[32.90002761826805,1.785703022094543],[32.879899236134385,1.797258766111248],[32.87011618451154,1.791442155798926],[32.866078186940975,1.781955308152548],[32.859963208102535,1.78497491867538],[32.85697982499427,1.799963347752651],[32.84093962325342,1.806879717963369],[32.82460053734505,1.82932906395348],[32.81984087476638,1.831307942068075],[32.81556123991764,1.826533140828879],[32.80977684496923,1.8044435800987],[32.808815854651776,1.807741455980393],[32.80233771354367,1.810562909499655],[32.79947021702925,1.806919976896764],[32.80410740942626,1.788327983685536],[32.79331842614627,1.795973062085463],[32.790583718789044,1.793640842443688],[32.79462987913939,1.781894688423686],[32.78974405963215,1.769908901802886],[32.782678053553376,1.769616028698968],[32.77384010098188,1.763806408638276],[32.76921696037556,1.755709482757456],[32.77722450648028,1.752885766959083],[32.77742552824635,1.746997220494211],[32.78206814964619,1.744726081752177],[32.793999814752326,1.749919661804681],[32.79231951017726,1.73579910492856],[32.80610017568519,1.735484773894047],[32.80075821652284,1.730342592355817],[32.80207155904229,1.723666196816557],[32.79952192207499,1.720221498965427],[32.791613500951485,1.725058338801545],[32.78289134261822,1.725267987064683],[32.77508225400952,1.730714313572621],[32.76987683004837,1.724211606130301],[32.77061942835669,1.716978492723274],[32.764766442333055,1.731130920061767],[32.75402858911086,1.731871132651203],[32.74872902924287,1.73673327268363],[32.73172735971971,1.733794562477943],[32.727187739657765,1.71505730701476],[32.739340314339614,1.698177332200635],[32.73808101107571,1.692357588661745],[32.73364498755064,1.690528045750889],[32.72033902048309,1.704076496053596],[32.70741604419128,1.703109068096549],[32.707981663670296,1.685850932140669],[32.70391233131608,1.685917036316476],[32.696930198822564,1.692481328348232],[32.68663262592033,1.691131381535818],[32.67663464485529,1.675697091672715],[32.66270902495272,1.670919850623573],[32.64502175277364,1.652621857979414],[32.63755097156159,1.636240803950437],[32.62461995546597,1.63178698279448],[32.62029684882894,1.627057956894614],[32.634444838151076,1.631673170587424],[32.63621787112729,1.628543494986219],[32.6273784700584,1.615263347499333],[32.633151295381055,1.613404103514616],[32.64427116887389,1.618521358028381],[32.658555364953756,1.620304689300541],[32.66009180864483,1.612040157671696],[32.64236713124107,1.602955828911781],[32.6456400369834,1.595002614094886],[32.63968533155666,1.586519951446244],[32.634009888800605,1.583035266139634],[32.62261374998448,1.592070362297647],[32.617198440529535,1.603996749303903],[32.60578656968481,1.606195824341198],[32.59847463886017,1.601560339212036],[32.589269517250855,1.603950024275386],[32.58133165221175,1.601022266885029],[32.57236226354297,1.59242972202271],[32.576091816952584,1.584899721955967],[32.57767019999511,1.569119537713408],[32.60522273646022,1.558589685216401],[32.60237908960056,1.552852483228731],[32.586267004158074,1.546208866591195],[32.583230175282004,1.541753183342375],[32.583950758626585,1.533049537515116],[32.595399828874754,1.512876884409384],[32.591563319767914,1.500285254070832],[32.60229697869797,1.493524586886499],[32.62653284287015,1.490393493846772],[32.66974749066728,1.501894499277457],[32.68807054879998,1.49297307524089],[32.69661612277367,1.494509462369248],[32.706631868999715,1.508223173741012],[32.70675842281369,1.51349540673275],[32.717605690181884,1.519906470807094],[32.72617483636027,1.531674241888709],[32.73055108845724,1.532576404864263],[32.748502321981235,1.554853557880806],[32.757610767074645,1.557852068822038],[32.7559451120979,1.565009595503813],[32.76237451781694,1.573620131652564],[32.76893906314097,1.574985017442479],[32.76413239424793,1.578232126236866],[32.76911336848824,1.578966074864731],[32.77570338889966,1.589226579452302],[32.78534948864438,1.592080582342444],[32.79181148456238,1.599898298033551],[32.804033385175686,1.587566209820083],[32.814241826582276,1.588984740474452],[32.812981585390766,1.597629786355972],[32.805347179308875,1.598342670072848],[32.81200202985184,1.599705744717727],[32.82032547112153,1.610073735403746],[32.827265902484214,1.593617196892793],[32.816184590079764,1.585218171310709],[32.81394547278484,1.572759414710193],[32.80838835801912,1.571129282931234],[32.80113265688084,1.581773185398516],[32.79431551918432,1.582970703509419],[32.78557070094589,1.577340486629716],[32.783731412851346,1.56892698276958],[32.78875443851256,1.556418070449824],[32.786795773628015,1.553348615024213],[32.7787937117973,1.552097863110517],[32.77903401857531,1.542926309861756],[32.793988459813185,1.534284926646429],[32.80040285810522,1.536127490448499],[32.81167348997709,1.550952072037684],[32.82381150210964,1.54921521234945],[32.856032318372385,1.554870476744631],[32.87710050150588,1.567792102500824],[32.88346922448848,1.560874732808273],[32.89731937553287,1.557887328067715],[32.90316256147555,1.559105024778003],[32.91236325848008,1.57380464295227],[32.9250739819788,1.562618231700285],[32.93543270755874,1.565007331903941],[32.94676467073977,1.554816781651691],[32.95951310019454,1.55472178756916],[32.96350353971543,1.555380896015792],[32.964917363239806,1.563869214745322],[32.97180796458713,1.56448085645432],[32.971559002963225,1.568255775374072],[32.97104284542949,1.569517494593246],[32.96873502467761,1.576330227178662],[32.9649,1.6195],[32.9451,1.6422],[32.9965,1.6717],[32.9939,1.6864],[33,1.7123],[32.9917,1.7197],[32.9886,1.728917320457291]]]},"properties":{"name":"Amolatar District","id":"ZuQHWOaFQVM"}},
{"type":"Feature","geometry":{"type":"Polygon","coordinates":[[[34.7979,2.1229],[34.7972,2.114],[34.8022,2.1126],[34.802,2.1084],[34.8068,2.1072],[34.8071,2.1044],[34.8123,2.1047],[34.819,2.0914],[34.8389,2.0772],[34.8413,2.074],[34.8403,2.0671],[34.8452,2.0667],[34.8472,2.0597],[34.8531,2.0568],[34.8506,2.0543],[34.853,2.0489],[34.8548,2.0513],[34.8536,2.0447],[34.8578,2.0415],[34.8552,2.0386],[34.8574,2.0308],[34.8553,2.029],[34.8641,2.0229],[34.8655,2.015],[34.8698,2.0139],[34.8687,2.0088],[34.874,2.0041],[34.8729,1.9992],[34.8652,1.9969],[34.8284,1.9348],[34.8326,1.8831],[34.8278,1.8714],[34.8345,1.8676],[34.8327,1.8545],[34.8384,1.8556],[34.8417,1.8603],[34.8482,1.8565],[34.8505,1.8342],[34.8525,1.8307],[34.8587,1.8322],[34.8591,1.8237],[34.847,1.8144],[34.8501,1.8091],[34.8592,1.8105],[34.8609,1.8084],[34.8602,1.8036],[34.8532,1.8032],[34.8612,1.791],[34.8491,1.7773],[34.846,1.7784],[34.8475,1.7678],[34.8417,1.769],[34.8366,1.7626],[34.8238,1.7636],[34.8089,1.7541],[34.8349,1.7438],[34.8422,1.7377],[34.8469,1.7271],[34.8189,1.7128],[34.82,1.6874],[34.8161,1.6807],[34.8168,1.6671],[34.8081,1.6439],[34.8012,1.6436],[34.7911,1.6352],[34.7857,1.6358],[34.7747,1.6308],[34.7661,1.6236],[34.7618,1.6241],[34.7538,1.6157],[34.7405,1.6132],[34.7327,1.6052],[34.7322,1.5972],[34.7285,1.5946],[34.7248,1.5837],[34.7135,1.5842],[34.7072,1.5756],[34.6913,1.5688],[34.6721,1.5728],[34.6414,1.5733],[34.6309,1.577],[34.6232,1.5691],[34.6253,1.5558],[34.6307,1.5461],[34.6554,1.534],[34.6593,1.5237],[34.6709,1.5219],[34.6713,1.5251],[34.6755,1.524],[34.6805,1.5278],[34.6864,1.5246],[34.7,1.5242],[34.702,1.5013],[34.7116,1.4987],[34.7115,1.4784],[34.7232,1.4748],[34.7261,1.4696],[34.7201,1.467],[34.7222,1.4548],[34.7181,1.4482],[34.7232,1.4376],[34.7258,1.4398],[34.7346,1.4348],[34.7389,1.4247],[34.7421,1.4243],[34.7464,1.4169],[34.7493,1.4181],[34.755,1.4092],[34.759,1.4093],[34.7649,1.4013],[34.7776,1.3936],[34.7768,1.3823],[34.7875,1.3636],[34.8073,1.3811],[34.795,1.4119],[34.8016,1.4205],[34.8182,1.4289],[34.8318,1.4491],[34.845,1.4544],[34.8648,1.5256],[34.891,1.5526],[34.9074,1.5503],[34.9444,1.5739],[34.992,1.6617],[35.0011,1.7558],[35.001,1.9597],[34.9853,1.9825],[34.9808,2.0493],[34.9491,2.1941],[34.9349,2.2827],[34.9228,2.2856],[34.9181,2.2836],[34.9056,2.2689],[34.9019,2.2692],[34.8981,2.2747],[34.8875,2.2715],[34.8882,2.2645],[34.8818,2.2573],[34.8825,2.2527],[34.875,2.251],[34.8739,2.253],[34.8686,2.2491],[34.8693,2.2352],[34.866,2.2322],[34.8649,2.2344],[34.8642,2.2307],[34.862,2.2321],[34.8614,2.2269],[34.8574,2.2286],[34.8544,2.2228],[34.8522,2.2244],[34.8515,2.2205],[34.8467,2.2185],[34.8519,2.1994],[34.8474,2.1914],[34.845,2.1924],[34.8455,2.1879],[34.8304,2.1765],[34.8305,2.1603],[34.8227,2.1494],[34.825,2.1441],[34.8092,2.1305],[34.807,2.1233],[34.7979,2.1229]]]},"properties":{"name":"Amudat District","id":"a8RHFdF4DXL"}},
{"type":"Feature","geometry":{"type":"MultiPolygon","coordinates":[[[[33.43929239400042,1.89728441406494],[33.4395,1.8968],[33.43972985925203,1.897796056938537],[33.43929239400042,1.89728441406494]]],[[[33.7585,1.8133],[33.75278768078,1.816224638548432],[33.7531,1.8149],[33.7539,1.8143],[33.7585,1.8133]]],[[[33.766,1.8085],[33.7596,1.8127],[33.7607,1.8113],[33.7611,1.8109],[33.7626,1.8105],[33.7641,1.8092],[33.765,1.8088],[33.766,1.8085]]],[[[33.379690441635375,1.998641419612616],[33.40661820928666,1.985937044695957],[33.40957874365066,1.981190889560938],[33.409147576145116,1.96690667257817],[33.41735331890371,1.960860972763789],[33.4204957119675,1.986832028367596],[33.42316011853482,1.991252761346255],[33.42674184705908,1.989631862770368],[33.42203476176588,1.983644277187439],[33.4241623735452,1.963345468479464],[33.41656859914668,1.944108728968248],[33.430776727956676,1.915917661924931],[33.43566677544667,1.912919333348955],[33.43997167025944,1.933574096657117],[33.452361772594365,1.943157170663458],[33.45548847517229,1.943961347706777],[33.4534,1.9495],[33.4468,1.9595],[33.4471,1.9613],[33.4493,1.9665],[33.4507,1.9714],[33.4524,1.9748],[33.4533,1.9764],[33.4558,1.9786],[33.4568,1.9794],[33.4588,1.9804],[33.4604,1.9846],[33.4603,1.985],[33.4606,1.9858],[33.4606,1.9864],[33.4607,1.9875],[33.4604,1.9887],[33.4603,1.9891],[33.4603,1.9902],[33.4606,1.9922],[33.4607,1.9935],[33.4609,1.9946],[33.4606,1.9954],[33.4611,1.9971],[33.4634,1.9983],[33.4641,1.9997],[33.464,2.0003],[33.4642,2.0012],[33.4641,2.0018],[33.4653,2.002],[33.4662,2.002],[33.4668,2.0025],[33.4672,2.0024],[33.4676,2.0022],[33.4678,2.0028],[33.4682,2.0036],[33.4686,2.0042],[33.4695,2.005],[33.4711,2.0056],[33.4728,2.0063],[33.4736,2.0072],[33.474,2.0091],[33.4743,2.0096],[33.4754,2.0095],[33.476,2.0099],[33.4763,2.011],[33.477,2.0114],[33.478,2.0117],[33.4793,2.0118],[33.4801,2.0123],[33.4806,2.0127],[33.4808,2.013],[33.4816,2.0137],[33.4825,2.0142],[33.4843,2.0157],[33.4852,2.0159],[33.4859,2.016],[33.4871,2.016],[33.4878,2.016],[33.4881,2.0159],[33.4888,2.0162],[33.4903,2.0173],[33.4906,2.0175],[33.4918,2.0179],[33.4932,2.0175],[33.4934,2.0169],[33.4942,2.0168],[33.4951,2.0172],[33.4952,2.0171],[33.4953,2.017],[33.4954,2.0167],[33.4962,2.0162],[33.4965,2.0162],[33.4968,2.0158],[33.497,2.0157],[33.4972,2.0157],[33.4973,2.0156],[33.4973,2.0153],[33.4974,2.0152],[33.4975,2.0149],[33.4976,2.0148],[33.4977,2.0147],[33.4981,2.0148],[33.4982,2.0147],[33.4983,2.0146],[33.4995,2.0139],[33.5004,2.0131],[33.5007,2.0128],[33.5011,2.0125],[33.5015,2.0122],[33.5031,2.0119],[33.5038,2.0125],[33.5042,2.0128],[33.5046,2.0128],[33.5052,2.013],[33.5059,2.013],[33.5064,2.0132],[33.508,2.0145],[33.5089,2.015],[33.5092,2.0152],[33.5101,2.0156],[33.5107,2.0159],[33.5115,2.0162],[33.5119,2.0163],[33.5124,2.017],[33.5127,2.0173],[33.5131,2.0176],[33.5138,2.0177],[33.5139,2.0177],[33.5141,2.0181],[33.5143,2.0187],[33.515,2.0192],[33.5152,2.0194],[33.5155,2.0194],[33.5156,2.0193],[33.5157,2.0192],[33.5158,2.0189],[33.5162,2.0188],[33.5166,2.0188],[33.5169,2.019],[33.517,2.0192],[33.5171,2.0193],[33.5172,2.0193],[33.5174,2.0191],[33.5177,2.019],[33.518,2.0187],[33.5182,2.0183],[33.5183,2.0182],[33.5187,2.0182],[33.5192,2.0181],[33.5195,2.0182],[33.5198,2.0181],[33.5202,2.0182],[33.5203,2.0183],[33.5204,2.0184],[33.5207,2.0182],[33.5208,2.018],[33.5211,2.0178],[33.5214,2.0178],[33.5216,2.0179],[33.5219,2.0177],[33.5221,2.0177],[33.5224,2.0177],[33.5224,2.0178],[33.5225,2.0181],[33.5227,2.0182],[33.5229,2.0181],[33.5231,2.018],[33.5235,2.0184],[33.5236,2.0185],[33.5236,2.0186],[33.5237,2.0187],[33.5239,2.0187],[33.5242,2.019],[33.5245,2.0193],[33.5247,2.0194],[33.525,2.0196],[33.5253,2.0196],[33.5254,2.0196],[33.5258,2.0199],[33.5259,2.0199],[33.5263,2.02],[33.5273,2.0201],[33.5279,2.02],[33.5281,2.02],[33.5287,2.0199],[33.5293,2.0198],[33.5297,2.0196],[33.5302,2.0194],[33.5304,2.0193],[33.5307,2.0191],[33.5308,2.0191],[33.5311,2.0188],[33.5317,2.0185],[33.532,2.0182],[33.5321,2.018],[33.5323,2.0177],[33.5331,2.0166],[33.5338,2.0153],[33.5351,2.013],[33.5362,2.012],[33.5372,2.0114],[33.5381,2.0105],[33.5391,2.009],[33.54,2.0068],[33.5437,2.0023],[33.5467,1.9959],[33.5472,1.9939],[33.5473,1.9932],[33.5479,1.993],[33.549,1.9923],[33.55,1.9917],[33.5514,1.9906],[33.5521,1.9891],[33.5526,1.9868],[33.554,1.9859],[33.5545,1.986],[33.5568,1.9849],[33.5572,1.9849],[33.5588,1.9837],[33.5596,1.9818],[33.561,1.9805],[33.5612,1.9802],[33.5623,1.9787],[33.5627,1.9784],[33.5633,1.9778],[33.5635,1.9774],[33.5647,1.9762],[33.5653,1.9747],[33.566,1.9741],[33.5661,1.973],[33.5665,1.9727],[33.5674,1.9712],[33.5697,1.9692],[33.5716,1.9654],[33.5721,1.9619],[33.5729,1.96],[33.5744,1.9577],[33.5769,1.9557],[33.5779,1.9553],[33.58,1.9551],[33.5814,1.9552],[33.5843,1.9548],[33.5897,1.9504],[33.5913,1.9501],[33.5922,1.9502],[33.5935,1.9506],[33.5941,1.9508],[33.5959,1.9519],[33.5968,1.9524],[33.6006,1.9524],[33.6031,1.9511],[33.6056,1.9497],[33.6078,1.9481],[33.6085,1.9475],[33.6085,1.9474],[33.6085,1.9471],[33.6085,1.9469],[33.6087,1.9468],[33.6089,1.9467],[33.6092,1.9464],[33.6093,1.9463],[33.6094,1.9461],[33.6095,1.9457],[33.6098,1.9455],[33.6102,1.9454],[33.6104,1.9453],[33.6105,1.945],[33.611,1.9446],[33.6111,1.9445],[33.6114,1.9445],[33.6114,1.9443],[33.6116,1.9442],[33.6116,1.944],[33.612,1.9434],[33.6122,1.9433],[33.6123,1.9431],[33.6124,1.943],[33.6126,1.9428],[33.6127,1.9428],[33.6131,1.9426],[33.6134,1.9424],[33.6139,1.9425],[33.6141,1.9426],[33.6143,1.9425],[33.6145,1.9422],[33.6145,1.9419],[33.6147,1.9419],[33.615,1.942],[33.615,1.9422],[33.6152,1.9422],[33.6154,1.9421],[33.6158,1.9419],[33.616,1.9417],[33.6161,1.9416],[33.6166,1.9417],[33.6173,1.9416],[33.6177,1.9414],[33.6181,1.941],[33.6184,1.9407],[33.6185,1.9407],[33.6188,1.9408],[33.6191,1.9402],[33.619,1.94],[33.619,1.9399],[33.6193,1.9397],[33.6193,1.9393],[33.6194,1.9392],[33.6199,1.9391],[33.6203,1.939],[33.6209,1.9387],[33.621,1.9385],[33.6223,1.9381],[33.6226,1.9381],[33.6231,1.9383],[33.6233,1.9384],[33.6241,1.9385],[33.625,1.9387],[33.6273,1.9393],[33.6281,1.9389],[33.6286,1.9392],[33.63,1.939],[33.6322,1.9383],[33.6345,1.9372],[33.6352,1.937],[33.6374,1.937],[33.6392,1.9377],[33.6408,1.9372],[33.6413,1.9372],[33.6422,1.9373],[33.6425,1.9374],[33.6429,1.9373],[33.6438,1.937],[33.6439,1.9371],[33.644,1.9371],[33.6441,1.9371],[33.6444,1.9369],[33.645,1.9368],[33.6458,1.9364],[33.6458,1.9362],[33.646,1.9359],[33.6464,1.9356],[33.648,1.9337],[33.6498,1.9317],[33.6519,1.9289],[33.6528,1.9269],[33.6529,1.9267],[33.6537,1.9246],[33.6549,1.9228],[33.6567,1.9216],[33.6572,1.9214],[33.6575,1.9199],[33.6573,1.9182],[33.6563,1.9149],[33.6558,1.9114],[33.6566,1.9088],[33.6584,1.9044],[33.6597,1.9025],[33.6616,1.896],[33.6647,1.8914],[33.6681,1.8892],[33.6746,1.8853],[33.6821,1.8824],[33.6846,1.8818],[33.6865,1.8813],[33.6919,1.8773],[33.6928,1.8765],[33.6975,1.8724],[33.7015,1.8693],[33.7026,1.8681],[33.7058,1.8647],[33.7098,1.8604],[33.7133,1.8562],[33.7153,1.8528],[33.7165,1.851],[33.7194076991929,1.846583797068972],[33.72292120090808,1.846369927599214],[33.73562019845957,1.833294515598575],[33.742415099359576,1.832608686628451],[33.74548198859322,1.838003047864032],[33.75722347340718,1.829519880223763],[33.76283064998998,1.843883197379323],[33.764425337036144,1.827974960029049],[33.77023786241451,1.824435036163113],[33.78051683380742,1.807596681770568],[33.78223760573481,1.794993203247039],[33.79248866078232,1.780327729907671],[33.7891,1.7649],[33.7894,1.757],[33.7901,1.7548],[33.7917,1.752],[33.793,1.7491],[33.794,1.7446],[33.7969,1.7384],[33.7978,1.7372],[33.7991,1.7357],[33.8004,1.7351],[33.803,1.7351],[33.8049,1.7355],[33.8068,1.7354],[33.8075,1.7351],[33.809,1.7339],[33.8092,1.7329],[33.8084,1.7309],[33.8049,1.7233],[33.8066,1.7206],[33.8106,1.7153],[33.8154,1.7272],[33.8279,1.7383],[33.8582,1.7542],[33.8717,1.7711],[33.8712,1.7993],[33.8688,1.8037],[33.8719,1.8069],[33.8662,1.8062],[33.8713,1.8314],[33.8633,1.8355],[33.8542,1.851],[33.855,1.8556],[33.8471,1.8605],[33.85,1.8659],[33.8429,1.8706],[33.8474,1.8718],[33.8456,1.8853],[33.8519,1.8821],[33.8558,1.8835],[33.8575,1.8882],[33.8585,1.8806],[33.8642,1.8897],[33.8756,1.8972],[33.8783,1.896],[33.8809,1.9004],[33.8825,1.8969],[33.8956,1.9083],[33.8993,1.9081],[33.8909,1.9178],[33.8846,1.9203],[33.8843,1.9234],[33.891,1.9308],[33.8942,1.9304],[33.8882,1.9452],[33.8903,1.9526],[33.8955,1.9517],[33.8988,1.945],[33.9017,1.9452],[33.8978,1.9533],[33.8868,1.9636],[33.8872,1.9668],[33.8914,1.9659],[33.8944,1.9766],[33.8589,1.9788],[33.8506,1.9838],[33.8434,1.9933],[33.8356,2.0114],[33.8292,2.0166],[33.8221,2.0158],[33.8093,2.0221],[33.7981,2.0157],[33.7895,2.0143],[33.7876,2.0165],[33.7835,2.0128],[33.7786,1.9844],[33.7622,1.9845],[33.7558,1.9807],[33.7522,1.9885],[33.7314,2.0053],[33.7363,2.0215],[33.7437,2.0332],[33.7422,2.0431],[33.7348,2.0565],[33.7471,2.0567],[33.75,2.0617],[33.7482,2.0824],[33.7442,2.0933],[33.7226,2.0961],[33.7124,2.1046],[33.7073,2.1185],[33.7063,2.1367],[33.691,2.1551],[33.687,2.1662],[33.6759,2.1756],[33.6729,2.1999],[33.661,2.2222],[33.6462,2.2146],[33.6364,2.2021],[33.6344,2.1877],[33.6394,2.1809],[33.6288,2.1708],[33.6261,2.1603],[33.6104,2.1358],[33.5668,2.1673],[33.5652,2.1744],[33.5679,2.1815],[33.5584,2.1937],[33.5407,2.1987],[33.5346,2.2057],[33.521,2.2112],[33.5039,2.2293],[33.4895,2.2294],[33.4876,2.2325],[33.4723,2.235],[33.4615,2.2417],[33.4439,2.2461],[33.4407,2.239],[33.4424,2.2293],[33.4629,2.2118],[33.4748,2.2074],[33.4783,2.1986],[33.4787,2.1911],[33.4709,2.1786],[33.4669,2.1577],[33.4559,2.1443],[33.4551,2.1276],[33.4375,2.1111],[33.4158,2.1429],[33.4021,2.1234],[33.3871,2.1137],[33.3715,2.1099],[33.364,2.1033],[33.3476,2.0636],[33.3635,2.0421],[33.364,2.0279],[33.379690441635375,1.998641419612616]],[[33.75233095363913,1.925473786953494],[33.76306238464605,1.916856810786374],[33.781925613166926,1.93715790503656],[33.781983443648684,1.949267283023293],[33.79407157220813,1.954501117266073],[33.797026014784436,1.951587922333794],[33.786291507684126,1.944886547474431],[33.786830123524204,1.928432674942913],[33.77421426538207,1.918806642101641],[33.773488345600825,1.912761443586006],[33.78116315781067,1.893947718728314],[33.79337148036737,1.88770609976084],[33.80688161333554,1.865420185624589],[33.81347820673587,1.829062299221427],[33.82020520446098,1.811536553910609],[33.81863045002555,1.803271500518679],[33.80608371601426,1.810327046876411],[33.8021542996471,1.832997209496443],[33.78912101672813,1.853541376515662],[33.78779558648462,1.861415129577985],[33.79673748355543,1.856818374749274],[33.79886435929316,1.860671147713542],[33.79583004856975,1.868201344488815],[33.7763847214947,1.889273748146125],[33.7697496399593,1.906053255552046],[33.757832332376594,1.912725217098523],[33.746451878508715,1.929176663199533],[33.74712371245286,1.955479164169052],[33.75233095363913,1.925473786953494]]]]},"properties":{"name":"Amuria District","id":"TM6ccNxawqy"}},
{"type":"Feature","geometry":{"type":"MultiPolygon","coordinates":[[[[32.35432673973254,2.074400000010933],[32.352145876537634,2.053476627864696],[32.345687914912396,2.043312382860593],[32.346469408628195,2.024340834459613],[32.340265173969236,1.999773131894985],[32.3367,1.9905],[32.3391,1.9771],[32.3336,1.9675],[32.334499851785274,1.959150815364584],[32.35154382707409,1.957747872925724],[32.35407094158855,1.957752905916867],[32.35914401372778,1.956949550505833],[32.3633,1.9537],[32.363,1.9466],[32.353,1.9344],[32.3445,1.9291],[32.3424,1.9234],[32.3442,1.8956],[32.33940338602854,1.874587133105826],[32.340729019542344,1.87001294158493],[32.3436,1.8603],[32.3376,1.8519],[32.2999,1.8367],[32.2827,1.8387],[32.27592002709121,1.832363419190442],[32.276728170562826,1.826144126982082],[32.278,1.8137],[32.272,1.8067],[32.2684,1.8052],[32.2569,1.8027],[32.2354,1.7902],[32.2168,1.7934],[32.2063,1.7815],[32.1946,1.782],[32.1756043049389,1.777727089013845],[32.172591837452366,1.777800000010806],[32.1655,1.7765],[32.1534,1.7627],[32.1332,1.7498],[32.1242,1.7448],[32.11605933730525,1.742519917471459],[32.10699144759628,1.738898757836644],[32.101,1.7279],[32.095729975459285,1.699540294869926],[32.09862295696762,1.689110476406648],[32.1036183948827,1.683417984526007],[32.09354790426918,1.65834175558524],[32.0957829986464,1.650022063105491],[32.10028955940583,1.649181133890495],[32.113396262331584,1.654992983481213],[32.12861947414398,1.669892902868824],[32.16322366991916,1.680251588115993],[32.176327888826314,1.679929828435478],[32.19229720912994,1.684677379145231],[32.29082779465325,1.666807494526758],[32.32801888700744,1.653491563972701],[32.364988947201226,1.659576392054936],[32.39420437924987,1.687899608822922],[32.402656168766384,1.693581330519714],[32.41167617965128,1.695224678725422],[32.44676961529139,1.694661179314528],[32.49413421180893,1.668728883121314],[32.50826192304352,1.669112457296941],[32.51379401801383,1.663273778362937],[32.53194009354086,1.65881635751939],[32.548399322070125,1.663146063621201],[32.56430744659365,1.672555121471295],[32.566850028585336,1.681432467530864],[32.577025822768675,1.679321215785784],[32.5761,1.6895],[32.5708,1.6933],[32.5678,1.7027],[32.5682,1.7339],[32.5543,1.7456],[32.5557,1.7878],[32.5472,1.7927],[32.538,1.8144],[32.5377,1.8286],[32.5436,1.8358],[32.5268,1.8575],[32.5495,1.8756],[32.5726,1.8792],[32.6013,1.8913],[32.5955,1.9005],[32.6071,1.9038],[32.6359,1.9228],[32.6479,1.9245],[32.6574,1.9296],[32.6554,1.9464],[32.6579,1.9585],[32.6546,1.9727],[32.6627,2.0216],[32.6512,2.0287],[32.6385,2.0225],[32.6209,2.0235],[32.6186,2.0294],[32.6225,2.0382],[32.6153,2.0514],[32.6172,2.0645],[32.6061,2.0659],[32.5956,2.0746],[32.6012,2.0923],[32.5969,2.1181],[32.6205,2.1249],[32.6247,2.1446],[32.6264,2.1622],[32.6329,2.1714],[32.6182,2.1738],[32.6061,2.1938],[32.5959,2.1992],[32.5941,2.2091],[32.5802,2.2119],[32.5768,2.2186],[32.5692,2.2194],[32.5658,2.2156],[32.5627,2.1989],[32.5576,2.1916],[32.5525,2.1583],[32.5082,2.1083],[32.4996,2.1054],[32.4867,2.1086],[32.4799,2.1054],[32.46,2.0843],[32.4357,2.0761],[32.4078,2.072],[32.35432673973254,2.074400000010933]]],[[[32.1863908996664,1.671322807300642],[32.18294843872503,1.674641098353165],[32.17933076099157,1.672151825053109],[32.1863908996664,1.671322807300642]]]]},"properties":{"name":"Apac District","id":"JyZJhGXKeEq"}},
{"type":"Feature","geometry":{"type":"Polygon","coordinates":[[[31.018,3.044],[31.0138,3.0519],[31.0105,3.0509],[31.0017,3.0598],[31.0045,3.0678],[30.9995,3.0821],[30.9933,3.0857],[30.9812,3.0849],[30.9807,3.0852],[30.98,3.0853],[30.9694,3.0802],[30.9688,3.0798],[30.9685,3.0795],[30.968,3.0788],[30.9675,3.0784],[30.9673,3.0782],[30.9669,3.0782],[30.9584,3.0838],[30.9653,3.0998],[30.9501,3.0983],[30.9494,3.098],[30.9293,3.1134],[30.9335,3.1215],[30.9334,3.1214],[30.933,3.1211],[30.9309,3.1208],[30.9303,3.1211],[30.9293,3.1215],[30.9287,3.1215],[30.9274,3.1209],[30.9268,3.1207],[30.9266,3.1206],[30.926,3.1208],[30.925,3.1212],[30.9245,3.1214],[30.9227,3.1215],[30.9221,3.1213],[30.9214,3.1207],[30.9204,3.1206],[30.9198,3.1202],[30.9196,3.1204],[30.9192,3.1205],[30.9183,3.1204],[30.9179,3.1208],[30.917,3.1208],[30.9166,3.1209],[30.9163,3.1213],[30.916,3.1215],[30.9154,3.1217],[30.9137,3.122],[30.9123,3.1224],[30.9115,3.1232],[30.9105,3.1233],[30.9087,3.1234],[30.9081,3.1237],[30.907,3.1244],[30.9061,3.125],[30.9053,3.1252],[30.9042,3.1249],[30.9028,3.1248],[30.9014,3.1243],[30.899,3.1239],[30.8978,3.1239],[30.8953,3.1236],[30.8945,3.1235],[30.8901,3.1236],[30.8893,3.1236],[30.8879,3.1237],[30.8866,3.1239],[30.8851,3.1241],[30.8839,3.1242],[30.8837,3.1249],[30.8835,3.1262],[30.8834,3.1271],[30.8833,3.1278],[30.8831,3.1282],[30.8827,3.1288],[30.8807,3.1308],[30.8797,3.131],[30.8794,3.1311],[30.8785,3.1316],[30.8771,3.1318],[30.8768,3.132],[30.8759,3.1326],[30.8748,3.1333],[30.8747,3.1334],[30.8737,3.1346],[30.8724,3.1352],[30.8718,3.1347],[30.8712,3.1343],[30.8696,3.1337],[30.8687,3.1335],[30.868,3.1333],[30.8672,3.1332],[30.8641,3.1332],[30.8635,3.1332],[30.8624,3.1332],[30.8602,3.133],[30.8599,3.1329],[30.8587,3.1321],[30.8579,3.1311],[30.8572,3.1304],[30.8564,3.1297],[30.8554,3.1291],[30.8548,3.1288],[30.8521,3.1278],[30.8513,3.1273],[30.8502,3.1269],[30.85,3.1269],[30.8491,3.1265],[30.8483,3.1261],[30.8463,3.1257],[30.8461,3.1256],[30.8454,3.1251],[30.8437,3.1241],[30.8421,3.124],[30.841,3.1239],[30.8375,3.1219],[30.8341,3.1181],[30.8321,3.118],[30.8314,3.1182],[30.8306,3.1185],[30.8289,3.1185],[30.8277,3.1185],[30.8271,3.1185],[30.823,3.1183],[30.821,3.1186],[30.819,3.1204],[30.8192,3.1215],[30.8192,3.122],[30.8198,3.1241],[30.8205,3.1268],[30.8199,3.1286],[30.8189,3.1298],[30.818,3.1301],[30.816,3.1313],[30.8155,3.1314],[30.8139,3.1315],[30.8125,3.1325],[30.8106,3.132],[30.8067,3.1325],[30.8029,3.1332],[30.8002,3.1017],[30.7942,3.0927],[30.7951,3.0666],[30.7912,3.0609],[30.775,3.0567],[30.7687,3.0494],[30.7696,3.0434],[30.7787,3.0341],[30.7785,3.0242],[30.7818,3.0199],[30.7925,3.0149],[30.8029,3.0044],[30.8093,3.0028],[30.8177,3.0058],[30.8248,3.0005],[30.8255,2.9871],[30.8332,2.9813],[30.839,2.9712],[30.8548,2.9608],[30.8646,2.9772],[30.8707,2.9706],[30.874,2.9733],[30.9016,2.9693],[30.916,2.9744],[30.9327,2.9746],[30.9396,2.9801],[30.9453,2.9807],[30.9472,2.977],[30.9513,2.9767],[30.9538,2.9808],[30.9587,2.9768],[30.9647,2.9806],[30.9682,2.9787],[30.9809,2.9882],[31.0025,2.9961],[31.0038,2.9994],[31.0169,3.0015],[31.0183,3.0047],[31.0264,3.0049],[31.0323,2.9971],[31.0373,2.9971],[31.0394,2.9924],[31.0762,3.0005],[31.0771,3.0036],[31.0925,3.0108],[31.094,3.0151],[31.096,3.0131],[31.1028,3.0153],[31.1068,3.0235],[31.1113,3.0238],[31.1157,3.0214],[31.116,3.0178],[31.1246,3.015],[31.1165,3.0343],[31.1079,3.032],[31.0952,3.0381],[31.0928,3.0366],[31.0856,3.0402],[31.0882,3.0429],[31.0863,3.0459],[31.0775,3.0368],[31.0719,3.0426],[31.0725,3.048],[31.0675,3.0502],[31.0672,3.0502],[31.0532,3.0435],[31.053,3.0434],[31.051,3.0433],[31.0508,3.0433],[31.0505,3.0433],[31.0501,3.0432],[31.0341,3.0387],[31.0318,3.0406],[31.0315,3.0408],[31.0276,3.0439],[31.0262,3.0399],[31.0261,3.0397],[31.0242,3.0394],[31.024,3.0397],[31.0221,3.0435],[31.0206,3.0407],[31.0181,3.0437],[31.018,3.044]]]},"properties":{"name":"Arua City","id":"iQTVPmAJPkr"}},
{"type":"Feature","geometry":{"type":"Polygon","coordinates":[[[30.8669,2.6743],[30.8673,2.6739],[30.8674,2.6739],[30.868,2.674],[30.8682,2.6743],[30.8686,2.6747],[30.8687,2.6747],[30.8689,2.6747],[30.87,2.6739],[30.8704,2.6736],[30.8711,2.6733],[30.8715,2.6732],[30.8717,2.6734],[30.8732,2.6742],[30.8735,2.6742],[30.8737,2.674],[30.8739,2.6737],[30.8743,2.6736],[30.875,2.6732],[30.8751,2.6729],[30.8751,2.6727],[30.875,2.6725],[30.8749,2.6724],[30.8749,2.672],[30.8753,2.6718],[30.8763,2.6717],[30.8765,2.6713],[30.8767,2.6717],[30.8776,2.6717],[30.8779,2.6715],[30.8782,2.6714],[30.879,2.6709],[30.8794,2.6706],[30.8796,2.6702],[30.8798,2.6701],[30.8802,2.67],[30.8802,2.6704],[30.8802,2.6705],[30.8803,2.6706],[30.8804,2.6708],[30.8816,2.6704],[30.8819,2.6703],[30.8822,2.6703],[30.8835,2.6716],[30.884,2.6722],[30.8843,2.6725],[30.8849,2.673],[30.8852,2.6726],[30.8853,2.6727],[30.8854,2.6729],[30.8861,2.6729],[30.8864,2.6726],[30.8865,2.6722],[30.8867,2.672],[30.8868,2.6717],[30.8869,2.6715],[30.8874,2.6706],[30.8875,2.67],[30.8874,2.6696],[30.8873,2.6695],[30.8873,2.6692],[30.8877,2.6683],[30.8886,2.6679],[30.8889,2.6679],[30.8893,2.6676],[30.8895,2.6676],[30.8904,2.6677],[30.8906,2.6679],[30.8908,2.6686],[30.8909,2.669],[30.8911,2.6697],[30.8911,2.6701],[30.8913,2.6703],[30.8918,2.6701],[30.8918,2.6698],[30.8923,2.6693],[30.8929,2.6699],[30.894,2.6703],[30.8944,2.6706],[30.8952,2.671],[30.8955,2.6716],[30.8955,2.6718],[30.8957,2.6723],[30.8958,2.6725],[30.8958,2.6727],[30.8959,2.6729],[30.8965,2.673],[30.8974,2.6724],[30.8976,2.672],[30.8971,2.6719],[30.8971,2.6716],[30.8974,2.6712],[30.8978,2.6709],[30.8985,2.6706],[30.8998,2.6698],[30.9005,2.6694],[30.9011,2.6679],[30.9016,2.6673],[30.9026,2.6676],[30.9029,2.6682],[30.9036,2.6687],[30.9041,2.6692],[30.9049,2.6688],[30.9057,2.6685],[30.9059,2.6687],[30.9059,2.6691],[30.9061,2.6695],[30.9072,2.6701],[30.9078,2.6698],[30.908,2.6698],[30.9082,2.67],[30.9094,2.6709],[30.9119,2.6703],[30.912,2.6707],[30.9115,2.6717],[30.9112,2.6724],[30.9113,2.6728],[30.9116,2.6732],[30.912,2.6735],[30.9139,2.6749],[30.9139,2.6752],[30.9141,2.6754],[30.914,2.676],[30.9138,2.6766],[30.9138,2.6768],[30.9137,2.6773],[30.9138,2.6779],[30.9141,2.6782],[30.9141,2.6783],[30.9136,2.6785],[30.9129,2.679],[30.9126,2.679],[30.9119,2.6795],[30.9121,2.6796],[30.9122,2.6797],[30.9123,2.6798],[30.9123,2.6799],[30.9123,2.6801],[30.912,2.6805],[30.9118,2.6806],[30.9117,2.6813],[30.9117,2.6815],[30.9119,2.682],[30.9122,2.6822],[30.9128,2.6831],[30.9129,2.6834],[30.9129,2.6836],[30.9126,2.6842],[30.9125,2.6855],[30.9129,2.6857],[30.9133,2.6862],[30.9139,2.6864],[30.915,2.6869],[30.9151,2.687],[30.9154,2.6876],[30.9149,2.6879],[30.9147,2.6879],[30.9146,2.6878],[30.9143,2.6873],[30.9138,2.6871],[30.9136,2.6871],[30.9133,2.6875],[30.9133,2.6876],[30.9145,2.6902],[30.9146,2.6906],[30.9142,2.6927],[30.9142,2.6928],[30.9144,2.6931],[30.9171,2.6938],[30.9182,2.6944],[30.9183,2.6945],[30.9185,2.6948],[30.9181,2.6962],[30.9187,2.6971],[30.9193,2.6977],[30.9196,2.6975],[30.9195,2.6973],[30.9196,2.6967],[30.9197,2.6964],[30.9201,2.6962],[30.9207,2.6961],[30.9211,2.6967],[30.9213,2.6971],[30.9217,2.6975],[30.9226,2.6976],[30.9234,2.6977],[30.9235,2.6979],[30.9234,2.6982],[30.9233,2.6987],[30.9232,2.6992],[30.9236,2.6997],[30.9245,2.7005],[30.9254,2.7017],[30.9263,2.7032],[30.9263,2.7034],[30.9303,2.7036],[30.9309,2.7033],[30.931,2.7025],[30.9308,2.7021],[30.9307,2.7018],[30.9309,2.7015],[30.9309,2.7012],[30.9312,2.6999],[30.9312,2.6995],[30.9313,2.6993],[30.9314,2.6991],[30.9314,2.6989],[30.931,2.6986],[30.9307,2.6986],[30.9306,2.6982],[30.9304,2.6981],[30.9304,2.6979],[30.9307,2.6969],[30.931,2.6968],[30.9331,2.6971],[30.9333,2.6974],[30.9327,2.6978],[30.9323,2.698],[30.9322,2.6985],[30.9324,2.6989],[30.933,2.6992],[30.9333,2.6997],[30.9337,2.6999],[30.9339,2.7],[30.9344,2.7006],[30.9346,2.7008],[30.9345,2.7014],[30.9347,2.7017],[30.935,2.702],[30.9351,2.7022],[30.9356,2.7026],[30.936,2.7031],[30.9369,2.7041],[30.9377,2.7048],[30.9381,2.7048],[30.9381,2.7043],[30.9376,2.7033],[30.937,2.7027],[30.9369,2.7022],[30.9374,2.7018],[30.9372,2.7005],[30.9368,2.6999],[30.9368,2.6996],[30.9375,2.6985],[30.9376,2.6982],[30.9376,2.6976],[30.9376,2.6975],[30.9375,2.6973],[30.9374,2.697],[30.9373,2.6963],[30.9377,2.6959],[30.9381,2.6959],[30.9394,2.6959],[30.9404,2.6947],[30.9407,2.6942],[30.9408,2.694],[30.9406,2.6936],[30.9402,2.6933],[30.9391,2.6935],[30.9383,2.6935],[30.9383,2.6933],[30.9389,2.693],[30.9396,2.6928],[30.9403,2.692],[30.9405,2.6918],[30.9411,2.6916],[30.9415,2.6918],[30.9419,2.6921],[30.9426,2.6925],[30.943,2.6925],[30.9433,2.6925],[30.9437,2.6929],[30.9443,2.6928],[30.9448,2.6925],[30.9452,2.6924],[30.9454,2.6924],[30.9459,2.6925],[30.9462,2.6925],[30.9458,2.694],[30.9457,2.6944],[30.9458,2.6947],[30.9459,2.6948],[30.9466,2.6948],[30.9468,2.6951],[30.9469,2.6954],[30.9471,2.696],[30.9471,2.6963],[30.947,2.6965],[30.9468,2.6969],[30.9468,2.6975],[30.9469,2.6977],[30.947,2.698],[30.9469,2.6982],[30.947,2.6984],[30.947,2.6992],[30.9474,2.6996],[30.9485,2.6997],[30.9491,2.6998],[30.9496,2.7],[30.9499,2.7004],[30.9502,2.7012],[30.9501,2.7015],[30.9497,2.7021],[30.9495,2.7023],[30.9493,2.7026],[30.9493,2.703],[30.9493,2.7034],[30.9493,2.7039],[30.9505,2.7054],[30.951,2.7059],[30.9512,2.7066],[30.9513,2.707],[30.9515,2.7076],[30.9513,2.7081],[30.951,2.7084],[30.9506,2.7088],[30.9504,2.7091],[30.9503,2.7092],[30.9503,2.7093],[30.9504,2.7095],[30.9507,2.7097],[30.9514,2.7101],[30.952,2.7109],[30.9523,2.711],[30.9533,2.7112],[30.9549,2.7109],[30.9555,2.7109],[30.9563,2.7113],[30.9573,2.7118],[30.9577,2.7115],[30.9583,2.7113],[30.9585,2.711],[30.9585,2.7107],[30.9587,2.71],[30.9592,2.7089],[30.9593,2.7088],[30.9595,2.7078],[30.9599,2.7073],[30.9601,2.7069],[30.9604,2.7065],[30.9608,2.7058],[30.9621,2.7048],[30.9623,2.7045],[30.9624,2.7037],[30.9624,2.7031],[30.9625,2.7028],[30.9632,2.7025],[30.9635,2.7025],[30.9639,2.7026],[30.9647,2.7021],[30.9644,2.7012],[30.9643,2.7008],[30.9649,2.7],[30.9653,2.6992],[30.9656,2.6988],[30.9658,2.6985],[30.966,2.6983],[30.9683,2.6955],[30.969,2.6951],[30.97,2.6945],[30.971,2.6942],[30.9719,2.694],[30.9739,2.6923],[30.9742,2.692],[30.9745,2.6914],[30.9741,2.6903],[30.974,2.6897],[30.9742,2.6893],[30.9758,2.6882],[30.9763,2.6879],[30.9767,2.6878],[30.9767,2.6881],[30.9794,2.7],[30.9806,2.7035],[30.9811,2.7049],[30.9828,2.7083],[30.9841,2.7102],[30.9846,2.7111],[30.9876,2.7159],[30.9884,2.7172],[30.9907,2.7229],[30.9908,2.7233],[30.9918,2.7255],[30.9929,2.7276],[30.9937,2.7287],[30.9948,2.7304],[30.9959,2.7319],[30.9985,2.7352],[31,2.7367],[31.0054,2.7421],[31.0084,2.7453],[31.0085,2.7454],[31.0142,2.7511],[31.0148,2.7605],[31.0149,2.7616],[31.015,2.7647],[31.0148,2.7674],[31.0147,2.77],[31.0148,2.7711],[31.0147,2.7724],[31.0138,2.774],[31.0115,2.7778],[31.0102,2.7811],[31.0095,2.782],[31.0079,2.785],[31.0072,2.788],[31.0087,2.791],[31.0091,2.7919],[31.0094,2.7927],[31.0078,2.7966],[31.0061,2.7985],[31.0062,2.8006],[31.0074,2.8021],[31.008,2.8027],[31.0087,2.8038],[31.0094,2.8061],[31.0102,2.8067],[31.0127,2.8081],[31.0155,2.808],[31.016,2.809],[31.0161,2.8096],[31.0161,2.8111],[31.0162,2.8129],[31.0171,2.8163],[31.0183,2.8206],[31.0185,2.8211],[31.019,2.8222],[31.0219,2.8235],[31.0233,2.8239],[31.0298,2.8269],[31.0306,2.8277],[31.0312,2.8284],[31.0325,2.8305],[31.0365,2.8351],[31.0381,2.8364],[31.041,2.8381],[31.0428,2.8385],[31.0508,2.8378],[31.0509,2.8378],[31.0577,2.8342],[31.0599,2.8334],[31.0633,2.8321],[31.0656,2.8314],[31.0681,2.8307],[31.0704,2.83],[31.0795,2.8293],[31.0815,2.8297],[31.0871,2.8316],[31.0902,2.8334],[31.0924,2.8349],[31.0953,2.8374],[31.0977,2.8398],[31.0987,2.8413],[31.1004,2.8438],[31.1018,2.8464],[31.1039,2.8529],[31.104,2.8549],[31.1041,2.8599],[31.1041,2.8612],[31.1038,2.8632],[31.1031,2.8663],[31.0999,2.8778],[31.0978,2.883],[31.0962,2.8877],[31.0969,2.8889],[31.1006,2.8951],[31.1041,2.9027],[31.11,2.9114],[31.1102,2.9118],[31.1119,2.9119],[31.114,2.9126],[31.1202,2.9092],[31.1215,2.9091],[31.1273,2.9093],[31.1284,2.9112],[31.1305,2.9146],[31.1308,2.9157],[31.1323,2.9187],[31.1319,2.9194],[31.1316,2.9197],[31.1321,2.9209],[31.1323,2.9223],[31.1329,2.9232],[31.1336,2.927],[31.134,2.9275],[31.1344,2.9281],[31.1345,2.9301],[31.1346,2.9305],[31.1348,2.9312],[31.1376,2.9332],[31.1397,2.9363],[31.142,2.9395],[31.1451,2.9443],[31.1497,2.95],[31.1507,2.9504],[31.1511,2.951],[31.1518,2.9519],[31.153,2.953],[31.1536,2.9534],[31.1549,2.9545],[31.1552,2.9548],[31.1553,2.9559],[31.1562,2.9565],[31.1569,2.9567],[31.1578,2.9585],[31.1579,2.9597],[31.1585,2.9603],[31.1604,2.9623],[31.1606,2.9626],[31.1602,2.9639],[31.1598,2.9643],[31.1606,2.966],[31.1609,2.9664],[31.1614,2.9674],[31.1617,2.9677],[31.1624,2.9675],[31.1641,2.9694],[31.1663,2.971],[31.1664,2.9719],[31.1675,2.9718],[31.1681,2.9724],[31.1683,2.9725],[31.1737,2.9748],[31.1774,2.9768],[31.1786,2.9809],[31.1811,2.9865],[31.1816,2.9875],[31.1816,2.9901],[31.1806,2.9917],[31.1813,2.9931],[31.1819,2.994],[31.1839,2.9951],[31.1865,2.9954],[31.1881,2.9962],[31.1893,2.9954],[31.192,2.9947],[31.1929,2.9945],[31.1948,2.9951],[31.1961,2.9954],[31.1982,2.9955],[31.2005,2.9958],[31.2039,2.9967],[31.2033,2.9996],[31.2013,3.0011],[31.1995,3.0013],[31.1981,3.0005],[31.1976,3.0001],[31.1973,2.9992],[31.1961,3.0021],[31.1958,3.0025],[31.1946,3.0026],[31.1947,3.0014],[31.1933,3.0015],[31.1929,3.0028],[31.1901,3.0038],[31.1873,3.0039],[31.1858,3.0045],[31.183,3.0056],[31.1813,3.0061],[31.1805,3.0048],[31.1778,3.0038],[31.1759,3.0041],[31.1752,3.0045],[31.1736,3.0046],[31.1718,3.005],[31.1708,3.0053],[31.1695,3.0044],[31.1677,3.0062],[31.1662,3.007],[31.1653,3.0075],[31.1642,3.0111],[31.1563,3.0096],[31.1487,3.0129],[31.1478,3.0091],[31.1427,3.0139],[31.1337,3.0116],[31.1328,3.0144],[31.1246,3.015],[31.116,3.0178],[31.1157,3.0214],[31.1113,3.0238],[31.1068,3.0235],[31.1028,3.0153],[31.096,3.0131],[31.094,3.0151],[31.0925,3.0108],[31.0771,3.0036],[31.0762,3.0005],[31.0394,2.9924],[31.0373,2.9971],[31.0323,2.9971],[31.0264,3.0049],[31.0183,3.0047],[31.0169,3.0015],[31.0038,2.9994],[31.0025,2.9961],[30.9809,2.9882],[30.9682,2.9787],[30.9647,2.9806],[30.9587,2.9768],[30.9538,2.9808],[30.9513,2.9767],[30.9472,2.977],[30.9453,2.9807],[30.9396,2.9801],[30.9327,2.9746],[30.916,2.9744],[30.9016,2.9693],[30.874,2.9733],[30.8707,2.9706],[30.8646,2.9772],[30.8548,2.9608],[30.8587,2.9592],[30.8541,2.9488],[30.8552,2.9385],[30.8614,2.9312],[30.8582,2.9258],[30.8676,2.9196],[30.8661,2.9121],[30.8706,2.908],[30.87,2.9014],[30.8756,2.8993],[30.8751,2.8885],[30.8847,2.8826],[30.8887,2.8759],[30.8909,2.8558],[30.8847,2.8354],[30.8858,2.8147],[30.8626,2.7823],[30.86,2.7711],[30.8479,2.7672],[30.8449,2.7625],[30.8421,2.7656],[30.8381,2.7646],[30.8367,2.7543],[30.8324,2.7497],[30.8235,2.7473],[30.8228,2.7349],[30.8273,2.7267],[30.8241,2.7246],[30.8226,2.7173],[30.809,2.7062],[30.8079,2.7013],[30.8114,2.6924],[30.8073,2.687],[30.8057,2.6754],[30.7981,2.6687],[30.7985,2.6579],[30.7924,2.6446],[30.7929,2.6447],[30.7943,2.645],[30.7947,2.6451],[30.7964,2.6457],[30.7967,2.6459],[30.7973,2.647],[30.7973,2.6472],[30.7979,2.6492],[30.7981,2.6502],[30.7991,2.651],[30.8002,2.652],[30.8009,2.652],[30.8017,2.6522],[30.8031,2.6525],[30.8036,2.6522],[30.8042,2.6521],[30.8047,2.6522],[30.8049,2.6524],[30.8059,2.653],[30.8068,2.653],[30.8074,2.6528],[30.8078,2.6528],[30.8085,2.6529],[30.8087,2.6529],[30.8094,2.653],[30.8101,2.653],[30.8106,2.653],[30.811,2.6534],[30.8115,2.6534],[30.8129,2.6539],[30.8134,2.6543],[30.814,2.6544],[30.815,2.6551],[30.816,2.6566],[30.8163,2.6572],[30.8164,2.6574],[30.8168,2.6578],[30.8183,2.659],[30.8189,2.6594],[30.8207,2.6598],[30.8211,2.66],[30.8215,2.66],[30.8225,2.6597],[30.8233,2.6593],[30.8244,2.6589],[30.8253,2.6586],[30.8258,2.6585],[30.8268,2.6586],[30.8283,2.6595],[30.8293,2.6599],[30.8298,2.6599],[30.8301,2.6599],[30.8306,2.66],[30.8314,2.66],[30.8319,2.6603],[30.8325,2.6607],[30.8332,2.6611],[30.8339,2.6613],[30.8346,2.6611],[30.8351,2.6607],[30.8357,2.6608],[30.8384,2.6618],[30.8392,2.6624],[30.8399,2.6625],[30.8414,2.6634],[30.8421,2.6646],[30.8423,2.6648],[30.843,2.6654],[30.8432,2.6658],[30.8432,2.6664],[30.8434,2.6668],[30.8434,2.667],[30.8441,2.667],[30.8442,2.6671],[30.8447,2.6676],[30.8446,2.668],[30.8453,2.6688],[30.8456,2.6697],[30.8461,2.6697],[30.8464,2.6693],[30.8469,2.6695],[30.8476,2.67],[30.8476,2.6702],[30.8493,2.6718],[30.8499,2.6716],[30.8498,2.6708],[30.8519,2.6701],[30.8528,2.6695],[30.8531,2.6699],[30.8528,2.6703],[30.8528,2.6705],[30.8528,2.6707],[30.8531,2.6711],[30.8536,2.6713],[30.8542,2.6713],[30.8543,2.6713],[30.8549,2.6718],[30.8552,2.6718],[30.8563,2.6722],[30.8569,2.6728],[30.8568,2.673],[30.857,2.6732],[30.8571,2.6734],[30.8571,2.6736],[30.8571,2.674],[30.8572,2.6741],[30.8574,2.6743],[30.8576,2.6748],[30.8583,2.675],[30.8584,2.6749],[30.8585,2.6747],[30.8584,2.6731],[30.8587,2.6731],[30.8591,2.6731],[30.8597,2.6729],[30.8601,2.6725],[30.8606,2.672],[30.8612,2.6716],[30.8615,2.6719],[30.8615,2.6722],[30.8614,2.6725],[30.8617,2.6729],[30.863,2.6732],[30.8633,2.6731],[30.8645,2.6737],[30.8653,2.6747],[30.8656,2.6748],[30.8662,2.6749],[30.8665,2.6749],[30.8668,2.6746],[30.8669,2.6743]]]},"properties":{"name":"Arua District","id":"WcB3kLlgRTb"}},
{"type":"Feature","geometry":{"type":"Polygon","coordinates":[[[33.874419399829705,0.985579781792928],[33.87197189903374,0.977782057441997],[33.873650181492785,0.968898221124015],[33.89443192980256,0.968874670499184],[33.88428658179428,0.954919058455878],[33.89316251220145,0.953686467848189],[33.91317574446271,0.960266766194408],[33.91408519460967,0.952125004593267],[33.91850666587952,0.949826107538375],[33.92662628950191,0.952112588621761],[33.932030001367934,0.95778301717806],[33.93944631456146,0.955591831351205],[33.94228261788837,0.967350923606981],[33.95580504432973,0.963801076522822],[33.96291602621346,0.970565470056768],[33.970611334013746,0.966085495046955],[33.978153407105374,0.97188177912824],[33.99015037333914,0.972864266648599],[33.98792169306531,0.984443719814941],[34.00607878038607,0.999418237692681],[34.02004765029836,1.000447650304286],[34.0318,1.0064],[34.0481,1.0222],[34.0516,1.034],[34.0643,1.0375],[34.0699,1.0356],[34.0763,1.0411],[34.0812,1.0404],[34.082,1.0419],[34.0822,1.0422],[34.0825,1.0427],[34.0832,1.044],[34.0835,1.0448],[34.084,1.0452],[34.0844,1.0459],[34.086,1.0464],[34.0879,1.047],[34.0894,1.0478],[34.0905,1.0482],[34.0926,1.0488],[34.0948,1.0493],[34.0979,1.0497],[34.1,1.0498],[34.1009,1.0496],[34.103,1.0497],[34.1034,1.0498],[34.1046,1.0506],[34.1054,1.0514],[34.1059,1.0521],[34.1066,1.053],[34.1073,1.0543],[34.1081,1.0558],[34.1084,1.0563],[34.1088,1.0568],[34.109,1.057],[34.11,1.0577],[34.1112,1.0597],[34.1118,1.0608],[34.1124,1.0617],[34.1121,1.0628],[34.1121,1.0644],[34.1131,1.0654],[34.1143,1.0661],[34.1155,1.0683],[34.1192,1.0686],[34.1205,1.0691],[34.1211,1.0701],[34.1221,1.0712],[34.1242,1.0736],[34.1248,1.0744],[34.121,1.0827],[34.1169,1.1112],[34.1126,1.119],[34.0973,1.1267],[34.0842,1.1229],[34.073,1.1264],[34.0454,1.1522],[34.0365,1.1542],[34.0314,1.151],[34.0137,1.15],[34.0067,1.1521],[33.9967,1.1613],[33.9934,1.1824],[33.9717,1.1933],[33.963,1.1601],[33.9322,1.1654],[33.9283,1.1549],[33.9333,1.1361],[33.9258,1.1183],[33.9279,1.1046],[33.9241,1.1031],[33.9167,1.0877],[33.8976,1.0634],[33.9277,1.0639],[33.9373,1.0507],[33.9209,1.0339],[33.9128,1.0189],[33.9,1.011],[33.8864,0.9903],[33.874419399829705,0.985579781792928]]]},"properties":{"name":"Budaka District","id":"kb7iUQISRlx"}},
{"type":"Feature","geometry":{"type":"Polygon","coordinates":[[[34.5264,1.1191],[34.5249,1.1156],[34.5054,1.1076],[34.4924,1.0952],[34.4834,1.0909],[34.4788,1.092],[34.4718,1.1015],[34.4607,1.0998],[34.4537,1.1034],[34.4425,1.1011],[34.4299,1.1044],[34.4236,1.1029],[34.4153,1.1068],[34.3983,1.1019],[34.3856,1.1064],[34.3762,1.1028],[34.3729,1.0848],[34.3505,1.0895],[34.3369,1.0874],[34.337,1.0871],[34.3376,1.085],[34.3383,1.0831],[34.3387,1.0816],[34.3387,1.0792],[34.3364,1.0795],[34.334,1.0792],[34.3322,1.0783],[34.3317,1.0781],[34.3313,1.0782],[34.3302,1.0792],[34.3293,1.0798],[34.328,1.08],[34.3269,1.0799],[34.324,1.0783],[34.3228,1.0773],[34.319,1.0724],[34.3179,1.0721],[34.3158,1.0713],[34.3149,1.0698],[34.3144,1.0682],[34.3134,1.0668],[34.313,1.0655],[34.3123,1.0629],[34.3116,1.0601],[34.3107,1.0594],[34.3092,1.0586],[34.3078,1.0553],[34.3079,1.0544],[34.3093,1.0533],[34.3107,1.0516],[34.3102,1.0473],[34.3091,1.0462],[34.3062,1.0439],[34.3045,1.0423],[34.3038,1.0414],[34.3029,1.0403],[34.302,1.0388],[34.3002,1.0373],[34.2996,1.0364],[34.2984,1.0351],[34.294,1.0311],[34.29,1.0279],[34.2895,1.0271],[34.2894,1.0263],[34.2893,1.0258],[34.2888,1.0244],[34.2885,1.0239],[34.2885,1.023],[34.2886,1.0227],[34.2888,1.0224],[34.289,1.0214],[34.2888,1.0209],[34.2876,1.0202],[34.2866,1.0192],[34.2864,1.0185],[34.2863,1.0183],[34.2856,1.0176],[34.2854,1.0173],[34.2853,1.017],[34.2849,1.0163],[34.2846,1.0161],[34.2839,1.0149],[34.2836,1.0144],[34.2831,1.014],[34.2829,1.0139],[34.2824,1.0134],[34.282,1.0133],[34.2818,1.0133],[34.2815,1.0131],[34.2812,1.0129],[34.2805,1.0117],[34.2802,1.0115],[34.2792,1.0117],[34.278,1.011],[34.2778,1.01],[34.2776,1.0096],[34.2769,1.009],[34.2761,1.0083],[34.2759,1.0079],[34.2753,1.0074],[34.275,1.0069],[34.2747,1.0067],[34.2745,1.0061],[34.2741,1.0058],[34.274,1.0058],[34.2737,1.0052],[34.2735,1.0044],[34.2732,1.0028],[34.2732,1.0017],[34.2733,1.0011],[34.2734,1.0008],[34.2733,1.0005],[34.2721,0.9999],[34.2717,0.9993],[34.2719,0.9985],[34.2719,0.9982],[34.2718,0.9974],[34.2723,0.9965],[34.2723,0.9961],[34.272,0.9957],[34.272,0.9954],[34.2719,0.9953],[34.2719,0.9951],[34.272,0.9948],[34.2719,0.9945],[34.2719,0.9943],[34.2718,0.994],[34.2716,0.9938],[34.2714,0.9936],[34.2715,0.9928],[34.2719,0.9922],[34.2724,0.9917],[34.2738,0.9912],[34.2743,0.9906],[34.2744,0.9902],[34.2751,0.9892],[34.2753,0.9887],[34.2753,0.9884],[34.2756,0.9879],[34.2759,0.9874],[34.276,0.9873],[34.2761,0.9868],[34.2764,0.9864],[34.2767,0.986],[34.2777,0.9859],[34.2779,0.9857],[34.2779,0.9856],[34.2782,0.985],[34.2786,0.9842],[34.2792,0.9838],[34.2794,0.9834],[34.2794,0.9831],[34.2794,0.9829],[34.2796,0.9795],[34.2801,0.9791],[34.2802,0.9787],[34.2804,0.9777],[34.2803,0.9772],[34.2803,0.9771],[34.2803,0.9768],[34.2804,0.9763],[34.2804,0.9758],[34.2805,0.9742],[34.2812,0.9736],[34.2816,0.973],[34.2818,0.9726],[34.2819,0.9723],[34.2822,0.9713],[34.2826,0.9708],[34.2827,0.9706],[34.2828,0.9702],[34.2829,0.9698],[34.2831,0.9693],[34.2831,0.9691],[34.2825,0.9692],[34.282,0.9689],[34.2819,0.9686],[34.2819,0.9683],[34.2821,0.9679],[34.2822,0.9678],[34.2823,0.9678],[34.2824,0.9677],[34.2825,0.9673],[34.2827,0.9668],[34.2824,0.9662],[34.2827,0.9658],[34.2827,0.965],[34.2827,0.9647],[34.2834,0.9641],[34.2837,0.9636],[34.2838,0.9631],[34.284,0.9625],[34.2843,0.9625],[34.2909,0.9642],[34.2952,0.9698],[34.3022,0.9703],[34.3035,0.9822],[34.3091,0.9824],[34.3125,0.9928],[34.3218,0.9974],[34.3302,1.0072],[34.3344,1.0077],[34.3348,1.0049],[34.3462,0.9984],[34.3556,0.9989],[34.3563,0.9806],[34.3617,0.9719],[34.3707,0.9746],[34.397,0.9738],[34.4273,0.9603],[34.4373,0.9512],[34.4784,0.9334],[34.4901,0.9801],[34.4877,0.9978],[34.4894,1.015],[34.4997,1.0591],[34.5036,1.0682],[34.5143,1.0785],[34.523,1.0994],[34.527,1.1041],[34.5343,1.1036],[34.5378,1.1137],[34.5264,1.1191]]]},"properties":{"name":"Bududa District","id":"AhwgeZQYj16"}},
{"type":"Feature","geometry":{"type":"Polygon","coordinates":[[[33.567276646621735,0.801244525300981],[33.56058010778772,0.778519541355914],[33.56323789158008,0.755802525709098],[33.560290890771675,0.748793960786011],[33.5734,0.7405],[33.5712,0.7229],[33.5794,0.6939],[33.5681,0.6742],[33.558,0.6401],[33.5587,0.6227],[33.5508,0.5965],[33.5541,0.5838],[33.545,0.5727],[33.5477,0.5645],[33.5417,0.555],[33.5419,0.5426],[33.5459,0.5273],[33.558,0.5269],[33.5527,0.5167],[33.5463,0.512],[33.5474,0.5001],[33.5433,0.489],[33.5772,0.4618],[33.5719,0.4475],[33.5771,0.4441],[33.6099,0.4447],[33.6179,0.4424],[33.6137,0.4635],[33.6139,0.4828],[33.6231,0.4943],[33.6182,0.5284],[33.6421,0.5598],[33.6662,0.5775],[33.6718,0.5957],[33.6708,0.6144],[33.6733,0.6257],[33.6802,0.6371],[33.6769,0.6585],[33.6848,0.6637],[33.6815,0.6766],[33.6772,0.6802],[33.6697,0.6995],[33.6481,0.7175],[33.628,0.7211],[33.6402,0.7317],[33.6386,0.7429],[33.6436,0.758],[33.6429,0.7679],[33.6303,0.7865],[33.6068,0.7899],[33.5918,0.8011],[33.567276646621735,0.801244525300981]]]},"properties":{"name":"Bugweri District","id":"AIonX4LaJeU"}},
{"type":"Feature","geometry":{"type":"Polygon","coordinates":[[[30.3057,-0.4334],[30.3164,-0.4439],[30.3196,-0.4555],[30.3285,-0.4578],[30.3375,-0.4567],[30.3477,-0.4492],[30.3544,-0.4507],[30.3603,-0.4463],[30.3687,-0.4566],[30.3742,-0.4558],[30.3851,-0.4342],[30.3903,-0.4328],[30.3969,-0.4374],[30.4017,-0.429],[30.4137,-0.4332],[30.4199,-0.4285],[30.4315,-0.4258],[30.4369,-0.4256],[30.442,-0.43],[30.4445,-0.4301],[30.4524,-0.4293],[30.4547,-0.4292],[30.4565,-0.4293],[30.4572,-0.4292],[30.4567,-0.4283],[30.4567,-0.4278],[30.4567,-0.4272],[30.4565,-0.4267],[30.4565,-0.4259],[30.4565,-0.4255],[30.4573,-0.4255],[30.4596,-0.4248],[30.4619,-0.4242],[30.4644,-0.4231],[30.4658,-0.4214],[30.4679,-0.4184],[30.47,-0.4167],[30.4726,-0.4157],[30.4749,-0.4141],[30.4761,-0.4133],[30.4787,-0.4123],[30.4796,-0.412],[30.4813,-0.4116],[30.4843,-0.4068],[30.4845,-0.4051],[30.4851,-0.4024],[30.4868,-0.3995],[30.4874,-0.3973],[30.4882,-0.3943],[30.4887,-0.394],[30.4909,-0.3936],[30.4929,-0.3937],[30.4931,-0.3937],[30.4938,-0.3936],[30.4941,-0.3936],[30.4961,-0.3919],[30.5002,-0.389],[30.5008,-0.3889],[30.5018,-0.388],[30.5025,-0.3849],[30.5033,-0.381],[30.5034,-0.3804],[30.5042,-0.377],[30.5042,-0.3768],[30.5048,-0.3743],[30.5058,-0.371],[30.5062,-0.369],[30.5064,-0.3675],[30.5065,-0.3667],[30.5066,-0.3638],[30.5066,-0.3632],[30.5066,-0.3597],[30.5066,-0.3584],[30.5061,-0.3544],[30.5056,-0.3507],[30.5054,-0.3493],[30.5054,-0.3481],[30.5054,-0.3471],[30.5056,-0.3462],[30.5058,-0.3451],[30.5065,-0.341],[30.5068,-0.3381],[30.5074,-0.3321],[30.5078,-0.3268],[30.5078,-0.3248],[30.5068,-0.316],[30.5049,-0.31],[30.5025,-0.3045],[30.5014,-0.3016],[30.5009,-0.3012],[30.5009,-0.3001],[30.4996,-0.2989],[30.4996,-0.2892],[30.4996,-0.2887],[30.5008,-0.2857],[30.5033,-0.2833],[30.504,-0.2827],[30.5064,-0.2808],[30.5114,-0.2773],[30.5136,-0.2744],[30.5146,-0.2718],[30.5149,-0.2687],[30.515,-0.2677],[30.5156,-0.2665],[30.5152,-0.2645],[30.5129,-0.2637],[30.5074,-0.2615],[30.5063,-0.2611],[30.496,-0.2557],[30.4863,-0.2596],[30.4786,-0.2555],[30.4697,-0.258],[30.4636,-0.2659],[30.452,-0.2657],[30.4495,-0.2632],[30.4439,-0.2669],[30.4536,-0.285],[30.444,-0.2883],[30.4275,-0.2883],[30.4217,-0.2828],[30.4091,-0.2823],[30.4071,-0.2762],[30.4092,-0.2687],[30.402,-0.2585],[30.3874,-0.2571],[30.3773,-0.235],[30.3665,-0.2213],[30.3604,-0.1978],[30.3564,-0.1936],[30.3346,-0.1925],[30.3215,-0.1966],[30.3153,-0.1883],[30.3009,-0.2018],[30.2841,-0.2112],[30.2691,-0.2186],[30.2507,-0.223],[30.2491,-0.2308],[30.2375,-0.226],[30.231,-0.2293],[30.2284,-0.2518],[30.2058,-0.2674],[30.1855,-0.2762],[30.1839,-0.2778],[30.1883,-0.2815],[30.1842,-0.2864],[30.1862,-0.2986],[30.1912,-0.3008],[30.1892,-0.3041],[30.1911,-0.3088],[30.1866,-0.3152],[30.1895,-0.3218],[30.185,-0.3253],[30.1923,-0.3326],[30.2039,-0.327],[30.2144,-0.3307],[30.2178,-0.3358],[30.2267,-0.3372],[30.2469,-0.3528],[30.245,-0.3639],[30.2503,-0.3742],[30.2474,-0.3793],[30.2495,-0.3852],[30.2474,-0.3913],[30.2288,-0.3992],[30.225,-0.3971],[30.2239,-0.4024],[30.2126,-0.3953],[30.2119,-0.3987],[30.2499,-0.4233],[30.28,-0.4324],[30.2854,-0.4279],[30.2996,-0.4274],[30.3057,-0.4334]]]},"properties":{"name":"Buhweju District","id":"sWoNWQZ9qrD"}},
{"type":"Feature","geometry":{"type":"Polygon","coordinates":[[[33.19385627055494,0.420940731826306],[33.19406056839264,0.425672806411627],[33.1888,0.4363],[33.1875,0.4385],[33.186,0.4403],[33.1846,0.4427],[33.1846,0.4428],[33.1842,0.4445],[33.1825,0.4478],[33.18241089443448,0.449863416547293],[33.18203918528576,0.451744599284639],[33.1793,0.4534],[33.1768,0.4555],[33.1741,0.4576],[33.1732,0.4591],[33.1705,0.4631],[33.1685,0.466],[33.1682,0.4666],[33.167,0.4683],[33.1663,0.4688],[33.1646,0.4692],[33.1628,0.4718],[33.162,0.4724],[33.1599,0.474],[33.1595,0.4788],[33.1598,0.4796],[33.1598,0.4805],[33.1541,0.4788],[33.1528,0.4817],[33.153,0.486],[33.1517,0.4882],[33.1484,0.49],[33.1417,0.4913],[33.1367,0.4975],[33.136601709012375,0.503662382156495],[33.1356,0.5043],[33.1329,0.5068],[33.1312,0.5079],[33.129,0.509],[33.1271,0.5109],[33.1249,0.5132],[33.1218,0.5148],[33.1213,0.5149],[33.1171,0.5199],[33.117,0.5202],[33.1164,0.5216],[33.1148,0.5222],[33.1135,0.5227],[33.1124,0.5244],[33.1101,0.5253],[33.1065,0.5261],[33.1052,0.5272],[33.1051,0.5295],[33.1038,0.5294],[33.1032,0.5307],[33.1013,0.5327],[33.0966,0.5357],[33.0944,0.54],[33.0918,0.5425],[33.0911,0.5434],[33.0904,0.5442],[33.0865,0.547],[33.0847,0.5462],[33.0803,0.5385],[33.0751,0.5139],[33.07,0.5098],[33.0618,0.5111],[33.0533,0.5046],[33.0467,0.5037],[33.0364,0.5077],[33.022,0.5303],[33.006,0.5397],[32.9952,0.5501],[32.98509342512179,0.554324400270643],[32.976901136210834,0.52341277795084],[32.96110896585051,0.506729886329484],[32.9561,0.493],[32.9537,0.469],[32.9497,0.4648],[32.9499,0.4508],[32.9678,0.4252],[32.9738,0.4093],[32.9497,0.4111],[32.9474,0.4057],[32.9324,0.3988],[32.9233,0.3991],[32.9203,0.4024],[32.9089,0.3999],[32.9089,0.3834],[32.8917,0.378],[32.8918,0.3703],[32.8838,0.3697],[32.8802,0.3664],[32.8645,0.373],[32.8658,0.3431],[32.8784,0.3339],[32.8731,0.3243],[32.8754,0.3084],[32.8842,0.2969],[32.8873,0.2876],[32.908,0.268],[32.9028,0.2532],[32.906,0.2447],[32.8999,0.2402],[32.8951,0.2288],[32.8949,0.2017],[32.89156563668341,0.190143757790852],[32.89142176780065,0.190021767801476],[32.89125612135279,0.189902309404854],[32.88890539184324,0.188207045549982],[32.886964008736314,0.182161692300044],[32.891942575674854,0.18434348650615],[32.898934582403975,0.182187019397636],[32.90170281496837,0.177740004433685],[32.88281722994081,0.157285234363675],[32.87906334887952,0.146904009812657],[32.887709208424155,0.139389710752057],[32.90220091567919,0.140082601086008],[32.89368374237306,0.133643432478602],[32.89273930815177,0.129503441666089],[32.88130112952612,0.131263513055985],[32.87261266265643,0.124057727044473],[32.876167811036446,0.113369075316608],[32.881136050772945,0.119556031542238],[32.892914878741365,0.117498244265379],[32.89221599236566,0.082438692245365],[32.894080194865786,0.076386196311653],[32.905965176695155,0.068654881107515],[32.91042569171983,0.06777051591605],[32.90761170487593,0.074382250415577],[32.90914730290539,0.079929239348819],[32.93187422214804,0.081974116394104],[32.93433856627237,0.076489897162357],[32.95178521305969,0.082459024796344],[32.95268752667288,0.092533912813808],[32.95622409439572,0.093931585538454],[32.959017853178075,0.093344927368334],[32.95928830311354,0.089150792137844],[32.964383512459406,0.089835707223832],[32.9638586349051,0.084369716811521],[32.96983426390674,0.086759343280447],[32.99993119508129,0.108530301514988],[33.00067681611366,0.12884279215462],[33.00516851662064,0.131195093065596],[33.0113407428538,0.130489400598305],[33.009894990582794,0.115380388266482],[33.027318649080904,0.121442076017749],[33.03694461818955,0.134850179915897],[33.02562438063188,0.139156715199908],[33.02426007947287,0.142368512529643],[33.026973807379974,0.144874614950582],[33.040949077387836,0.141038534082902],[33.04117289542689,0.135962992319101],[33.048956845357125,0.13746483112871],[33.054110490493535,0.14339080738547],[33.04690086650354,0.150031548973159],[33.04636307439255,0.154808529844532],[33.09001003131369,0.189740020156254],[33.08661302298089,0.189070537242211],[33.08502265979559,0.192553756679855],[33.09784719521426,0.211028272580705],[33.09767983068409,0.213344382238355],[33.067197725345075,0.212593620234841],[33.040425517061806,0.22933123780194],[33.04890121827776,0.23228968119063],[33.0598109905664,0.245589180461948],[33.070280331718784,0.240242171794519],[33.0695150752096,0.245589133202734],[33.06298982003786,0.250076629782116],[33.062814343107824,0.259784390421328],[33.07137569816985,0.258418201638189],[33.08099696626854,0.262136584966631],[33.08155664740266,0.257459125865097],[33.0955111916414,0.253125371986454],[33.097853060582004,0.247642691411924],[33.102726228574504,0.256129019164507],[33.11068263671143,0.254057121947732],[33.11129116543092,0.248456841224866],[33.105311545444,0.246204113709938],[33.11213249416322,0.241019957905988],[33.11605022717549,0.246412111716681],[33.12116820080243,0.244738316887761],[33.11000872688835,0.231891254322494],[33.10479824630932,0.217913220161171],[33.11179251541882,0.219849290680382],[33.11190256764037,0.214954703246416],[33.125886896883166,0.219803941300747],[33.13543069341316,0.231348195258302],[33.136836647001665,0.239744063259504],[33.12940018929711,0.252238441863703],[33.14029776017378,0.246728531828259],[33.14695531366287,0.24839315937436],[33.15559381318351,0.266460474551694],[33.151570576746664,0.270260382573059],[33.15304277139864,0.273598809998729],[33.14187585880346,0.300677467645349],[33.144859597565905,0.308702367351103],[33.16311067716239,0.321739223187043],[33.18198918815465,0.319097100429721],[33.18828087265341,0.322100677322591],[33.18599359983964,0.330749902800561],[33.18939969155899,0.33475777452127],[33.19497690414669,0.336286651060325],[33.20672235528989,0.332685601750809],[33.21410166006965,0.344944462932491],[33.22949712399728,0.351639057303592],[33.23622938961646,0.351575557620694],[33.2535840076117,0.369009094053683],[33.267278392592736,0.373242785117951],[33.27265441386545,0.379937551917838],[33.27296968655261,0.385365865667108],[33.260128820116805,0.39258594824123],[33.235452702546525,0.397879315373776],[33.22768395981824,0.392776892948883],[33.22522453980288,0.399390491734907],[33.21956174744409,0.402231480086772],[33.211198653886115,0.404665411797261],[33.21172615300006,0.396839529240229],[33.19984792074165,0.405380434338458],[33.190543682648794,0.406701559892603],[33.19385627055494,0.420940731826306]]]},"properties":{"name":"Buikwe District","id":"x75Yh65MaUa"}},
{"type":"Feature","geometry":{"type":"Polygon","coordinates":[[[33.92202662036769,1.263011034947381],[33.920074638352396,1.256317099264641],[33.92709904580271,1.244949615249833],[33.94535693217172,1.230581848679348],[33.9814,1.2246],[34.0069,1.2069],[34.0331,1.2131],[34.0477,1.2008],[34.0876,1.1878],[34.102,1.1867],[34.1203,1.1746],[34.1204,1.1746],[34.1207,1.1745],[34.121,1.1744],[34.1237,1.1731],[34.1244,1.1728],[34.1248,1.1724],[34.1251,1.1722],[34.1259,1.1718],[34.1265,1.1715],[34.1268,1.1712],[34.1279,1.1702],[34.1302,1.1696],[34.1322,1.1695],[34.1327,1.1695],[34.133,1.1695],[34.1333,1.1695],[34.1338,1.1693],[34.1342,1.1688],[34.1344,1.1683],[34.1347,1.1677],[34.1351,1.1673],[34.1354,1.1666],[34.1354,1.1665],[34.1363,1.1659],[34.1367,1.1652],[34.1369,1.1646],[34.1372,1.164],[34.138,1.1637],[34.1388,1.1631],[34.1401,1.1627],[34.1408,1.1624],[34.1415,1.1621],[34.143,1.1615],[34.1446,1.1607],[34.145,1.16],[34.1452,1.1599],[34.1455,1.1599],[34.1468,1.1593],[34.1472,1.1595],[34.1474,1.1598],[34.1476,1.1601],[34.1483,1.1606],[34.1484,1.1609],[34.1485,1.1612],[34.1488,1.1615],[34.151,1.163],[34.1511,1.1632],[34.1518,1.1635],[34.1525,1.1643],[34.1534,1.1646],[34.1549,1.1647],[34.156,1.1646],[34.158,1.1651],[34.1587,1.1653],[34.1595,1.1654],[34.1602,1.1654],[34.1609,1.1655],[34.162,1.1654],[34.1628,1.1649],[34.1629,1.1646],[34.1664,1.1623],[34.1673,1.1616],[34.168,1.1611],[34.1687,1.1611],[34.1689,1.1608],[34.1695,1.1605],[34.1697,1.1604],[34.1699,1.1603],[34.17,1.1603],[34.1823,1.1615],[34.1916,1.1725],[34.1869,1.174],[34.1839,1.1849],[34.1844,1.1985],[34.1886,1.204],[34.1894,1.2124],[34.2016,1.2305],[34.2242,1.2531],[34.2445,1.291],[34.2401,1.3069],[34.2428,1.3088],[34.242,1.3155],[34.2476,1.3184],[34.2449,1.3217],[34.2466,1.3272],[34.244,1.335],[34.248,1.3383],[34.2443,1.3457],[34.2516,1.349],[34.2532,1.3573],[34.2573,1.3591],[34.2568,1.3634],[34.2625,1.3668],[34.2603,1.3694],[34.2642,1.3713],[34.2627,1.374],[34.2686,1.3768],[34.2681,1.3813],[34.265,1.3824],[34.2742,1.392],[34.276,1.4017],[34.2716,1.4091],[34.2722,1.4145],[34.2628,1.4198],[34.2653,1.4242],[34.2603,1.4399],[34.2549,1.4388],[34.2553,1.4414],[34.2492,1.4423],[34.2493,1.4462],[34.239,1.4508],[34.24,1.459],[34.2305,1.4649],[34.2271,1.4733],[34.2301,1.4962],[34.2296,1.5616],[34.2295,1.5794],[34.1219,1.5756],[34.1133,1.5704],[34.1073,1.5587],[34.1055,1.5373],[34.0863,1.5165],[34.0542,1.5],[34.0471,1.4934],[34.0438,1.478],[34.0283,1.4587],[34.0202,1.4534],[34.0088,1.4522],[34.0126,1.4407],[34.0236,1.4263],[34.0251,1.4161],[34.0147,1.3911],[34.0239,1.3654],[34.0103,1.343],[34.0082,1.3196],[33.9934,1.3052],[33.9837,1.3024],[33.9767,1.2914],[33.9545,1.2789],[33.9366,1.2768],[33.92202662036769,1.263011034947381]]]},"properties":{"name":"Bukedea District","id":"tdZbtg9sZkO"}},
{"type":"Feature","geometry":{"type":"Polygon","coordinates":[[[31.7224,-0.2469],[31.7194,-0.2304],[31.7062,-0.2107],[31.7047,-0.1815],[31.6925,-0.1465],[31.7023,-0.1006],[31.7052,-0.0713],[31.7002,-0.0319],[31.6871,-0.0003],[31.6727,0.0106],[31.663,0.0318],[31.6465,0.0395],[31.6319,0.0391],[31.6183,0.0426],[31.6009,0.05],[31.5899,0.0378],[31.5662,0.0267],[31.5571,0.0131],[31.5425,0.0004],[31.5367,-0.0134],[31.5348,-0.0354],[31.544,-0.0621],[31.5425,-0.0838],[31.5531,-0.1266],[31.5493,-0.1329],[31.5508,-0.1488],[31.5466,-0.1728],[31.5521,-0.182],[31.5561,-0.2036],[31.5547,-0.2092],[31.5672,-0.2295],[31.5821,-0.2457],[31.5824,-0.2528],[31.596,-0.2848],[31.5973,-0.2957],[31.6279,-0.3037],[31.6392,-0.3027],[31.6511,-0.2961],[31.6667,-0.295],[31.6709,-0.2974],[31.6711,-0.2985],[31.6714,-0.3009],[31.6773,-0.3018],[31.681,-0.3018],[31.682,-0.3018],[31.6887,-0.3016],[31.6906,-0.3045],[31.6926,-0.3068],[31.6971,-0.307],[31.7043,-0.3063],[31.7057,-0.306],[31.7071,-0.3057],[31.7088,-0.3052],[31.7097,-0.3049],[31.7123,-0.3043],[31.7121,-0.3017],[31.7117,-0.2965],[31.7117,-0.2961],[31.7115,-0.2954],[31.7107,-0.2929],[31.7106,-0.2927],[31.7097,-0.2908],[31.7092,-0.2901],[31.7089,-0.2896],[31.7086,-0.2886],[31.7083,-0.2867],[31.7082,-0.2814],[31.7103,-0.2742],[31.7123,-0.269],[31.7125,-0.2684],[31.7141,-0.2648],[31.7153,-0.2627],[31.7157,-0.262],[31.7183,-0.2577],[31.7202,-0.2552],[31.7204,-0.255],[31.7209,-0.2548],[31.721,-0.2548],[31.7211,-0.2544],[31.7212,-0.2542],[31.7222,-0.2497],[31.7224,-0.2469]]]},"properties":{"name":"Bukomansimbi District","id":"Ame30QOwuX6"}},
{"type":"Feature","geometry":{"type":"Polygon","coordinates":[[[34.7875,1.3636],[34.7768,1.3823],[34.7776,1.3936],[34.7649,1.4013],[34.759,1.4093],[34.755,1.4092],[34.7493,1.4181],[34.7464,1.4169],[34.7421,1.4243],[34.7389,1.4247],[34.7346,1.4348],[34.7258,1.4398],[34.7232,1.4376],[34.723,1.4147],[34.7109,1.4026],[34.7077,1.3935],[34.6979,1.3885],[34.6946,1.3821],[34.6789,1.3746],[34.6742,1.3645],[34.6625,1.3522],[34.6492,1.3545],[34.6003,1.3384],[34.5925,1.3308],[34.5858,1.3134],[34.5681,1.2935],[34.5643,1.2654],[34.5675,1.2537],[34.5599,1.2463],[34.5525,1.2293],[34.5547,1.2122],[34.559,1.203],[34.5584,1.1712],[34.5547,1.1573],[34.5568,1.1533],[34.554,1.1478],[34.5598,1.1271],[34.5752,1.0995],[34.5801,1.1474],[34.6114,1.1559],[34.621,1.1647],[34.6365,1.1688],[34.6492,1.1761],[34.6641,1.1894],[34.6695,1.205],[34.7015,1.2131],[34.7433,1.2182],[34.7588,1.2188],[34.7694,1.2159],[34.7741,1.2201],[34.7837,1.2218],[34.7951,1.2191],[34.8067,1.2287],[34.8135,1.2452],[34.8191,1.2479],[34.8206,1.2602],[34.8323,1.2683],[34.8291,1.2838],[34.8308,1.3009],[34.8294,1.3078],[34.7875,1.3636]]]},"properties":{"name":"Bukwo District","id":"e8m9ZYMRoeR"}},
{"type":"Feature","geometry":{"type":"Polygon","coordinates":[[[31.5375,2.267115424933207],[31.5256,2.2567],[31.5201,2.254],[31.5144,2.2516],[31.502,2.2491],[31.5018,2.249],[31.5014,2.249],[31.5012,2.249],[31.5008,2.2491],[31.4965,2.2487],[31.4906,2.247],[31.4865,2.2443],[31.4828,2.2406],[31.4817,2.2392],[31.4704,2.2281],[31.4645,2.2271],[31.4619,2.2275],[31.4583,2.2283],[31.458039085829604,2.228336238386041],[31.45608078330848,2.226362118154951],[31.452845441984927,2.222578935847228],[31.451810809234843,2.220883534184808],[31.450645161435492,2.220360870652301],[31.436519936727116,2.223083073777675],[31.42396725721202,2.208732492047452],[31.41243971915482,2.205461594534321],[31.402087172505794,2.193980843407684],[31.394363234255746,2.190329643999884],[31.40398337702562,2.147190982389782],[31.41164668086332,2.141736618510253],[31.408336408758064,2.111198295087815],[31.399690194493132,2.125336173780874],[31.397466993074534,2.120991778880463],[31.39747476363306,2.113428197635198],[31.405140949071853,2.104611773008219],[31.40738178262119,2.091587781749513],[31.402816748950443,2.072541961686052],[31.405754616554358,2.036733943661138],[31.399481371979764,2.030308954308869],[31.395779168057896,2.018527900855086],[31.398617340035948,2.019130422410679],[31.395760137833314,2.002058564411065],[31.39874514459977,1.990816562562171],[31.398092689495897,1.973514284553667],[31.386167820532293,1.999220990434414],[31.38701080945332,1.991411259353484],[31.395084874603512,1.966802680773354],[31.40214594824812,1.935495772857879],[31.40406486910946,1.932885944098633],[31.400766978433325,1.911480973494407],[31.392071283954607,1.87512162618312],[31.36856652190812,1.826518724125241],[31.36059927804651,1.822190048203721],[31.347796974781403,1.821395173129613],[31.33071061813986,1.825423974103141],[31.321030672906588,1.833801736131301],[31.3202228922132,1.79183855389728],[31.3203,1.7918],[31.3211,1.7913],[31.3229,1.7898],[31.3243,1.7897],[31.3274,1.789],[31.328,1.789],[31.329,1.7888],[31.3297,1.7887],[31.3303,1.7881],[31.3308,1.7882],[31.3319,1.7875],[31.3332,1.7864],[31.333,1.786],[31.333,1.7856],[31.3327,1.7857],[31.3329,1.7847],[31.3334,1.7841],[31.3337,1.7836],[31.3348,1.7837],[31.3357,1.7834],[31.3381,1.7836],[31.3392,1.7834],[31.3403,1.7837],[31.3406,1.7836],[31.3407,1.7836],[31.3416,1.7836],[31.3417,1.7836],[31.3427,1.7837],[31.3426,1.7842],[31.3427,1.7844],[31.3436,1.7854],[31.3437,1.7857],[31.3437,1.7858],[31.3435,1.7857],[31.3434,1.7858],[31.3435,1.7869],[31.3447,1.7869],[31.3458,1.787],[31.3459,1.7873],[31.3464,1.7869],[31.3465,1.7866],[31.3466,1.7863],[31.3471,1.786],[31.3484,1.7857],[31.3498,1.7851],[31.351,1.7843],[31.3512,1.7843],[31.3515,1.784],[31.3512,1.7838],[31.3515,1.7834],[31.3517,1.782],[31.3524,1.7803],[31.3527,1.7796],[31.3526,1.778],[31.3526,1.7773],[31.3528,1.777],[31.3542,1.7761],[31.3557,1.7758],[31.3563,1.7753],[31.3566,1.775],[31.3568,1.7749],[31.3593,1.7743],[31.3603,1.773],[31.362,1.7718],[31.3622,1.7718],[31.3646,1.7722],[31.3663,1.7722],[31.3672,1.7716],[31.3687,1.7687],[31.3687,1.7682],[31.3686,1.7675],[31.3686,1.7671],[31.367,1.7665],[31.3664,1.7665],[31.3662,1.766],[31.3669,1.765],[31.3668,1.763],[31.3665,1.7623],[31.3665,1.7612],[31.3663,1.7606],[31.3657,1.7594],[31.3667,1.7574],[31.3675,1.756],[31.3676,1.7559],[31.3684,1.7562],[31.3685,1.7562],[31.3687,1.7556],[31.3689,1.7551],[31.3698,1.7544],[31.3704,1.7539],[31.3703,1.7535],[31.3691,1.7521],[31.369,1.7518],[31.3698,1.7508],[31.37,1.7505],[31.3696,1.7499],[31.368,1.7496],[31.3689,1.7486],[31.3704,1.7464],[31.3708,1.7461],[31.3711,1.7456],[31.3713,1.7455],[31.372,1.7452],[31.3723,1.745],[31.3727,1.7449],[31.3734,1.7451],[31.3739,1.7451],[31.3739,1.7439],[31.374,1.7436],[31.3748,1.7437],[31.3755,1.7439],[31.3775,1.7434],[31.378,1.7421],[31.3782,1.7418],[31.3783,1.7416],[31.3782,1.7399],[31.3782,1.7397],[31.3784,1.7393],[31.3787,1.7384],[31.3788,1.738],[31.3788,1.7378],[31.3786,1.7377],[31.3782,1.7375],[31.3779,1.7369],[31.3779,1.7349],[31.3778,1.7341],[31.3776,1.7335],[31.3778,1.7323],[31.3778,1.732],[31.3776,1.7318],[31.3768,1.7316],[31.3758,1.7317],[31.3757,1.732],[31.3754,1.7326],[31.3752,1.7329],[31.375,1.733],[31.3748,1.7329],[31.3746,1.7327],[31.3745,1.7325],[31.3745,1.7321],[31.3744,1.7319],[31.3737,1.7314],[31.3737,1.7311],[31.3743,1.7303],[31.3742,1.7301],[31.3742,1.7299],[31.3743,1.729],[31.3748,1.7285],[31.3752,1.7283],[31.3758,1.7283],[31.3767,1.7283],[31.3769,1.7281],[31.3773,1.7276],[31.3781,1.7271],[31.3784,1.727],[31.3785,1.7268],[31.3785,1.726],[31.3785,1.7257],[31.3786,1.7253],[31.3787,1.7251],[31.3785,1.7248],[31.3783,1.7246],[31.3782,1.7245],[31.3782,1.7243],[31.3782,1.7242],[31.378,1.7241],[31.3776,1.724],[31.3769,1.7233],[31.3764,1.7233],[31.3761,1.7234],[31.3759,1.7237],[31.3757,1.7241],[31.3756,1.7243],[31.3751,1.7243],[31.375,1.7242],[31.3749,1.724],[31.3745,1.7236],[31.3742,1.723],[31.3742,1.7226],[31.3742,1.7225],[31.3744,1.7222],[31.3748,1.7218],[31.3747,1.7216],[31.3738,1.7209],[31.3734,1.7207],[31.3735,1.7195],[31.3739,1.7186],[31.3743,1.7182],[31.3753,1.7179],[31.3754,1.7179],[31.3758,1.7178],[31.3758,1.7175],[31.3755,1.7174],[31.3749,1.7171],[31.3747,1.7168],[31.3745,1.7164],[31.374,1.716],[31.374,1.7158],[31.3741,1.7156],[31.3743,1.7155],[31.3755,1.7145],[31.3755,1.7139],[31.375,1.7132],[31.3747,1.7125],[31.3745,1.712],[31.3749,1.7113],[31.3753,1.7111],[31.3762,1.7088],[31.3763,1.7081],[31.3765,1.7079],[31.3767,1.7078],[31.3774,1.7079],[31.3791,1.7086],[31.3798,1.7085],[31.3802,1.7081],[31.3804,1.708],[31.3811,1.7078],[31.3815,1.7077],[31.3827,1.7068],[31.3834,1.7061],[31.3839,1.7057],[31.3844,1.7055],[31.3871,1.7042],[31.388,1.7037],[31.3883,1.7036],[31.3889,1.7034],[31.3902,1.7023],[31.3903,1.7018],[31.3904,1.701],[31.3904,1.7008],[31.3903,1.7004],[31.3903,1.7003],[31.3904,1.6999],[31.3904,1.6998],[31.3903,1.6989],[31.39,1.6979],[31.3899,1.6973],[31.3897,1.6963],[31.3964,1.6924],[31.4076,1.6929],[31.411,1.6856],[31.4032,1.6789],[31.4054,1.6746],[31.4426,1.6819],[31.4536,1.6921],[31.4716,1.6979],[31.482,1.6992],[31.4877,1.6945],[31.498,1.6939],[31.5024,1.6976],[31.5062,1.7123],[31.5151,1.7181],[31.5161,1.7239],[31.5117,1.7334],[31.5196,1.7335],[31.5269,1.7288],[31.5562,1.7455],[31.5561,1.7566],[31.57,1.7591],[31.588,1.7574],[31.5886,1.7596],[31.5847,1.7644],[31.5879,1.7754],[31.5832,1.7786],[31.59,1.7858],[31.5846,1.7902],[31.583,1.7963],[31.5869,1.7997],[31.5846,1.8063],[31.5865,1.8141],[31.5799,1.8164],[31.5811,1.8246],[31.5765,1.8351],[31.58,1.8377],[31.5836,1.8609],[31.5766,1.8632],[31.5743,1.8605],[31.5712,1.8633],[31.5695,1.8603],[31.5662,1.8615],[31.5578,1.8717],[31.5601,1.8769],[31.5563,1.8753],[31.5513,1.88],[31.5529,1.8937],[31.5484,1.8994],[31.5416,1.8979],[31.5388,1.902],[31.5507,1.9086],[31.5599,1.9095],[31.5794,1.9279],[31.5865,1.9399],[31.6231,1.963],[31.6167,1.9637],[31.6107,1.9604],[31.5872,1.9733],[31.5653,1.979],[31.5392,2.0105],[31.5375,2.267115424933207]],[[31.402467676541438,1.935373422925206],[31.41906298101249,1.934195293368632],[31.41285666684466,1.918846220911868],[31.406077950311357,1.932911586023137],[31.402467676541438,1.935373422925206]]]},"properties":{"name":"Buliisa District","id":"CQTmrrriwOq"}},
{"type":"Feature","geometry":{"type":"Polygon","coordinates":[[[30.1842,-0.2864],[30.1786,-0.2843],[30.1703,-0.3002],[30.1663,-0.3202],[30.1669,-0.3242],[30.1712,-0.324],[30.1643,-0.3338],[30.1729,-0.3515],[30.1685,-0.3549],[30.1712,-0.3567],[30.1689,-0.36],[30.1747,-0.3646],[30.1729,-0.3671],[30.1775,-0.3748],[30.1748,-0.3758],[30.1789,-0.3818],[30.1644,-0.3801],[30.1549,-0.3732],[30.1238,-0.3723],[30.0973,-0.3553],[30.089,-0.3515],[30.083,-0.3522],[30.0215,-0.376],[30.0053,-0.3852],[29.977,-0.389],[29.9601,-0.4024],[29.9534,-0.4115],[29.9365,-0.4488],[29.9442,-0.4593],[29.9446,-0.4669],[29.9342,-0.4935],[29.948,-0.4935],[29.9577,-0.5023],[29.9649,-0.4907],[29.9759,-0.4859],[29.9749,-0.4828],[29.9825,-0.47],[29.9816,-0.4377],[29.9978,-0.4483],[30.0145,-0.4543],[30.0192,-0.4588],[30.0205,-0.4656],[30.0262,-0.4688],[30.0359,-0.4658],[30.0407,-0.4719],[30.0328,-0.4797],[30.0335,-0.49],[30.0299,-0.5027],[30.0377,-0.5133],[30.0418,-0.5332],[30.0335,-0.5404],[30.0287,-0.5404],[30.0274,-0.5446],[30.0355,-0.5513],[30.0375,-0.5482],[30.043,-0.5479],[30.0528,-0.5669],[30.0698,-0.5707],[30.0984,-0.601],[30.1203,-0.589],[30.1231,-0.6014],[30.1302,-0.6106],[30.1269,-0.6301],[30.1304,-0.6346],[30.1302,-0.6407],[30.1356,-0.644],[30.1364,-0.6532],[30.1369,-0.6533],[30.1511,-0.6557],[30.1596,-0.6667],[30.1678,-0.6529],[30.1778,-0.6443],[30.1832,-0.6322],[30.1959,-0.6302],[30.2079,-0.6221],[30.2182,-0.6259],[30.2306,-0.6192],[30.2373,-0.6215],[30.2418,-0.6275],[30.2478,-0.6281],[30.2759,-0.6201],[30.2887,-0.6205],[30.2898,-0.6097],[30.3004,-0.591],[30.2975,-0.5836],[30.3097,-0.5739],[30.3059,-0.5631],[30.3093,-0.5483],[30.3068,-0.5457],[30.3104,-0.493],[30.3064,-0.4877],[30.305,-0.4768],[30.3105,-0.4624],[30.3071,-0.4596],[30.3057,-0.4334],[30.2996,-0.4274],[30.2854,-0.4279],[30.28,-0.4324],[30.2499,-0.4233],[30.2119,-0.3987],[30.2126,-0.3953],[30.2239,-0.4024],[30.225,-0.3971],[30.2288,-0.3992],[30.2474,-0.3913],[30.2495,-0.3852],[30.2474,-0.3793],[30.2503,-0.3742],[30.245,-0.3639],[30.2469,-0.3528],[30.2267,-0.3372],[30.2178,-0.3358],[30.2144,-0.3307],[30.2039,-0.327],[30.1923,-0.3326],[30.185,-0.3253],[30.1895,-0.3218],[30.1866,-0.3152],[30.1911,-0.3088],[30.1892,-0.3041],[30.1912,-0.3008],[30.1862,-0.2986],[30.1842,-0.2864]]]},"properties":{"name":"Bushenyi District","id":"It5UGwdHAPF"}},
{"type":"Feature","geometry":{"type":"Polygon","coordinates":[[[33.9293562695316,0.227615595708426],[33.934018170871234,0.232068726283496],[33.940597788597785,0.230620913754197],[33.945101436902775,0.224767804058332],[33.95091407329358,0.23463667334412],[33.9672954253961,0.236435699547874],[33.96974721518462,0.24247826041994],[33.966351577620664,0.247137203441252],[33.97149488852484,0.250067730606627],[33.98009859178012,0.265635217158023],[33.98882823065746,0.261274366498345],[33.98620732084553,0.247090504340854],[33.98861118339476,0.242766357369914],[33.99504431000753,0.243996129947751],[34.0052769872466,0.236243539238798],[34.0172,0.2506],[34.0227,0.2529],[34.024,0.2671],[34.0287,0.269],[34.0301,0.2667],[34.0394,0.2728],[34.0426,0.2759],[34.0387,0.2788],[34.0414,0.2799],[34.0395,0.2843],[34.0432,0.2856],[34.0396,0.2883],[34.0489,0.2916],[34.0512,0.306],[34.0613,0.3109],[34.0569,0.3211],[34.0727,0.3224],[34.0752,0.3276],[34.0817,0.3287],[34.0817,0.3345],[34.0847,0.3337],[34.0923,0.3439],[34.0998,0.3472],[34.0981,0.3522],[34.1085,0.3674],[34.1094,0.3782],[34.1011,0.4112],[34.0908,0.4242],[34.0923,0.4398],[34.0889,0.4541],[34.1201,0.4811],[34.1176,0.5083],[34.1234,0.5154],[34.1168,0.5204],[34.1272,0.5373],[34.1282,0.5558],[34.1384,0.5829],[34.1136,0.5811],[34.1005,0.5871],[34.093,0.5833],[34.0876,0.5885],[34.0804,0.5863],[34.0671,0.5929],[34.0638,0.5892],[34.0655,0.5848],[34.0598,0.5827],[34.05,0.5854],[34.0473,0.5902],[34.0335,0.5905],[34.025,0.5877],[34.0228,0.5837],[34.0185,0.5846],[34.0166,0.577],[34.0126,0.5757],[34.0073,0.578],[34.0002,0.575],[33.994,0.5802],[33.9825,0.575],[33.9787,0.578],[33.9721,0.5614],[33.973,0.5525],[33.956,0.5381],[33.9488,0.5464],[33.9427,0.5449],[33.9397,0.536],[33.9353,0.5357],[33.9361,0.5301],[33.9324,0.523],[33.9203,0.5064],[33.9005,0.4917],[33.9016,0.4818],[33.9124,0.4707],[33.9099,0.4651],[33.9129,0.4596],[33.9119,0.4474],[33.9219,0.441],[33.9341,0.4239],[33.9263,0.3929],[33.9111,0.3743],[33.9061,0.3629],[33.8813,0.3431],[33.8795,0.3382],[33.8857,0.3258],[33.8829,0.3134],[33.894,0.305],[33.9132,0.2533],[33.92,0.2469],[33.9233,0.2345],[33.9293562695316,0.227615595708426]]]},"properties":{"name":"Busia District","id":"lkuO79O6mRx"}},
{"type":"Feature","geometry":{"type":"Polygon","coordinates":[[[34.02004765029836,1.000447650304286],[34.02651182094754,0.996218697402145],[34.018299786316376,0.994665376266961],[34.00408759367316,0.984285079196801],[34.01175189318679,0.976123374762283],[34.011020795920466,0.972993724978],[34.00424273037217,0.973348552411287],[33.98360167913095,0.960446110089885],[33.983730040283874,0.955594053301856],[33.98853725014577,0.953325527078041],[33.9899774487264,0.947725679991267],[33.984612352329805,0.949427856958426],[33.9842637853279,0.946252829935692],[33.9898003766037,0.935251392328026],[33.982322590823735,0.935922907418423],[33.97544515574053,0.944509465072859],[33.964032932243754,0.949587476550791],[33.958970931996745,0.948711430450309],[33.95664347406656,0.944976072704062],[33.962081298439095,0.942025563147555],[33.96837983995604,0.931828977135185],[33.95593504169937,0.936102121208937],[33.94132585366539,0.935409552673543],[33.94001221742359,0.93159246792466],[33.94777191361614,0.921938246164967],[33.93996179098579,0.921406612365654],[33.92771752752002,0.92618618212496],[33.91987975937667,0.921004813545575],[33.91371968124855,0.924516307962127],[33.911924719932024,0.922879421660121],[33.91232621600838,0.918066773568675],[33.917071787116676,0.913687227356182],[33.945107835961224,0.906551624399897],[33.94345456748495,0.903259293687955],[33.92889670225181,0.900829669101157],[33.92467710949318,0.885940858796941],[33.91977508311673,0.884422338976243],[33.913926412000265,0.888820214304605],[33.91170377256038,0.892891529924852],[33.91375672049337,0.897640237125346],[33.9088015745437,0.904019013029302],[33.89978492607934,0.912506579211226],[33.89501471722752,0.905994527345073],[33.870660604005685,0.938711701220409],[33.86155940584803,0.939926169058783],[33.86497486643897,0.93020964445914],[33.86313735399925,0.92219511364103],[33.870044653666255,0.911925937596021],[33.86624302594522,0.911112697967065],[33.8552633512553,0.920659159843875],[33.854840338385195,0.925082891370908],[33.84983982460083,0.925672109160165],[33.841217148240425,0.919694568385185],[33.84483792359828,0.932277111331271],[33.83812987973477,0.937670329057701],[33.829446320507074,0.935772680348539],[33.79360347448235,0.946781468565367],[33.793507585794515,0.942538721556287],[33.82019214194874,0.924412646161706],[33.820113381664974,0.921418320116724],[33.80406847196346,0.925004373522447],[33.80200440293827,0.923114146431211],[33.80399743475584,0.908711833839484],[33.81053591316474,0.900640991989038],[33.80230607890493,0.897928905230379],[33.80012373311837,0.891823064068323],[33.81190182599039,0.879625950438197],[33.8217845548437,0.874331654736483],[33.81604084525197,0.86920362441991],[33.80074299572476,0.877439147782476],[33.80147954921398,0.867714106961704],[33.810555432097814,0.855662379499236],[33.81886481496158,0.855362073223013],[33.825081134880584,0.843320041455623],[33.8208333636738,0.841439302624043],[33.80471598225116,0.846336782961903],[33.7946014682849,0.830489556445768],[33.80857354103584,0.815777276756743],[33.80465803162768,0.809635562880155],[33.798828887448316,0.809066799313037],[33.80650748222184,0.791705240136618],[33.80440029304611,0.778018449966474],[33.80668841861128,0.774489916319291],[33.814473891959,0.775637307413962],[33.816057420322835,0.773710122773112],[33.8124126778972,0.767278849288456],[33.82202242970679,0.762627172231525],[33.82533234818943,0.756918285842433],[33.83230459799097,0.758744304626229],[33.83832461486789,0.756544878061298],[33.83683099320318,0.752727618386437],[33.8400188958783,0.749388909512589],[33.858198639355486,0.758087880205908],[33.85826071129279,0.748082686018143],[33.88861875909442,0.745833144720159],[33.89347136122679,0.742747404532285],[33.89451506853513,0.740757030463114],[33.88901085168999,0.737691482812775],[33.87889050024054,0.7349886845516],[33.87300646927896,0.737007158165451],[33.86802490619529,0.732720213942056],[33.848541007308214,0.735039824345068],[33.84370293327356,0.723135800720023],[33.85467938873678,0.714340743349439],[33.84803955120641,0.708299051716046],[33.85893453252055,0.708640790470652],[33.86357701676988,0.701900453635876],[33.87034205515299,0.704812083546207],[33.877403518467794,0.701056563342762],[33.89514394782307,0.705087895659349],[33.8905,0.7176],[33.8933,0.7271],[33.8981,0.7314],[33.8967,0.7419],[33.9109,0.7583],[33.9123,0.7666],[33.9264,0.7911],[33.9417,0.8347],[33.9497,0.8439],[33.9487,0.8482],[33.9529,0.8471],[34.0004,0.877],[34.0091,0.8722],[34.022,0.8752],[34.0216,0.88],[34.0298,0.8852],[34.0622,0.878],[34.0698,0.9028],[34.0773,0.8997],[34.0916,0.903],[34.1083,0.9025],[34.1085,0.9039],[34.1113,0.9099],[34.1116,0.911],[34.1136,0.9148],[34.1144,0.9157],[34.1145,0.9159],[34.1146,0.9167],[34.1147,0.9169],[34.115,0.9171],[34.1156,0.9196],[34.1157,0.9202],[34.119,0.9252],[34.1204,0.9277],[34.1179,0.9337],[34.118,0.9357],[34.1206,0.9377],[34.1233,0.9379],[34.1245,0.938],[34.1255,0.9381],[34.1261,0.9382],[34.127,0.9405],[34.1282,0.9473],[34.1287,0.9508],[34.1287,0.9539],[34.1287,0.9545],[34.1287,0.9554],[34.1287,0.9559],[34.1286,0.9564],[34.1285,0.9566],[34.1284,0.9569],[34.1285,0.9582],[34.1281,0.9604],[34.1276,0.9634],[34.127,0.9645],[34.1256,0.9681],[34.1263,0.9732],[34.1264,0.9755],[34.1263,0.9756],[34.1261,0.9759],[34.1261,0.976],[34.126,0.9764],[34.126,0.9768],[34.1259,0.9778],[34.1254,0.9796],[34.1251,0.9801],[34.1245,0.9812],[34.1245,0.9815],[34.1244,0.9818],[34.1243,0.9822],[34.1243,0.9829],[34.1241,0.9841],[34.1241,0.9846],[34.124,0.9861],[34.1268,0.9872],[34.1291,0.9875],[34.1296,0.9898],[34.1296,0.9902],[34.1296,0.9915],[34.1294,0.9921],[34.1291,0.9928],[34.1288,0.9937],[34.1273,0.9961],[34.1263,0.9974],[34.1258,0.998],[34.1256,0.9983],[34.1252,0.9986],[34.1249,0.9989],[34.1248,0.9993],[34.1246,0.9997],[34.1243,1],[34.1238,1.0002],[34.1229,1.0006],[34.122,1.001],[34.1213,1.0015],[34.121,1.0018],[34.1233,1.0045],[34.126,1.0069],[34.1278,1.0088],[34.1331,1.0154],[34.1319,1.017],[34.1267,1.0191],[34.1263,1.0192],[34.1226,1.0195],[34.122,1.0198],[34.1211,1.0199],[34.1208,1.0202],[34.12,1.0205],[34.1195,1.021],[34.1184,1.0231],[34.1179,1.0234],[34.1173,1.0233],[34.1169,1.023],[34.1155,1.0225],[34.1135,1.0234],[34.1127,1.0236],[34.1122,1.0233],[34.1098,1.0231],[34.1091,1.0234],[34.1069,1.0246],[34.105,1.0257],[34.0934,1.0327],[34.0905,1.0346],[34.0818,1.0399],[34.0812,1.0404],[34.0763,1.0411],[34.0699,1.0356],[34.0643,1.0375],[34.0516,1.034],[34.0481,1.0222],[34.0318,1.0064],[34.02004765029836,1.000447650304286]]]},"properties":{"name":"Butaleja District","id":"MtpE3CH6vq3"}},
{"type":"Feature","geometry":{"type":"MultiPolygon","coordinates":[[[[31.88781780298458,0.032802543283575],[31.885297123172112,0.036312390219244],[31.881958018567666,0.021634562336157],[31.887,0.0269],[31.88781780298458,0.032802543283575]]],[[[31.98785420804121,0.076268393075673],[31.95354378490233,0.068284017477676],[31.948032866652152,0.062485693755113],[31.939075749336308,0.061539665943064],[31.934295334705244,0.053495334705383],[31.9618,0.0693],[31.98785420804121,0.076268393075673]]],[[[31.822896162175503,0.064607675649852],[31.836304362611372,0.05478593908308],[31.852655525382804,0.035026106461003],[31.866671255101387,0.031652012103349],[31.875110116672825,0.03270619482116],[31.880102314335968,0.04075879046452],[31.908266756938637,0.046653699495144],[31.95033267828833,0.080440775456529],[31.961163164673387,0.08482276316291],[31.97121219466885,0.080456999683131],[31.998427999253238,0.088913780993315],[32.01287874904319,0.099364802802993],[32.02657019572792,0.103142340404146],[32.02569942466386,0.094331371564438],[32.01751081591192,0.087260362628853],[32.0298,0.0959],[32.038,0.0941],[32.0456,0.0999],[32.0535,0.1097],[32.0534,0.1263],[32.0569,0.1304],[32.0786,0.1292],[32.0846,0.1423],[32.0997,0.1462],[32.1027,0.1384],[32.1169,0.1313],[32.1325,0.1435],[32.1485,0.1428],[32.157691356839045,0.134589715102369],[32.16515594509956,0.101398804426832],[32.172692349931204,0.096618137209347],[32.18137021061461,0.104707229399306],[32.190996103948045,0.131041425674899],[32.196325407561375,0.134694870801819],[32.2082,0.1685],[32.2079,0.1838],[32.2008,0.1851],[32.1969,0.1901],[32.2082,0.1915],[32.2107,0.1969],[32.2077,0.2011],[32.2169,0.2062],[32.214,0.2231],[32.2228,0.249],[32.2312,0.2529],[32.2503,0.2462],[32.2818,0.2468],[32.2803,0.2497],[32.2873,0.2544],[32.2876,0.2634],[32.2911,0.2642],[32.2982,0.2787],[32.306,0.2791],[32.3042,0.2869],[32.2946,0.2933],[32.2857,0.2946],[32.2681,0.3175],[32.2439,0.3037],[32.2336,0.2955],[32.2352,0.2903],[32.2233,0.287],[32.2213,0.2818],[32.2106,0.2842],[32.1983,0.3037],[32.1959,0.2946],[32.1877,0.284],[32.1908,0.2672],[32.1871,0.2558],[32.1847,0.2534],[32.1759,0.259],[32.1681,0.2512],[32.1588,0.2522],[32.156,0.2499],[32.1549,0.245],[32.1479,0.2443],[32.1405,0.2298],[32.1308,0.2353],[32.1181,0.2215],[32.1166,0.1997],[32.0932,0.205],[32.0869,0.2017],[32.0809,0.2025],[32.0768,0.1898],[32.0811,0.1748],[32.0768,0.1683],[32.0742,0.1699],[32.0671,0.1641],[32.062,0.1501],[32.0519,0.1411],[32.0494,0.1324],[32.0359,0.13],[32.0307,0.1339],[32.0206,0.1321],[32.0153,0.1348],[32.0007,0.1262],[31.995,0.1273],[31.9804,0.1095],[31.9596,0.1137],[31.9486,0.105],[31.9391,0.1098],[31.9313,0.1202],[31.9161,0.1229],[31.908,0.1182],[31.8876,0.0963],[31.8562,0.0908],[31.8406,0.0815],[31.822896162175503,0.064607675649852]]]]},"properties":{"name":"Butambala District","id":"a3LMKP8z8Xj"}},
{"type":"Feature","geometry":{"type":"Polygon","coordinates":[[[33.94535693217172,1.230581848679348],[33.95475147849639,1.222111233976964],[33.930163556165475,1.234477700602625],[33.915648312132696,1.255084153108234],[33.902540556306484,1.262544172116691],[33.8946176768548,1.265444808863439],[33.877964417573594,1.262371434557443],[33.87424509325005,1.265621698671606],[33.8622937593908,1.261450603259765],[33.8405519229817,1.276879142763459],[33.83932437327049,1.281674646623131],[33.829010740840936,1.289600133098003],[33.8185,1.2794],[33.8128,1.2603],[33.8012,1.2472],[33.7754,1.2374],[33.7658,1.238],[33.7604,1.2345],[33.7358,1.2301],[33.7386,1.2201],[33.7354,1.2098],[33.7483,1.1961],[33.7628,1.2048],[33.7703,1.1937],[33.7681,1.1796],[33.7833,1.1783],[33.7951,1.1851],[33.7977,1.1925],[33.8037,1.196],[33.8078,1.2059],[33.8064,1.2191],[33.8304,1.2258],[33.8486,1.221],[33.8732,1.2274],[33.8738,1.2205],[33.8663,1.2065],[33.8552,1.1981],[33.8577,1.1795],[33.8514,1.1703],[33.8525,1.161],[33.8558,1.1539],[33.8648,1.1498],[33.8718,1.1418],[33.8813,1.1395],[33.8908,1.1417],[33.9233,1.1626],[33.9322,1.1654],[33.963,1.1601],[33.9717,1.1933],[33.9934,1.1824],[33.9967,1.1613],[34.0067,1.1521],[34.0137,1.15],[34.0314,1.151],[34.0365,1.1542],[34.0454,1.1522],[34.073,1.1264],[34.0842,1.1229],[34.0973,1.1267],[34.1126,1.119],[34.1169,1.1112],[34.121,1.0827],[34.1248,1.0744],[34.1253,1.0752],[34.1257,1.0757],[34.1263,1.0764],[34.1263,1.0765],[34.1264,1.0766],[34.1265,1.0767],[34.1269,1.0768],[34.1266,1.0775],[34.1267,1.0778],[34.1267,1.078],[34.1268,1.0782],[34.1269,1.0786],[34.1271,1.0787],[34.1275,1.0786],[34.1276,1.0785],[34.1277,1.0784],[34.1279,1.0783],[34.128,1.0784],[34.128,1.0788],[34.1279,1.0789],[34.1279,1.0791],[34.1281,1.0792],[34.1284,1.0792],[34.1285,1.0793],[34.129,1.0794],[34.1291,1.0795],[34.1293,1.0797],[34.1294,1.0798],[34.1294,1.08],[34.1295,1.0802],[34.1295,1.0803],[34.1296,1.0804],[34.1297,1.0805],[34.1298,1.0806],[34.1298,1.0807],[34.1299,1.0808],[34.1298,1.081],[34.1298,1.0812],[34.1299,1.0816],[34.13,1.0817],[34.1301,1.0823],[34.1302,1.0824],[34.1307,1.0826],[34.1308,1.0829],[34.1308,1.0831],[34.1309,1.0833],[34.1313,1.084],[34.1314,1.0841],[34.1315,1.0843],[34.1314,1.0844],[34.1315,1.0847],[34.1316,1.0848],[34.1318,1.0849],[34.132,1.085],[34.1322,1.0852],[34.1323,1.0853],[34.1328,1.0858],[34.1329,1.0859],[34.133,1.086],[34.1334,1.086],[34.1335,1.086],[34.1337,1.0859],[34.1338,1.086],[34.1339,1.0861],[34.1339,1.0863],[34.1339,1.0864],[34.1339,1.0865],[34.134,1.0866],[34.1341,1.0866],[34.1343,1.0865],[34.1345,1.0865],[34.1346,1.0866],[34.1346,1.0867],[34.1347,1.0868],[34.1349,1.0875],[34.135,1.0876],[34.1352,1.0877],[34.1353,1.0879],[34.1354,1.088],[34.1355,1.0881],[34.1356,1.0884],[34.1357,1.0887],[34.1358,1.0892],[34.1361,1.0899],[34.1362,1.0902],[34.1362,1.0903],[34.1365,1.0908],[34.1372,1.0913],[34.138,1.0918],[34.1392,1.0938],[34.1393,1.0947],[34.1393,1.0984],[34.1392,1.0994],[34.1392,1.0999],[34.1391,1.1003],[34.1389,1.1006],[34.1384,1.1014],[34.1381,1.1017],[34.1378,1.1018],[34.1355,1.1036],[34.1344,1.1051],[34.1341,1.1059],[34.1337,1.1081],[34.1336,1.1086],[34.1335,1.1088],[34.1332,1.1093],[34.1332,1.1096],[34.1332,1.1105],[34.1331,1.1111],[34.1331,1.1113],[34.1331,1.1114],[34.1332,1.1116],[34.1332,1.112],[34.1333,1.1123],[34.1334,1.113],[34.1335,1.1131],[34.1336,1.1136],[34.1336,1.1138],[34.1334,1.1141],[34.1332,1.1144],[34.133,1.1146],[34.133,1.1148],[34.1329,1.115],[34.1329,1.1151],[34.1328,1.1153],[34.1327,1.1154],[34.1325,1.1157],[34.1323,1.116],[34.1322,1.1162],[34.1322,1.1163],[34.1321,1.1165],[34.132,1.1167],[34.1319,1.1169],[34.1318,1.1171],[34.1314,1.1177],[34.1313,1.118],[34.1313,1.1183],[34.1314,1.1185],[34.1315,1.1188],[34.1316,1.1192],[34.1317,1.1194],[34.1317,1.1195],[34.1318,1.1196],[34.1319,1.1197],[34.1319,1.1203],[34.1313,1.1207],[34.1312,1.1227],[34.1321,1.124],[34.1327,1.1248],[34.1328,1.1253],[34.133,1.126],[34.1331,1.1265],[34.1333,1.1273],[34.1334,1.1277],[34.1335,1.1289],[34.1335,1.1312],[34.1335,1.132],[34.1346,1.1349],[34.1363,1.1393],[34.1371,1.1421],[34.1343,1.1478],[34.1321,1.1502],[34.1316,1.1508],[34.1303,1.152],[34.1297,1.1527],[34.1284,1.1562],[34.125,1.1684],[34.125,1.1692],[34.1244,1.1703],[34.1227,1.1721],[34.1221,1.1725],[34.1215,1.1729],[34.1213,1.173],[34.1205,1.1739],[34.1203,1.1745],[34.1203,1.1746],[34.102,1.1867],[34.0876,1.1878],[34.0477,1.2008],[34.0331,1.2131],[34.0069,1.2069],[33.9814,1.2246],[33.94535693217172,1.230581848679348]]]},"properties":{"name":"Butebo District","id":"FDPqRvcW3NN"}},
{"type":"Feature","geometry":{"type":"MultiPolygon","coordinates":[[[[33.34633245339638,0.331137830008976],[33.3351561435746,0.319672242797547],[33.33593953608797,0.315392913018234],[33.35191853817858,0.316957536545043],[33.35428918145551,0.327699103243129],[33.34895068118285,0.330196662167486],[33.34891463252823,0.33020792737133],[33.34633245339638,0.331137830008976]]],[[[33.320868912473436,0.180889128303261],[33.31842134059853,0.190243947641921],[33.321507228332855,0.195301257659909],[33.31255265567323,0.199227902550951],[33.31098455029709,0.202828709430294],[33.3251431643141,0.208989549270402],[33.31980576688427,0.214797943090388],[33.32047162504408,0.227979655546535],[33.33028117946872,0.229725534450937],[33.33748922069627,0.212544818813161],[33.33954164837446,0.21713167983751],[33.34835760542036,0.219510876806985],[33.35375232141995,0.216154260829035],[33.35249945920824,0.225174288713563],[33.35798374883864,0.232873265611011],[33.37007344716419,0.227480866454605],[33.37095342825312,0.221654497521503],[33.38031024207462,0.223897942304767],[33.377149395695156,0.231461412592131],[33.377685545688685,0.243349306358621],[33.382798117144205,0.253870948710906],[33.393878772877095,0.258593198157968],[33.3958879734407,0.262709563192006],[33.383929379489956,0.27445308402451],[33.39078180926838,0.277954088219976],[33.378518879971494,0.29252938883856],[33.38314784036275,0.300291649031682],[33.377532751372954,0.313328736074952],[33.37146960138221,0.314912200179113],[33.34686491930407,0.308543864168465],[33.359321387600126,0.301658580534165],[33.367655390894754,0.300835012040001],[33.37668922251986,0.283111404553252],[33.37310174383537,0.279483626843511],[33.363662583554785,0.286224035251124],[33.3526455277881,0.288015715101711],[33.36591062367639,0.276145465156825],[33.358279248077956,0.27590142656172],[33.34705130953534,0.268709281667525],[33.34029836796238,0.268311398267813],[33.361117270689526,0.253690633940288],[33.34858684792771,0.245783776534905],[33.335565493206936,0.258585837633061],[33.333099145001825,0.256079840271787],[33.33487376325909,0.246191251794401],[33.330324823447015,0.246354214914949],[33.326521472334,0.256885208231656],[33.31722781544468,0.244780327280325],[33.31665510017765,0.252597098281092],[33.31329132068569,0.254831832766181],[33.3203500140245,0.26296506336029],[33.31596865941287,0.271740933802056],[33.32451507508064,0.273893931123038],[33.31700801361153,0.281756125982466],[33.31169238406394,0.28231719532079],[33.311423752338584,0.276490820580121],[33.29839897895008,0.268240121751027],[33.294990944598105,0.27568604306815],[33.28667867229701,0.271271215015433],[33.285129258278324,0.281177934560331],[33.29458974042676,0.291138655443905],[33.293882942347786,0.30422091282715],[33.31322760006295,0.308508725934908],[33.31970723942801,0.315158201303362],[33.29435058655763,0.316271758198012],[33.29008906619119,0.312345396684811],[33.2838399752391,0.315385427389637],[33.269207803167106,0.31486108052156],[33.22622585634266,0.298631359866804],[33.208046321397035,0.279152989232245],[33.200409454071135,0.258453001068766],[33.20420863932565,0.259900500787629],[33.21209582494696,0.252743995602182],[33.2297510613878,0.246401578922231],[33.25293827611597,0.230812790196431],[33.26420123440188,0.218562654315272],[33.264789576587674,0.201463407136173],[33.26990403423486,0.195265982747178],[33.25059318427541,0.188128022722485],[33.245661729625695,0.188336179584549],[33.24314046958279,0.193655986812221],[33.22551405678382,0.187558390904849],[33.22045688873382,0.196343330909264],[33.22114783905919,0.203463503337566],[33.215868654411416,0.200604644970792],[33.204884948103484,0.205164603303613],[33.20350207277836,0.202007129040291],[33.22358462977597,0.180383951799969],[33.222071375109,0.170621993712584],[33.22576491400517,0.170431958351593],[33.23213076755099,0.160932282082025],[33.23863328809003,0.167410026052897],[33.242678590169625,0.180039910773932],[33.2564916806891,0.177307459517558],[33.28296645729839,0.134305720390378],[33.283506044057795,0.11818360057225],[33.28838127392168,0.115252257911558],[33.29211859789312,0.115360785910539],[33.295405521513885,0.120816208678388],[33.3035976821893,0.143334562099473],[33.301437584122375,0.148428157135726],[33.30739744129453,0.150110850402601],[33.31188472020369,0.159302719382182],[33.31502823168499,0.150508816796633],[33.31058428827515,0.147061905658768],[33.306694036756696,0.135047301238933],[33.30966785434621,0.118273791151877],[33.305029513925184,0.107453410474618],[33.31245243349658,0.103608284323575],[33.3105730277735,0.095366322298479],[33.312538836880385,0.093647340577641],[33.32586431564689,0.094479557705558],[33.32383661874502,0.08394867324687],[33.3273571064565,0.081858748657882],[33.330994503895745,0.089784032080288],[33.335537804820376,0.090896790735712],[33.338757306944174,0.096306958723458],[33.33601475217262,0.100721998569197],[33.32482865999409,0.099880726203011],[33.31801968891158,0.107652314929332],[33.31707732575325,0.117739923676104],[33.32216102512891,0.124317157095388],[33.32348285458967,0.142248627882038],[33.31992254839758,0.148310282501443],[33.3215974817431,0.151675805155976],[33.33747747555168,0.155402989621813],[33.33959503217989,0.160559832679524],[33.33328372982305,0.167680051254013],[33.3297052696123,0.161917069968648],[33.32431668861642,0.163826109715252],[33.320868912473436,0.180889128303261]]],[[[33.16251507460937,0.160896770930483],[33.16655805109574,0.168650252319477],[33.16518733237455,0.173472461671109],[33.15533955333999,0.175580561726501],[33.15052993680952,0.173517821169206],[33.148314955433406,0.170088918765128],[33.15348283771497,0.161810616655784],[33.16251507460937,0.160896770930483]]],[[[33.16886894079343,0.114894018612096],[33.17304635447348,0.113326129519734],[33.17420846291554,0.115443183975738],[33.17058098701441,0.12690610090882],[33.17521144927612,0.134207217155038],[33.171763397190084,0.140386528719481],[33.17283624390943,0.147741952637822],[33.188336564539824,0.167066781296832],[33.1884919244943,0.173037973778301],[33.185286766529174,0.174992214855212],[33.17412101329258,0.174576148078758],[33.16457466173698,0.152871820993903],[33.15125516657467,0.150592004708348],[33.15151856492997,0.146828333872836],[33.159553522698694,0.142033220364905],[33.15866266060339,0.134270661804543],[33.1640914521379,0.128190856348302],[33.16336094752529,0.119749752309811],[33.17048513030589,0.111996195674493],[33.16886894079343,0.114894018612096]]],[[[33.04504978882215,0.101773199020398],[33.03514610496777,0.107029699501203],[33.02714787895985,0.097466698488121],[33.036932209614,0.094444887060518],[33.037957264473036,0.096996227775942],[33.044350781289545,0.097131929609851],[33.04504978882215,0.101773199020398]]],[[[33.09450667065236,0.088039288308748],[33.10113075592545,0.092309596075937],[33.10151158658527,0.098235575926542],[33.10837718049266,0.098606493403135],[33.123897038724,0.107753251217411],[33.11901276399025,0.112810708004126],[33.103826854881525,0.115461624965943],[33.093945620454164,0.109336636717862],[33.08003554243465,0.113769856478956],[33.07103613098511,0.106785359687101],[33.09011442724881,0.099339379687505],[33.086815708060094,0.091269194311744],[33.09450667065236,0.088039288308748]]],[[[33.343236684753194,0.107585175583982],[33.336590875103816,0.085638262625571],[33.347121397521896,0.075770275912213],[33.36095120156239,0.077570117480594],[33.364329115076984,0.086925244192383],[33.35308244594657,0.090755967581912],[33.343236684753194,0.107585175583982]]],[[[33.256936432982826,0.015543127587261],[33.268688736199465,0.021043818693816],[33.27535910926266,0.035799804025761],[33.29214900390845,0.048185362006938],[33.299661810852236,0.044430745694623],[33.3070089530356,0.048121965942976],[33.302249448647764,0.055649246830796],[33.293253820774076,0.053233691660457],[33.288652673040346,0.055187908289346],[33.28215992698564,0.073553762014869],[33.262781324775865,0.071943476357613],[33.2582020410136,0.06861412532114],[33.25121716286233,0.069916963303217],[33.2414671144724,0.053885318453134],[33.24684502087107,0.038342157149129],[33.25301884097122,0.031746712089009],[33.25250490256152,0.025458891823912],[33.256936432982826,0.015543127587261]]],[[[32.92478936987455,0.001464815362561],[32.93592309757928,0.013306469602866],[32.95102082580093,0.01610081970935],[32.942993414551886,0.022568936849605],[32.94680856634346,0.027285838063138],[32.94121712564816,0.028828825700363],[32.92738625101727,0.023193052623909],[32.922141364241135,0.02386113676584],[32.91790102998115,0.01896385672174],[32.90162885816567,0.018722256992693],[32.90253455627947,0.009819713798304],[32.89637864515815,0.001215589412247],[32.92478936987455,0.001464815362561]]],[[[33.179815895929444,-0.054479260065867],[33.183331090766124,-0.050552876890736],[33.17849090017534,-0.047938512327303],[33.17657927173763,-0.052660909722898],[33.179815895929444,-0.054479260065867]]],[[[33.13226352970903,-0.058171950360152],[33.14435008925723,-0.047351509386463],[33.15162006999288,-0.049495416808452],[33.16742795728668,-0.037417266733174],[33.15708115749995,-0.035237315746009],[33.148432009028795,-0.038286405789931],[33.13093264586719,-0.055711232016446],[33.13226352970903,-0.058171950360152]]],[[[33.149640217188995,-0.062812455785256],[33.15369125313989,-0.059483044606989],[33.15233537490184,-0.056931856397937],[33.14781309755538,-0.06040602503082],[33.149640217188995,-0.062812455785256]]],[[[33.24858650292636,-0.09932202264235],[33.25064719252765,-0.089940457395867],[33.2485195800432,-0.087280728432636],[33.24315010970166,-0.097259577319595],[33.24858650292636,-0.09932202264235]]],[[[33.23185669178892,-0.102100071466983],[33.23309569962633,-0.097603726502794],[33.22962348311564,-0.099729852014231],[33.23185669178892,-0.102100071466983]]],[[[33.22414229469282,-0.117498111169868],[33.22961621001995,-0.103773827101985],[33.22650683051162,-0.105918046075299],[33.22414229469282,-0.117498111169868]]],[[[33.175110952280825,0.201989367454796],[33.1657038798873,0.211878137694365],[33.16021318041052,0.205689858445288],[33.16187484684707,0.201338101713473],[33.16897997599338,0.198216719962442],[33.16239848915173,0.189069990140584],[33.1667766515127,0.181126441644826],[33.16670005432917,0.188744247230164],[33.175110952280825,0.201989367454796]]]]},"properties":{"name":"Buvuma District","id":"aZLZPPjqft0"}},
{"type":"Feature","geometry":{"type":"MultiPolygon","coordinates":[[[[32.91407035237597,1.267487518109986],[32.89842308804034,1.297638635203168],[32.86568139933915,1.331134142172596],[32.8948,1.3],[32.91407035237597,1.267487518109986]]],[[[32.9358,1.229190088534925],[32.936281341785914,1.235199624151113],[32.92268562003049,1.255915747598767],[32.935,1.2366],[32.9358,1.229190088534925]]],[[[32.935637728188226,1.222600000077989],[32.935782987775774,1.228912865674943],[32.9354,1.2226],[32.935637728188226,1.222600000077989]]],[[[33.40556389101456,1.215645836535219],[33.40322838860799,1.219592572250671],[33.406604589812616,1.226256339268649],[33.40574800866658,1.234629226226691],[33.40978178030512,1.239212342303375],[33.41071980706666,1.249083927142506],[33.41854616926249,1.256619423798827],[33.422475848813505,1.273697303042675],[33.41646811771746,1.267298079753862],[33.4052484801192,1.274150177387936],[33.39771209515244,1.267498102329186],[33.38892319600024,1.266298165703082],[33.38604621015206,1.296102164324739],[33.35637019303745,1.300710097211423],[33.34239526852818,1.296349926163414],[33.34119485854619,1.29339140284786],[33.347979281093394,1.293987867162858],[33.34858291887193,1.287651138940844],[33.352281267931325,1.291780626509897],[33.359624582902256,1.287725647578457],[33.354996337502236,1.278681468720694],[33.36946139613238,1.261787951169547],[33.36104125291605,1.249859139876769],[33.35187013241403,1.263643081486539],[33.34125015288077,1.265425939418809],[33.3458788763961,1.274424645742436],[33.34441641661416,1.282139760965403],[33.331764120919836,1.286791942446993],[33.31868549802408,1.283543157227995],[33.320205392047406,1.294276532574045],[33.31452163510118,1.30811539870804],[33.30192401989017,1.316049601039589],[33.29300545494439,1.312856745801831],[33.273642690750805,1.297842925337927],[33.268229220490326,1.288253511114607],[33.25436513814529,1.284481420334126],[33.25902969626103,1.266430136971722],[33.27417961802649,1.253862055830245],[33.25876947959633,1.248275305836799],[33.26247129451877,1.243870941351442],[33.27244122915937,1.241158601308256],[33.27396100836589,1.236861887072854],[33.26574483498201,1.23206376762968],[33.2678655915678,1.214888344461556],[33.255835909690525,1.2144035143882],[33.247964896057276,1.229367734693646],[33.23593895967112,1.227660325158731],[33.23233082282554,1.230819811243148],[33.23112848825134,1.249197318232445],[33.21740640702215,1.258011322352894],[33.2235703919468,1.279668098343438],[33.2222885110492,1.294514099184177],[33.21710671545029,1.305071504373746],[33.21003189232408,1.309443888119526],[33.17924938405731,1.315269028510513],[33.1542423595376,1.31499787921654],[33.14937757194617,1.309982050520661],[33.148840403990214,1.294384082239754],[33.140547119290616,1.292709122649375],[33.134682939030775,1.298306858071839],[33.12996005685006,1.298362238448092],[33.12033001644606,1.292563715412466],[33.114155232805786,1.282133936917349],[33.10608672582354,1.28050493249551],[33.10196175701749,1.283594738118033],[33.10147874614243,1.294390958085793],[33.11677057916015,1.309282348692605],[33.11386082978325,1.319415401052974],[33.116523770586646,1.323746080812647],[33.11745623148184,1.32035331921227],[33.12264749645777,1.321589712193616],[33.12197753198608,1.327428045383506],[33.11410510028161,1.335171170280482],[33.10524262872445,1.328378497549838],[33.1007835374109,1.33035833615633],[33.10216079287511,1.335976055991596],[33.095333135333625,1.34768290982463],[33.09041926233129,1.351268920151157],[33.080504400766806,1.350291036790036],[33.07171001374806,1.36522974641223],[33.064635649532775,1.362041073079682],[33.059125309256665,1.376739615301131],[33.05427216566644,1.3752325149242],[33.044730614782395,1.362575033146089],[33.040926766847996,1.363628541527715],[33.022533499499396,1.384290184527307],[32.99518899378447,1.392489932477562],[32.95267929116108,1.42197870703788],[32.94076953109336,1.42534231212626],[32.94421282464184,1.43565372225891],[32.93298056497629,1.43921011900794],[32.85899391078151,1.441458352970576],[32.85461577992533,1.436096745698287],[32.85689018301076,1.426167556680814],[32.87154847354365,1.424593077081132],[32.87467171904996,1.420105255661732],[32.86345529741921,1.407317484001082],[32.85709772057745,1.390307740557494],[32.85051834086363,1.399537483173423],[32.84382048798148,1.402612252528649],[32.84071644928125,1.425729393663365],[32.83789744363301,1.425186645144666],[32.83862451290454,1.408287899307686],[32.85872564770046,1.366263685271103],[32.86591350935591,1.364358242697442],[32.88170501321331,1.348911756267247],[32.89698776581728,1.342686251976504],[32.898788524713645,1.339940487372752],[32.89403620781834,1.336509398859428],[32.897548829164656,1.333939281704318],[32.899255159952034,1.32510584317293],[32.915025447402776,1.317016212642848],[32.91884805924279,1.308351896005905],[32.94090184177688,1.286486697011252],[32.94067833860554,1.282234760826403],[32.95644771117721,1.28854187180447],[32.96013883941423,1.287327054482913],[32.95794355000597,1.270521156973631],[32.964473040668196,1.259571517211532],[32.96544795712763,1.245656548528906],[32.981081353000405,1.23313189277339],[32.993692650701014,1.23733978230076],[32.998787914629254,1.232665177479197],[33.00945427900505,1.236415254863161],[33.03141337886268,1.233035081198418],[33.03696864393421,1.225580341655767],[33.03451109426548,1.220019623017867],[33.0551,1.1986],[33.0795,1.1948],[33.0921,1.1695],[33.1157,1.1679],[33.1247,1.163],[33.1323,1.1074],[33.1422,1.0819],[33.1518,1.0441],[33.1603,1.0411],[33.1695,1.0437],[33.1781,1.0403],[33.1951,1.0143],[33.2254,0.9869],[33.2334,0.9883],[33.2418,0.9956],[33.2503,0.9959],[33.2604,0.993],[33.2675,0.9856],[33.2821,0.9887],[33.3069,0.9843],[33.2988,0.9991],[33.317,1.0227],[33.3132,1.0425],[33.3069,1.0545],[33.3213,1.0574],[33.335,1.0773],[33.3587,1.1022],[33.3587,1.128],[33.3923,1.1766],[33.3981,1.1913],[33.3986,1.2033],[33.40556389101456,1.215645836535219]]],[[[33.37309217249545,1.367952283373115],[33.36427200893459,1.350937508362402],[33.36435067605366,1.347247984433573],[33.36939110993699,1.346151959246316],[33.36223121155577,1.341402191231658],[33.362719227544765,1.336219836953861],[33.37007493915143,1.335605510922769],[33.372589251755,1.329500333964571],[33.37690519282658,1.337660412479624],[33.38951316000781,1.332826738860941],[33.39341223654079,1.330030011260777],[33.392633670074936,1.327107938480943],[33.397193746143756,1.328286470880026],[33.3954,1.3339],[33.384,1.3585],[33.37309217249545,1.367952283373115]]]]},"properties":{"name":"Buyende District","id":"F3ccON3OCsL"}},
{"type":"Feature","geometry":{"type":"Polygon","coordinates":[[[32.95300165709883,1.899685086118099],[32.966857579557505,1.900738290656111],[32.98178464434619,1.894540889869091],[32.992045536410174,1.886224032934802],[32.991286933720964,1.873627760327381],[32.98542366245278,1.868268093487451],[32.972805010837334,1.86383395841377],[32.96184042594262,1.852966350832888],[32.94752123506634,1.846182832706132],[32.95248628679299,1.841506693113053],[32.96094970429758,1.84053064849176],[32.97959152683058,1.846156917753499],[32.97382569785299,1.83407286707325],[32.97528658066581,1.808016891179133],[32.987221289237105,1.804675197075608],[32.99329173388888,1.806002061654753],[32.99903569215882,1.812359727189076],[32.997514191492336,1.82585337482693],[33.004318359789295,1.832395360379371],[33.01798896658485,1.819847344688876],[33.01364300397171,1.806864618781777],[33.004595045041434,1.801271218463209],[33.005446377520805,1.795184130574142],[33.01407726238088,1.79011509395956],[33.014178665498775,1.786493375938481],[32.99938523525762,1.783643272097643],[32.993434814982145,1.787777276985139],[32.98795082659166,1.785105207601026],[32.99299232644235,1.776692444712084],[32.99298624912721,1.748894837712085],[32.997314248420224,1.748099823704887],[32.9886,1.728917320457291],[32.9917,1.7197],[33,1.7123],[33.0043,1.7134],[33.026,1.7061],[33.0468,1.7081],[33.0818,1.7299],[33.0866,1.7362],[33.084,1.7482],[33.104,1.7773],[33.1016,1.7916],[33.1152,1.8227],[33.112,1.8306],[33.1139,1.8538],[33.1179,1.858],[33.1324,1.8539],[33.1418,1.857],[33.1461,1.8706],[33.155,1.8744],[33.1652,1.8741],[33.2004,1.9078],[33.2098,1.9111],[33.2206,1.9099],[33.2283,1.9205],[33.2421,1.9239],[33.2448,1.9338],[33.2516,1.9414],[33.2493,1.9521],[33.2715,1.9572],[33.2707,1.9663],[33.275,1.9743],[33.2744,1.9899],[33.2826,2.0037],[33.282,2.0219],[33.2905,2.0394],[33.2868,2.0508],[33.2583,2.0704],[33.2519,2.0839],[33.2402,2.0816],[33.2201,2.0856],[33.212,2.0902],[33.1945,2.0905],[33.1854,2.0943],[33.1804,2.1041],[33.16943177302953,2.107410591016921],[33.157358551656415,2.100146262958864],[33.15252478351636,2.101145890559796],[33.14882414876696,2.096803329432742],[33.14153556228828,2.099889657678728],[33.13893687027794,2.095829411297689],[33.14109217997099,2.084963006566848],[33.12275945808816,2.069012122911905],[33.12293254227307,2.065067541309119],[33.14198513559845,2.06465062291801],[33.143467617684486,2.062872437945406],[33.137586370797735,2.05789786496864],[33.1292728698219,2.055032872182852],[33.11138272721188,2.056480928235401],[33.09116965958945,2.062738063747395],[33.086771637814564,2.060611656968738],[33.08929604634351,2.051245417619684],[33.06755920972228,2.042452336241623],[33.069339210436496,2.030811633471033],[33.073988192718915,2.023233837021134],[33.066960486914745,2.0179536924193],[33.065428797500864,2.013154500680458],[33.07420771866101,2.012100407209017],[33.088548459843636,2.018717142082424],[33.08666611052205,2.010512855449828],[33.07406727376594,2.00091836366599],[33.04878703805751,1.99743162023534],[33.0381936601866,1.971317151489432],[33.027905848728835,1.966286545229393],[33.028951949299355,1.962622408969461],[33.03586952053556,1.959064743274639],[33.0403602294373,1.96177088575599],[33.06012584326307,1.957252342035568],[33.07324758046996,1.962562523623389],[33.07555136244004,1.959626038888851],[33.083966580575776,1.97379665622683],[33.09517973848019,1.985213040560814],[33.101156537706295,1.987628566199749],[33.11452816364079,1.984767363398276],[33.11782186698647,1.981788344797935],[33.10568101243163,1.979401276074945],[33.096325966458274,1.970887309736145],[33.086680610886695,1.954336561766645],[33.083767240355364,1.943282164276466],[33.09105809635012,1.935243631903947],[33.13697365429594,1.927399445596871],[33.14301992597682,1.929158622656187],[33.145540547147846,1.943652839235094],[33.149327669675394,1.948507165885888],[33.160066396584476,1.953334819813405],[33.166597313877865,1.936012807637413],[33.16182159855991,1.930703147166936],[33.1561917988522,1.932680202173053],[33.13997055556522,1.918421000985374],[33.1212858058841,1.915359961471482],[33.10663273866297,1.925461570390473],[33.10032668178426,1.920441891720086],[33.09004353682247,1.921342098732805],[33.08129770184344,1.934356656844474],[33.06817341348308,1.944620724832645],[33.05500460571055,1.947414249876406],[33.03170053499647,1.93949543594845],[33.02254130474495,1.926263756759467],[33.02597413383218,1.921687515515464],[33.01923124827771,1.905348057865058],[33.00752885729591,1.906855075721301],[33.00230720385659,1.900479915234907],[33.00158171074512,1.923951778079966],[33.00866640405534,1.926257664598397],[33.00522649524675,1.93104704589777],[33.005122584475394,1.950038552552996],[33.019563584644146,1.972239443278982],[33.02059785066267,1.986955840075206],[33.01493184704378,2.004075471671753],[33.0214816839368,2.014454517497398],[33.01292274416842,2.016054549351121],[33.001208896819186,2.012885535453008],[33.00370764814651,2.02495110499448],[32.999999999989754,2.035167094063875],[33.00178606161182,2.038210137019256],[32.9975,2.0409],[32.9963,2.0421],[32.9962,2.0422],[32.9946,2.0435],[32.9909,2.0468],[32.9883,2.0507],[32.9864,2.0541],[32.9823,2.0614],[32.9812,2.063],[32.9784,2.0662],[32.975,2.0675],[32.9724,2.0667],[32.9693,2.0652],[32.9672,2.0652],[32.9657,2.0649],[32.9592,2.0615],[32.9579,2.0622],[32.9569,2.0624],[32.9561,2.0618],[32.9554,2.0619],[32.9548,2.0621],[32.9542,2.0615],[32.9529,2.0602],[32.9523,2.0594],[32.9518,2.059],[32.9508,2.0587],[32.9484,2.0595],[32.9473,2.0605],[32.9462,2.0606],[32.9459,2.0603],[32.9452,2.0604],[32.9444,2.0603],[32.9431,2.0596],[32.9425,2.0599],[32.9416,2.0603],[32.9386,2.0597],[32.9375,2.06],[32.937,2.0612],[32.9366,2.0617],[32.9358,2.0628],[32.9357,2.064],[32.935,2.0653],[32.9347,2.0655],[32.935,2.067],[32.9354,2.0687],[32.9356,2.0706],[32.9338,2.0722],[32.9328,2.0725],[32.9323,2.0729],[32.9291,2.0764],[32.9264,2.0784],[32.9218,2.0798],[32.9198,2.0803],[32.9148,2.08],[32.9082,2.076],[32.9064,2.0756],[32.9057,2.0755],[32.9037,2.075],[32.9013,2.0742],[32.8979,2.0728],[32.8964,2.0723],[32.8958,2.0723],[32.8954,2.0719],[32.8942,2.0713],[32.8879,2.0451],[32.8935,2.0154],[32.8845,2.0021],[32.8605,1.9895],[32.8664,1.9722],[32.8672,1.9496],[32.8695,1.9459],[32.8934,1.962],[32.9043,1.9639],[32.9177,1.9762],[32.9218,1.9668],[32.9315,1.9629],[32.9381,1.953],[32.9502,1.9479],[32.9585,1.9404],[32.9515,1.9068],[32.95300165709883,1.899685086118099]]]},"properties":{"name":"Dokolo District","id":"wMQ25dybdgH"}},
{"type":"Feature","geometry":{"type":"Polygon","coordinates":[[[30.2908,0.5759],[30.3071,0.5953],[30.3011,0.604],[30.3029,0.6142],[30.2914,0.6194],[30.2976,0.6293],[30.2964,0.6332],[30.3067,0.6324],[30.312,0.6404],[30.3209,0.6349],[30.326,0.643],[30.3223,0.6479],[30.3065,0.6521],[30.3056,0.6604],[30.3099,0.6615],[30.3089,0.6661],[30.2978,0.6681],[30.2944,0.6799],[30.2781,0.6855],[30.2714,0.6989],[30.2478,0.698],[30.2412,0.6887],[30.2388,0.6763],[30.2309,0.6799],[30.2284,0.6866],[30.2242,0.6796],[30.2177,0.6795],[30.2121,0.682],[30.2072,0.6915],[30.2017,0.6919],[30.1971,0.6974],[30.184,0.6968],[30.1822,0.6876],[30.1786,0.6868],[30.1717,0.6682],[30.1714,0.6547],[30.1662,0.65],[30.1719,0.6435],[30.1716,0.6377],[30.1779,0.6331],[30.193,0.6445],[30.213,0.6417],[30.219,0.6383],[30.2226,0.6274],[30.2441,0.6174],[30.2515,0.6067],[30.2542,0.596],[30.2553,0.5951],[30.2554,0.5951],[30.2564,0.5947],[30.2568,0.5938],[30.2607,0.5921],[30.2628,0.5914],[30.2635,0.5912],[30.2647,0.5897],[30.2652,0.5879],[30.2654,0.5878],[30.2673,0.5874],[30.2698,0.5865],[30.2706,0.586],[30.2709,0.5854],[30.2722,0.5843],[30.2725,0.5837],[30.2735,0.5825],[30.274,0.582],[30.2756,0.5817],[30.2768,0.5817],[30.2772,0.5807],[30.278,0.5803],[30.2787,0.5805],[30.2793,0.5815],[30.2842,0.5825],[30.2856,0.5829],[30.2861,0.5822],[30.2866,0.5821],[30.2873,0.5811],[30.288,0.5805],[30.2883,0.5799],[30.2898,0.5775],[30.2908,0.5759]]]},"properties":{"name":"Fort Portal City","id":"R1x33oSVR1M"}},
{"type":"Feature","geometry":{"type":"MultiPolygon","coordinates":[[[[31.5693833119699,0.073654667448937],[31.55736939213348,0.081586730515285],[31.579,0.0593],[31.6009,0.05],[31.6183,0.0426],[31.6319,0.0391],[31.6465,0.0395],[31.647555972082003,0.041214461654406],[31.63319113338692,0.04003490802712],[31.619428769889375,0.042930666042803],[31.6039136621837,0.049992526866978],[31.596435153075067,0.055737088387269],[31.583219335537024,0.058019524128064],[31.570237473408373,0.0695897675491],[31.5693833119699,0.073654667448937]]],[[[31.5693833119699,0.073654667448937],[31.572240026791153,0.070359881793083],[31.576706683813054,0.072077626939772],[31.60596371313856,0.061939945558034],[31.63686047117427,0.047726104265442],[31.63924926217831,0.055381539277018],[31.654448985777094,0.073261342407233],[31.672583171826094,0.083719875732158],[31.728706895637288,0.093345987099425],[31.743138635175605,0.092975094088578],[31.753226789286995,0.089105681607184],[31.76255804645424,0.092802230179944],[31.77606354854406,0.08876117904558],[31.791448603959346,0.075179200191707],[31.822896162175503,0.064607675649852],[31.8406,0.0815],[31.8562,0.0908],[31.8876,0.0963],[31.908,0.1182],[31.9161,0.1229],[31.9313,0.1202],[31.9391,0.1098],[31.9486,0.105],[31.9596,0.1137],[31.9804,0.1095],[31.995,0.1273],[32.0007,0.1262],[32.0153,0.1348],[32.0206,0.1321],[32.0307,0.1339],[32.0359,0.13],[32.0494,0.1324],[32.0519,0.1411],[32.062,0.1501],[32.0671,0.1641],[32.0742,0.1699],[32.0768,0.1683],[32.0811,0.1748],[32.0768,0.1898],[32.0809,0.2025],[32.0869,0.2017],[32.0932,0.205],[32.1166,0.1997],[32.1181,0.2215],[32.1308,0.2353],[32.1405,0.2298],[32.1479,0.2443],[32.1549,0.245],[32.156,0.2499],[32.1533,0.2504],[32.1521,0.2586],[32.1463,0.2677],[32.137,0.2709],[32.1288,0.2825],[32.1137,0.2909],[32.1006,0.2899],[32.0895,0.2975],[32.0768,0.2921],[32.081,0.2845],[32.0767,0.2733],[32.0606,0.2684],[32.0572,0.2644],[32.0495,0.2651],[32.0469,0.27],[32.029,0.2639],[32.0254,0.2556],[32.0282,0.2441],[32.021,0.2424],[32.0138,0.247],[31.9996,0.2466],[31.9831,0.2266],[31.968,0.229],[31.9563,0.2209],[31.9314,0.2316],[31.9265,0.2268],[31.9235,0.2163],[31.9127,0.2122],[31.901,0.2261],[31.8677,0.2302],[31.8579,0.2449],[31.8438,0.2483],[31.8428,0.2529],[31.8506,0.266],[31.8465228547404,0.274615104993924],[31.832126605051123,0.264819822628217],[31.796534022365048,0.249861400118998],[31.74209971939819,0.217678402948278],[31.73352329543748,0.211405053393665],[31.72343852137714,0.195370312659572],[31.71067660163421,0.215801294676219],[31.729779572343087,0.243420427659149],[31.7205,0.265],[31.6997,0.2852],[31.6854,0.2923],[31.6559,0.2954],[31.6431,0.3066],[31.6413,0.3148],[31.6283,0.3325],[31.6171,0.3346],[31.6118,0.3308],[31.606,0.3337],[31.5905,0.3475],[31.5816,0.3601],[31.5703,0.3677],[31.5465,0.3476],[31.5202,0.3346],[31.5,0.3172],[31.4567,0.3063],[31.437,0.3068],[31.4061,0.2983],[31.3622,0.2926],[31.3485,0.2839],[31.3415,0.2833],[31.318,0.2539],[31.3131,0.2384],[31.311,0.2104],[31.3033,0.2074],[31.3023,0.2019],[31.3127,0.2011],[31.3283,0.2085],[31.3579,0.205],[31.3713,0.2077],[31.4065,0.1984],[31.4106,0.1931],[31.4088,0.1838],[31.4197,0.1634],[31.4375,0.1603],[31.4572,0.1476],[31.4791,0.1429],[31.4878,0.1386],[31.5008,0.126],[31.530688711423217,0.109279491906021],[31.537325021706508,0.117841042257023],[31.542752236826118,0.115117560853789],[31.56710382910418,0.084503712535371],[31.5693833119699,0.073654667448937]]]]},"properties":{"name":"Gomba District","id":"lQj3yMM1lI7"}},
{"type":"Feature","geometry":{"type":"Polygon","coordinates":[[[32.1722,2.7223],[32.1884,2.7254],[32.2015,2.7218],[32.224,2.7304],[32.2284,2.73],[32.2319,2.7237],[32.2425,2.7181],[32.2601,2.7341],[32.2722,2.7203],[32.2608,2.6987],[32.2677,2.6907],[32.2788,2.6916],[32.2876,2.7088],[32.3076,2.7028],[32.3213,2.7023],[32.333,2.6949],[32.3473,2.6947],[32.3489,2.7065],[32.3401,2.7134],[32.3369,2.7243],[32.3393,2.7342],[32.3323,2.7386],[32.3302,2.7437],[32.3304,2.7444],[32.3306,2.7451],[32.3306,2.7457],[32.3307,2.7464],[32.3307,2.7469],[32.3309,2.7486],[32.3315,2.7499],[32.3328,2.752],[32.3355,2.7559],[32.3465,2.7551],[32.3612,2.7588],[32.3614,2.7711],[32.3669,2.7753],[32.3679,2.7802],[32.3692,2.7802],[32.3713,2.7799],[32.3751,2.7795],[32.3816,2.7756],[32.384,2.7769],[32.3854,2.7786],[32.3898,2.7831],[32.3905,2.783],[32.3914,2.8074],[32.3789,2.8153],[32.3649,2.8074],[32.3468,2.8186],[32.3384,2.8378],[32.3459,2.8511],[32.3297,2.8808],[32.3195,2.8852],[32.307,2.8747],[32.2949,2.87],[32.2848,2.8559],[32.2724,2.8508],[32.2639,2.8585],[32.2496,2.8607],[32.2573,2.8451],[32.2558,2.8325],[32.2605,2.8279],[32.2683,2.8002],[32.2651,2.7928],[32.267,2.7867],[32.2537,2.7834],[32.2507,2.7912],[32.2468,2.788],[32.2446,2.7832],[32.2473,2.7657],[32.244,2.7663],[32.2405,2.767],[32.2361,2.768],[32.2304,2.7649],[32.226,2.7624],[32.2237,2.7611],[32.2219,2.7607],[32.2205,2.7596],[32.2186,2.7583],[32.2172,2.758],[32.2149,2.7574],[32.2121,2.7562],[32.2109,2.7561],[32.2086,2.7561],[32.2065,2.756],[32.2049,2.7563],[32.2032,2.7558],[32.2024,2.7561],[32.2012,2.7566],[32.1988,2.7576],[32.1985,2.7578],[32.1979,2.7584],[32.1962,2.7599],[32.1952,2.7604],[32.1936,2.7613],[32.192,2.7617],[32.1914,2.7618],[32.1893,2.7622],[32.1883,2.7626],[32.1863,2.7605],[32.1818,2.7549],[32.1804,2.7527],[32.1798,2.7515],[32.1796,2.7511],[32.1786,2.747],[32.1783,2.7467],[32.1762,2.7452],[32.1755,2.7447],[32.1741,2.7431],[32.1742,2.7415],[32.1747,2.74],[32.1745,2.7387],[32.1743,2.738],[32.1742,2.7376],[32.1741,2.7374],[32.1736,2.7377],[32.1733,2.7371],[32.1732,2.7364],[32.1728,2.7357],[32.1728,2.7348],[32.1727,2.7345],[32.1724,2.7339],[32.1726,2.7334],[32.1722,2.7319],[32.1711,2.7312],[32.1708,2.7297],[32.1717,2.7287],[32.1712,2.7269],[32.1715,2.7259],[32.172,2.7242],[32.1723,2.7224],[32.1722,2.7223]]]},"properties":{"name":"Gulu City","id":"szlrGpmFlu9"}},
{"type":"Feature","geometry":{"type":"Polygon","coordinates":[[[32.2361,2.768],[32.2405,2.767],[32.244,2.7663],[32.2473,2.7657],[32.2446,2.7832],[32.2468,2.788],[32.2507,2.7912],[32.2537,2.7834],[32.267,2.7867],[32.2651,2.7928],[32.2683,2.8002],[32.2605,2.8279],[32.2558,2.8325],[32.2573,2.8451],[32.2496,2.8607],[32.2639,2.8585],[32.2724,2.8508],[32.2848,2.8559],[32.2949,2.87],[32.307,2.8747],[32.3195,2.8852],[32.3297,2.8808],[32.3459,2.8511],[32.3384,2.8378],[32.3468,2.8186],[32.3649,2.8074],[32.3789,2.8153],[32.3914,2.8074],[32.3905,2.783],[32.392,2.7822],[32.3933,2.7824],[32.3942,2.7818],[32.396,2.7815],[32.3982,2.7805],[32.3994,2.7804],[32.4012,2.7805],[32.4051,2.7774],[32.4064,2.7752],[32.4074,2.774],[32.408,2.7729],[32.4106,2.7729],[32.4112,2.7737],[32.412,2.7752],[32.4125,2.7762],[32.4137,2.7778],[32.4142,2.7783],[32.4159,2.7793],[32.4164,2.78],[32.417,2.7795],[32.418,2.7796],[32.4187,2.7797],[32.4202,2.78],[32.4214,2.7788],[32.422,2.778],[32.4227,2.7778],[32.4255,2.7751],[32.4265,2.7744],[32.4275,2.7743],[32.4285,2.7744],[32.4298,2.7753],[32.4306,2.7764],[32.431,2.7771],[32.4318,2.7784],[32.4324,2.7787],[32.4337,2.7792],[32.4347,2.7797],[32.4359,2.7803],[32.4384,2.7831],[32.4383,2.7835],[32.4381,2.7843],[32.4396,2.7852],[32.4399,2.7857],[32.4401,2.7865],[32.4411,2.7869],[32.4418,2.7875],[32.4433,2.7874],[32.4442,2.7884],[32.4451,2.7894],[32.4455,2.7906],[32.4473,2.7911],[32.4507,2.7937],[32.4515,2.7936],[32.453,2.7938],[32.4534,2.7936],[32.454,2.7926],[32.4544,2.7911],[32.4546,2.7896],[32.4552,2.7877],[32.4564,2.7858],[32.4577,2.7855],[32.4585,2.7853],[32.4607,2.785],[32.4616,2.7833],[32.4621,2.7832],[32.4626,2.7831],[32.4641,2.7838],[32.4645,2.7857],[32.4654,2.7866],[32.4663,2.7869],[32.4667,2.7869],[32.4676,2.787],[32.4685,2.7867],[32.4701,2.7866],[32.4709,2.7862],[32.4724,2.786],[32.4742,2.7864],[32.4746,2.786],[32.4751,2.7855],[32.4761,2.7858],[32.4766,2.7861],[32.4777,2.7862],[32.4796,2.7857],[32.4815,2.7875],[32.4822,2.7893],[32.484,2.7909],[32.4841,2.7918],[32.484,2.7924],[32.4855,2.7948],[32.4874,2.7941],[32.4884,2.7941],[32.4895,2.7949],[32.4905,2.7957],[32.4929,2.7959],[32.494,2.7975],[32.4959,2.7984],[32.5003,2.8007],[32.5009,2.8009],[32.5012,2.8009],[32.5018,2.8027],[32.5026,2.8039],[32.5034,2.805],[32.5042,2.8058],[32.5045,2.8061],[32.5058,2.8066],[32.5068,2.8065],[32.508,2.8069],[32.5091,2.8076],[32.5093,2.8088],[32.5101,2.8104],[32.5119,2.8094],[32.5127,2.8089],[32.5141,2.8087],[32.5154,2.8099],[32.5163,2.8097],[32.5155,2.8047],[32.5152,2.8034],[32.5148,2.8021],[32.5151,2.8005],[32.5164,2.7992],[32.5173,2.7984],[32.5183,2.7987],[32.5191,2.7962],[32.52,2.795],[32.5207,2.7933],[32.5214,2.7926],[32.5216,2.7904],[32.5222,2.79],[32.5234,2.7906],[32.5266,2.7912],[32.529,2.791],[32.5313,2.7904],[32.5329,2.7896],[32.5342,2.7889],[32.5357,2.7872],[32.5368,2.7861],[32.5385,2.784],[32.5393,2.7828],[32.5415,2.7815],[32.5443,2.7818],[32.5463,2.7805],[32.5476,2.7795],[32.5488,2.7777],[32.5645,2.7842],[32.5682,2.7849],[32.5684,2.7848],[32.5696,2.7851],[32.5699,2.7851],[32.5713,2.7845],[32.5727,2.7839],[32.5732,2.7835],[32.5757,2.784],[32.5772,2.7839],[32.5784,2.7849],[32.5809,2.7862],[32.5825,2.7876],[32.5855,2.7895],[32.5871,2.7907],[32.5893,2.7917],[32.5907,2.7921],[32.5923,2.7936],[32.5931,2.7942],[32.595,2.7955],[32.5993,2.7967],[32.6002,2.7967],[32.603,2.795],[32.6043,2.7946],[32.6063,2.7947],[32.6089,2.7947],[32.6112,2.7937],[32.6128,2.7927],[32.6146,2.7919],[32.6152,2.7916],[32.618,2.7919],[32.6188,2.7927],[32.6194,2.7931],[32.6223,2.7931],[32.6234,2.794],[32.6252,2.7953],[32.6255,2.7961],[32.6254,2.7971],[32.6259,2.7985],[32.6284,2.8011],[32.6281,2.8037],[32.6302,2.8055],[32.6309,2.8065],[32.6311,2.8078],[32.6335,2.8126],[32.6333,2.8137],[32.6333,2.8143],[32.6332,2.8154],[32.633,2.8158],[32.6338,2.8177],[32.6346,2.819],[32.6345,2.8201],[32.6357,2.8216],[32.6376,2.823],[32.6382,2.8236],[32.6394,2.8241],[32.6406,2.824],[32.6433,2.8246],[32.6437,2.8256],[32.6446,2.8255],[32.6448,2.8265],[32.6461,2.8276],[32.6466,2.8282],[32.6471,2.8283],[32.648,2.8293],[32.6481,2.8314],[32.6479,2.8331],[32.6482,2.8335],[32.6488,2.8335],[32.6492,2.8326],[32.6497,2.8328],[32.6497,2.8333],[32.65,2.8337],[32.6511,2.8341],[32.6516,2.8346],[32.6528,2.8357],[32.6536,2.8357],[32.6536,2.8374],[32.6563,2.8384],[32.659,2.8398],[32.6586,2.8421],[32.6581,2.843],[32.6579,2.8436],[32.6581,2.8443],[32.6583,2.845],[32.6578,2.846],[32.6569,2.847],[32.6563,2.8476],[32.6554,2.8491],[32.6533,2.8521],[32.6531,2.8523],[32.6519,2.8538],[32.6506,2.8551],[32.6495,2.8563],[32.6486,2.8581],[32.6457,2.8634],[32.6444,2.8646],[32.6436,2.8653],[32.6426,2.8668],[32.6408,2.8705],[32.64,2.8718],[32.6386,2.873],[32.6372,2.8727],[32.6369,2.8728],[32.6363,2.8732],[32.6352,2.8746],[32.6345,2.8755],[32.6345,2.876],[32.6346,2.8762],[32.6353,2.8771],[32.6355,2.8778],[32.6348,2.8794],[32.6345,2.8798],[32.6335,2.8819],[32.6332,2.8823],[32.6322,2.8837],[32.6296,2.8876],[32.6291,2.8884],[32.6287,2.889],[32.6281,2.89],[32.6272,2.8911],[32.6258,2.8935],[32.6242,2.896],[32.623,2.8983],[32.6222,2.8997],[32.6219,2.9001],[32.6204,2.9018],[32.618,2.9061],[32.6169,2.908],[32.6153,2.9107],[32.6148,2.9116],[32.6137,2.9134],[32.6094,2.9202],[32.6089,2.9211],[32.6089,2.9212],[32.6059,2.9256],[32.6057,2.926],[32.6053,2.9271],[32.5999,2.9338],[32.5984,2.9361],[32.5972,2.938],[32.5965,2.9393],[32.5963,2.9397],[32.5954,2.941],[32.5946,2.9421],[32.5944,2.9426],[32.593,2.9444],[32.5924,2.9452],[32.5919,2.9458],[32.5905,2.9474],[32.5895,2.949],[32.5887,2.9504],[32.588,2.9508],[32.5861,2.9512],[32.585,2.9523],[32.5843,2.9537],[32.5835,2.9545],[32.5829,2.9558],[32.5822,2.9566],[32.5814,2.9574],[32.5811,2.9578],[32.5781,2.9614],[32.5783,2.9641],[32.5764,2.9677],[32.5762,2.9682],[32.5758,2.9702],[32.5742,2.973],[32.5736,2.9739],[32.5726,2.9759],[32.5682,2.9826],[32.563,2.9914],[32.5593,2.9971],[32.5583,2.9993],[32.5575,3.0014],[32.5567,3.0031],[32.556,3.0047],[32.5536,3.009],[32.5525,3.0117],[32.5501,3.0151],[32.5453,3.0213],[32.5431,3.0226],[32.5422,3.0239],[32.5406,3.026],[32.5401,3.0265],[32.5355,3.0298],[32.5343,3.0317],[32.5335,3.0327],[32.533,3.0339],[32.5333,3.0351],[32.5328,3.0375],[32.5303,3.0398],[32.5288,3.0399],[32.5282,3.0401],[32.5277,3.0411],[32.5278,3.0431],[32.5277,3.0447],[32.5257,3.047],[32.5251,3.0477],[32.5237,3.0499],[32.5192,3.058],[32.5175,3.0601],[32.5175,3.064],[32.5162,3.0659],[32.515,3.0671],[32.5133,3.0677],[32.5129,3.0676],[32.5115,3.0672],[32.5093,3.0695],[32.508,3.0722],[32.5053,3.0769],[32.504,3.0788],[32.5034,3.0797],[32.5025,3.0811],[32.5012,3.0836],[32.4993,3.0875],[32.4976,3.0887],[32.4947,3.0906],[32.4928,3.0936],[32.4918,3.0949],[32.4888,3.0982],[32.4865,3.1003],[32.4857,3.102],[32.4855,3.1039],[32.4854,3.105],[32.4842,3.1097],[32.4773,3.1172],[32.4752,3.1197],[32.4733,3.1208],[32.4702,3.1254],[32.4826,3.1297],[32.486,3.1307],[32.4888,3.1316],[32.492,3.1327],[32.4948,3.1326],[32.4975,3.1324],[32.5025,3.1315],[32.5048,3.1313],[32.5059,3.1311],[32.5107,3.1305],[32.5127,3.13],[32.5163,3.1298],[32.5187,3.1289],[32.5207,3.1281],[32.5218,3.129],[32.5218,3.1296],[32.5216,3.1308],[32.5207,3.1325],[32.5199,3.1336],[32.5183,3.1353],[32.518,3.1357],[32.5175,3.1367],[32.5166,3.1373],[32.5161,3.1387],[32.5157,3.1393],[32.5151,3.1405],[32.515,3.1426],[32.5145,3.1439],[32.5136,3.145],[32.5136,3.1466],[32.5135,3.1468],[32.5137,3.1472],[32.5145,3.1473],[32.516,3.1477],[32.5176,3.1559],[32.5171,3.158],[32.5164,3.1584],[32.5149,3.1578],[32.5143,3.1575],[32.5129,3.1571],[32.5117,3.1581],[32.5106,3.1597],[32.5058,3.1638],[32.5046,3.1639],[32.5006,3.1668],[32.4998,3.1687],[32.4989,3.1713],[32.4969,3.1749],[32.4957,3.1763],[32.4949,3.1796],[32.4961,3.1821],[32.4964,3.1855],[32.4957,3.1861],[32.4915,3.1865],[32.4899,3.1915],[32.4906,3.1945],[32.4912,3.1999],[32.4878,3.2043],[32.4863,3.2047],[32.4822,3.2085],[32.4784,3.2126],[32.4725,3.2146],[32.4685,3.2167],[32.4673,3.2183],[32.4674,3.2193],[32.4682,3.222],[32.4676,3.2227],[32.4637,3.2246],[32.4591,3.2272],[32.4585,3.2303],[32.4578,3.2308],[32.4555,3.2303],[32.4546,3.2303],[32.4505,3.2304],[32.4502,3.2303],[32.4464,3.2311],[32.4472,3.2331],[32.4474,3.2362],[32.4418,3.2382],[32.4405,3.2385],[32.4375,3.2406],[32.4361,3.241],[32.4335,3.2412],[32.4315,3.2412],[32.428,3.2434],[32.4264,3.2452],[32.4221,3.2474],[32.4202,3.2475],[32.4194,3.2476],[32.418,3.2473],[32.4178,3.2473],[32.4163,3.2472],[32.411,3.2507],[32.4064,3.2536],[32.4043,3.2549],[32.4012,3.2582],[32.3977,3.2589],[32.3955,3.2614],[32.3951,3.2636],[32.3917,3.2691],[32.3882,3.2766],[32.3884,3.2807],[32.3868,3.2846],[32.3844,3.2869],[32.3839,3.2877],[32.3829,3.2907],[32.3811,3.2923],[32.3789,3.2943],[32.3777,3.2955],[32.3738,3.2973],[32.3712,3.2986],[32.3658,3.2987],[32.3631,3.2991],[32.3596,3.2996],[32.3598,3.2985],[32.3591,3.2977],[32.3597,3.2965],[32.3595,3.2947],[32.3592,3.2938],[32.3592,3.2935],[32.3598,3.2928],[32.3605,3.2931],[32.361,3.2933],[32.3613,3.2928],[32.3613,3.2923],[32.3612,3.2919],[32.3609,3.2917],[32.3609,3.2905],[32.3603,3.2906],[32.3603,3.2904],[32.3603,3.2898],[32.3597,3.289],[32.3599,3.2876],[32.3601,3.2867],[32.3598,3.285],[32.36,3.2842],[32.3599,3.2827],[32.3603,3.2828],[32.3609,3.2824],[32.3612,3.282],[32.3616,3.2814],[32.3616,3.2807],[32.3617,3.2801],[32.3615,3.2792],[32.3622,3.2793],[32.3626,3.2782],[32.3632,3.2781],[32.3635,3.278],[32.3634,3.2772],[32.3639,3.277],[32.3636,3.2761],[32.3642,3.2749],[32.3642,3.2743],[32.364,3.2736],[32.3639,3.2727],[32.364,3.2721],[32.3646,3.2708],[32.3643,3.2701],[32.3613,3.2653],[32.3603,3.2648],[32.3595,3.2645],[32.3588,3.2647],[32.358,3.2648],[32.3562,3.2657],[32.3559,3.2663],[32.3553,3.2662],[32.3547,3.2663],[32.3542,3.2661],[32.3537,3.2664],[32.3524,3.2663],[32.3512,3.2665],[32.351,3.267],[32.3502,3.267],[32.3488,3.2661],[32.3484,3.2658],[32.3474,3.2652],[32.3466,3.2653],[32.3458,3.2661],[32.3455,3.2661],[32.3455,3.2655],[32.3453,3.2654],[32.3447,3.2654],[32.3439,3.2649],[32.3438,3.2648],[32.3433,3.264],[32.343,3.2633],[32.3429,3.2628],[32.341,3.2617],[32.3396,3.261],[32.3378,3.2611],[32.3345,3.2595],[32.3339,3.2589],[32.3324,3.2568],[32.3307,3.2547],[32.3264,3.2482],[32.328,3.2468],[32.3318,3.2436],[32.3334,3.2415],[32.3363,3.2374],[32.3389,3.2335],[32.3383,3.2333],[32.3368,3.2344],[32.334,3.2345],[32.3334,3.2346],[32.3323,3.2342],[32.3316,3.2339],[32.331,3.2331],[32.3304,3.2336],[32.3294,3.2342],[32.3277,3.233],[32.3239,3.2269],[32.3202,3.221],[32.3159,3.2145],[32.3131,3.21],[32.3111,3.2066],[32.3084,3.2022],[32.3068,3.1999],[32.2947,3.1805],[32.2869,3.1666],[32.2864,3.1658],[32.2852,3.1649],[32.2847,3.1632],[32.2824,3.1577],[32.2814,3.1557],[32.2806,3.1546],[32.2805,3.1521],[32.2804,3.1488],[32.2804,3.1459],[32.2799,3.1413],[32.2782,3.1414],[32.2767,3.1415],[32.2755,3.1405],[32.275,3.14],[32.272,3.139],[32.2713,3.1384],[32.2673,3.1366],[32.267,3.1362],[32.2664,3.1355],[32.2661,3.1356],[32.2652,3.1357],[32.2647,3.1353],[32.2646,3.1345],[32.2644,3.1343],[32.2649,3.1327],[32.2649,3.1321],[32.2652,3.1312],[32.2646,3.1309],[32.2641,3.1305],[32.2627,3.1308],[32.261,3.1346],[32.2606,3.1351],[32.2589,3.1353],[32.2585,3.1374],[32.258,3.1385],[32.257,3.1384],[32.2555,3.1399],[32.2554,3.1403],[32.2534,3.1388],[32.2529,3.1388],[32.2516,3.1385],[32.2505,3.138],[32.249,3.1372],[32.2482,3.1382],[32.2455,3.1396],[32.2435,3.1426],[32.243,3.1446],[32.2414,3.1448],[32.2405,3.1441],[32.2412,3.1414],[32.2415,3.1394],[32.2408,3.1372],[32.2415,3.1354],[32.2418,3.1355],[32.244,3.1344],[32.2448,3.1327],[32.2453,3.1298],[32.2451,3.1286],[32.2519,3.126],[32.2539,3.1206],[32.2526,3.1197],[32.2527,3.1129],[32.2527,3.1115],[32.2536,3.1098],[32.2525,3.1093],[32.2524,3.1086],[32.2513,3.1077],[32.25,3.1071],[32.2489,3.1032],[32.2486,3.1017],[32.2458,3.1002],[32.2441,3.1005],[32.2441,3.1003],[32.244,3.0974],[32.2433,3.0962],[32.2439,3.0944],[32.2439,3.0937],[32.243,3.0931],[32.2421,3.0921],[32.2413,3.0904],[32.2407,3.0856],[32.2421,3.0831],[32.2397,3.0812],[32.2383,3.0783],[32.2392,3.0777],[32.2388,3.0742],[32.2362,3.072],[32.2348,3.071],[32.2328,3.0697],[32.2317,3.0687],[32.2317,3.0675],[32.2324,3.0665],[32.2339,3.0655],[32.2344,3.0631],[32.2344,3.0624],[32.2331,3.0616],[32.2319,3.0612],[32.2315,3.0611],[32.2309,3.0622],[32.2312,3.0631],[32.231,3.0644],[32.2285,3.0656],[32.2272,3.0658],[32.2268,3.0638],[32.2274,3.0619],[32.2278,3.0606],[32.2276,3.0584],[32.2269,3.0563],[32.2263,3.0551],[32.2259,3.053],[32.2259,3.0492],[32.2259,3.0471],[32.2261,3.0456],[32.227,3.0447],[32.2267,3.0433],[32.227,3.0405],[32.2266,3.0375],[32.2264,3.0357],[32.2263,3.0346],[32.2273,3.0325],[32.2281,3.0317],[32.2278,3.0299],[32.2275,3.0289],[32.2282,3.0283],[32.2285,3.025],[32.2284,3.0219],[32.2281,3.0211],[32.2283,3.0198],[32.2297,3.0181],[32.2305,3.016],[32.2302,3.0152],[32.2297,3.0152],[32.2291,3.0144],[32.2287,3.0133],[32.2292,3.012],[32.2288,3.01],[32.2279,3.0091],[32.2275,3.009],[32.2261,3.009],[32.226,3.0081],[32.2268,3.0052],[32.2282,3.0036],[32.2274,3.0002],[32.2264,3.0001],[32.2255,2.9996],[32.2246,2.9987],[32.2237,2.9981],[32.2221,2.9969],[32.2216,2.9974],[32.2205,2.9976],[32.2191,2.9983],[32.2183,2.9983],[32.2172,2.999],[32.2163,3.0005],[32.2159,3.0013],[32.2136,3.0007],[32.213,2.9996],[32.2116,3.0001],[32.2111,3.0015],[32.2096,3.0012],[32.2068,2.9982],[32.2066,2.9965],[32.2069,2.9951],[32.2065,2.9941],[32.2048,2.9948],[32.2041,2.9944],[32.2026,2.9941],[32.202,2.9934],[32.2019,2.9925],[32.2029,2.9924],[32.2031,2.9911],[32.2022,2.9898],[32.2008,2.9889],[32.1995,2.9882],[32.1975,2.9873],[32.1965,2.9872],[32.1962,2.9876],[32.1954,2.9868],[32.1928,2.9857],[32.1928,2.9849],[32.1925,2.9843],[32.1918,2.9842],[32.1915,2.9838],[32.1904,2.982],[32.1901,2.981],[32.1897,2.9801],[32.1891,2.9786],[32.189,2.9784],[32.1895,2.9778],[32.1888,2.9759],[32.1885,2.9747],[32.1882,2.9735],[32.188,2.9727],[32.1872,2.9721],[32.1869,2.9698],[32.1865,2.9687],[32.1866,2.9679],[32.1863,2.9663],[32.1868,2.965],[32.1866,2.9641],[32.1867,2.9637],[32.1867,2.9629],[32.1866,2.9616],[32.1865,2.9609],[32.1866,2.9608],[32.1878,2.9603],[32.1884,2.9574],[32.1891,2.9565],[32.1891,2.9532],[32.1883,2.9522],[32.1887,2.9495],[32.1884,2.9488],[32.1884,2.9481],[32.188,2.9478],[32.1878,2.9469],[32.1878,2.9454],[32.1881,2.9444],[32.1883,2.9441],[32.1888,2.9431],[32.1883,2.9424],[32.1887,2.9408],[32.189,2.9405],[32.19,2.94],[32.1899,2.939],[32.1899,2.9372],[32.1898,2.9355],[32.1887,2.9343],[32.1888,2.9324],[32.1882,2.9315],[32.1879,2.9305],[32.1878,2.9297],[32.1882,2.9289],[32.1891,2.9283],[32.1894,2.9279],[32.1899,2.9269],[32.1905,2.9265],[32.1905,2.9245],[32.1908,2.9217],[32.1915,2.9207],[32.1905,2.9194],[32.1907,2.9188],[32.1909,2.9189],[32.1916,2.9189],[32.1924,2.9163],[32.1921,2.9156],[32.1922,2.914],[32.1925,2.9131],[32.1923,2.9126],[32.1921,2.9121],[32.1927,2.9119],[32.1929,2.9115],[32.1932,2.9111],[32.1935,2.9097],[32.1935,2.9082],[32.1929,2.9079],[32.1925,2.9074],[32.1921,2.9069],[32.1914,2.9061],[32.1913,2.905],[32.1915,2.9042],[32.1923,2.9024],[32.1921,2.9013],[32.1925,2.9008],[32.1931,2.9005],[32.1936,2.9001],[32.1939,2.8996],[32.194,2.899],[32.1942,2.8986],[32.1944,2.8984],[32.1952,2.8978],[32.1954,2.8973],[32.1953,2.8945],[32.1962,2.8929],[32.1957,2.8921],[32.1959,2.8914],[32.1963,2.8916],[32.1971,2.8909],[32.1977,2.8908],[32.1981,2.8862],[32.1988,2.8855],[32.1991,2.8849],[32.1993,2.8839],[32.2006,2.8798],[32.2012,2.879],[32.2024,2.8771],[32.2028,2.8761],[32.2028,2.8758],[32.2033,2.8743],[32.2055,2.8712],[32.2061,2.8701],[32.2087,2.8679],[32.2106,2.8631],[32.2105,2.8606],[32.2102,2.8592],[32.2094,2.8587],[32.2093,2.8583],[32.2083,2.8574],[32.2082,2.8558],[32.2077,2.8507],[32.2077,2.8492],[32.2089,2.8462],[32.2096,2.844],[32.2099,2.843],[32.2101,2.8422],[32.2102,2.8421],[32.2104,2.8414],[32.2108,2.8397],[32.2114,2.8377],[32.2116,2.8367],[32.2125,2.8339],[32.2125,2.8315],[32.2135,2.8273],[32.2186,2.8142],[32.22,2.8106],[32.2229,2.8034],[32.2242,2.7999],[32.2268,2.7935],[32.2277,2.7912],[32.2296,2.7864],[32.23,2.785],[32.232,2.7801],[32.2349,2.7728],[32.2365,2.7682],[32.2361,2.768]]]},"properties":{"name":"Gulu District","id":"Gwk4wkLz7EW"}},
{"type":"Feature","geometry":{"type":"Polygon","coordinates":[[[31.4013,1.3624],[31.4056,1.3625],[31.4077,1.3741],[31.4172,1.3884],[31.4268,1.3923],[31.434,1.4001],[31.4306,1.4248],[31.4366,1.4495],[31.4328,1.4602],[31.4084,1.4643],[31.4045,1.4629],[31.4004,1.4519],[31.3985,1.4636],[31.393,1.4678],[31.3919,1.473],[31.3867,1.4739],[31.3901,1.481],[31.3882,1.4833],[31.3922,1.4849],[31.3918,1.4916],[31.3988,1.497],[31.3973,1.5056],[31.3859,1.5031],[31.3839,1.4948],[31.3653,1.4905],[31.3654,1.4874],[31.3349,1.4962],[31.3311,1.506],[31.326,1.5039],[31.311,1.5148],[31.3045,1.5141],[31.2994,1.5075],[31.2927,1.5062],[31.2855,1.4993],[31.2998,1.4854],[31.2907,1.4792],[31.2782,1.4798],[31.2718,1.4768],[31.2717,1.4768],[31.2724,1.4764],[31.2752,1.4746],[31.2761,1.4742],[31.2766,1.4738],[31.2774,1.4728],[31.278,1.4717],[31.2786,1.4702],[31.2789,1.4698],[31.2799,1.4687],[31.2806,1.4676],[31.2819,1.466],[31.2835,1.4648],[31.2844,1.4645],[31.2856,1.4636],[31.2864,1.4625],[31.289,1.4606],[31.2877,1.459],[31.2856,1.4572],[31.2841,1.4555],[31.2837,1.4546],[31.2832,1.4539],[31.2828,1.453],[31.2826,1.451],[31.2825,1.4507],[31.2825,1.4505],[31.2827,1.4497],[31.2827,1.4492],[31.2822,1.448],[31.2816,1.4473],[31.2811,1.4466],[31.2808,1.4458],[31.2804,1.4449],[31.2802,1.444],[31.2802,1.4439],[31.2799,1.4428],[31.2797,1.4424],[31.2786,1.4406],[31.2776,1.4393],[31.2773,1.4388],[31.2768,1.4381],[31.2767,1.4378],[31.2765,1.4372],[31.2751,1.4349],[31.2737,1.433],[31.2728,1.4319],[31.2722,1.4311],[31.2718,1.429],[31.2717,1.4272],[31.2714,1.4252],[31.2714,1.4233],[31.2714,1.423],[31.2715,1.4223],[31.2717,1.4212],[31.2717,1.4203],[31.2722,1.4179],[31.2713,1.416],[31.271,1.4147],[31.2704,1.4133],[31.2698,1.412],[31.2695,1.41],[31.2694,1.4078],[31.2686,1.4075],[31.2678,1.4067],[31.2677,1.4056],[31.2675,1.404],[31.2673,1.4036],[31.2677,1.4034],[31.269,1.4029],[31.2705,1.4015],[31.271,1.3998],[31.2712,1.3993],[31.2718,1.3966],[31.2722,1.3953],[31.2726,1.3942],[31.2733,1.3935],[31.2746,1.3927],[31.2753,1.392],[31.2756,1.3916],[31.2764,1.3906],[31.2774,1.3898],[31.2776,1.3894],[31.2779,1.3887],[31.278,1.3882],[31.2781,1.3871],[31.2784,1.386],[31.2786,1.3856],[31.2789,1.3845],[31.2791,1.384],[31.2793,1.3838],[31.2803,1.3835],[31.2822,1.3835],[31.2844,1.383],[31.2866,1.382],[31.2871,1.3811],[31.2876,1.3802],[31.2888,1.3792],[31.2896,1.3783],[31.2899,1.3775],[31.2905,1.3767],[31.2907,1.3766],[31.2911,1.3763],[31.2928,1.3743],[31.2937,1.3731],[31.294,1.3729],[31.2943,1.3726],[31.2948,1.3719],[31.295,1.3716],[31.2952,1.3712],[31.2954,1.3708],[31.2964,1.3696],[31.2966,1.3695],[31.2975,1.3693],[31.2979,1.369],[31.2984,1.3689],[31.2991,1.3682],[31.2996,1.3675],[31.2996,1.3674],[31.3009,1.3674],[31.3022,1.3684],[31.3026,1.3685],[31.3033,1.369],[31.3051,1.3691],[31.3054,1.3689],[31.306,1.3689],[31.3072,1.3683],[31.308,1.3685],[31.3086,1.3684],[31.3095,1.3679],[31.3113,1.3668],[31.3114,1.3667],[31.3119,1.3666],[31.3135,1.3666],[31.314,1.3665],[31.3147,1.3663],[31.3154,1.3657],[31.3172,1.3654],[31.3181,1.365],[31.3183,1.3643],[31.3186,1.363],[31.3194,1.3623],[31.3208,1.3622],[31.3215,1.3623],[31.3237,1.3635],[31.3243,1.3638],[31.3312,1.3644],[31.3324,1.3649],[31.3344,1.3678],[31.3352,1.369],[31.3356,1.3694],[31.3363,1.3698],[31.337,1.3699],[31.3376,1.3704],[31.3379,1.3706],[31.3399,1.3709],[31.3419,1.3693],[31.3427,1.3686],[31.3432,1.3683],[31.3439,1.3685],[31.3446,1.3687],[31.3503,1.3723],[31.3545,1.3682],[31.3588,1.3629],[31.3599,1.3589],[31.3624,1.3569],[31.3628,1.3566],[31.3641,1.3582],[31.3645,1.3586],[31.3662,1.3595],[31.3699,1.3611],[31.373,1.3622],[31.375,1.3627],[31.3754,1.3627],[31.3781,1.3614],[31.3801,1.3595],[31.3831,1.36],[31.387,1.3622],[31.3899,1.3622],[31.3906,1.3611],[31.4013,1.3624]]]},"properties":{"name":"Hoima City","id":"ZqJ9w7mzitv"}},
{"type":"Feature","geometry":{"type":"MultiPolygon","coordinates":[[[[31.4827,1.3149],[31.484846085513936,1.316316868596519],[31.47432857877115,1.311944385722857],[31.467449702586773,1.310877765499373],[31.46450504354709,1.308290779161153],[31.463008956088636,1.306608956120575],[31.4635,1.3071],[31.4656,1.3085],[31.4688,1.31],[31.4698,1.3105],[31.4709,1.3107],[31.4728,1.3112],[31.4755,1.3121],[31.4766,1.3125],[31.4778,1.313],[31.4786,1.3132],[31.4827,1.3149]]],[[[31.4457,1.2722],[31.448740687555336,1.273883867188602],[31.445051824332094,1.273819135545827],[31.44041033144892,1.271718693070167],[31.416996774616283,1.269951936422259],[31.4161,1.2691],[31.4166,1.269],[31.4177,1.269],[31.4192,1.2691],[31.4206,1.2691],[31.4216,1.2691],[31.4227,1.2691],[31.4229,1.2691],[31.4254,1.2693],[31.4272,1.2695],[31.4289,1.2697],[31.4302,1.2697],[31.4328,1.2696],[31.4341,1.2696],[31.4356,1.2695],[31.4405,1.2698],[31.4421,1.2704],[31.4447,1.2716],[31.4457,1.2722]]],[[[30.8864,1.6331],[31.0288,1.7468],[31.08733931799554,1.833153874485999],[30.9871,1.7225],[30.8834,1.63070718032485],[30.8864,1.6331]]],[[[31.3202228922132,1.79183855389728],[31.320502403061816,1.766897633360758],[31.317727188049062,1.755811682905368],[31.30272357435068,1.733659052273343],[31.29791707252059,1.713985989251333],[31.289530388857795,1.711240081421224],[31.28809396260094,1.705801582955297],[31.27404228604847,1.692452909151172],[31.260236697809574,1.683994010657713],[31.25258423315028,1.683009346765397],[31.24874290113992,1.675046353754595],[31.237752396561877,1.673113401465006],[31.236144459589138,1.663923201751207],[31.231027183631575,1.657501802280781],[31.224620143194116,1.654873599017924],[31.193258975164117,1.625258454650209],[31.17576260233609,1.616036943714793],[31.1607077183841,1.601232764892154],[31.15573514690112,1.601124279338172],[31.1429002783072,1.590366776785651],[31.136960610483495,1.590702741227398],[31.12015466910766,1.58378978373458],[31.07854912385441,1.594028045368297],[31.06926951555203,1.585230971841366],[31.06886914219435,1.588838102997312],[31.051365134256773,1.580537971688341],[31.04910862611513,1.580722047546698],[31.05084042946821,1.585571599787024],[31.05124493708598,1.592262203645369],[31.05499652505229,1.593076724420796],[31.05143566400167,1.594271118543001],[31.0675892256449,1.588955575623086],[31.049459529171102,1.597252804038738],[31.05019760570498,1.585699838705631],[31.047470157034237,1.57965693649133],[31.034692616698536,1.566702469128725],[31.024381290257157,1.5615272744191],[31.01980155048316,1.547454436981701],[31.011428278998977,1.538603700935677],[30.99723339042666,1.534345260781093],[30.970829627921393,1.533605934102551],[30.95427929300172,1.542714313265203],[30.944500030529323,1.543846302603626],[30.93644914338384,1.533134176087061],[30.9498,1.5292],[30.9506,1.5285],[30.952,1.5279],[30.9522,1.5274],[30.9523,1.5272],[30.9539,1.5259],[30.9549,1.524],[30.9558,1.5232],[30.9561,1.5229],[30.9568,1.5226],[30.957,1.5204],[30.9569,1.5191],[30.9585,1.5172],[30.9592,1.5168],[30.9606,1.5166],[30.9616,1.5158],[30.9632,1.5143],[30.9636,1.5144],[30.9651,1.5148],[30.966,1.5146],[30.969,1.5146],[30.9708,1.5146],[30.9722,1.5148],[30.9739,1.5141],[30.975,1.514],[30.9756,1.5136],[30.9779,1.5097],[30.9806,1.5082],[30.9813,1.5078],[30.9876,1.5059],[30.9898,1.5043],[30.9928,1.5035],[30.9941,1.5029],[30.9947,1.502],[30.9946,1.5015],[30.9952,1.4993],[30.9945,1.4969],[30.9943,1.4965],[30.9935,1.4954],[30.9931,1.4948],[30.9925,1.4945],[30.9918,1.4943],[30.9914,1.4935],[30.9909,1.4918],[30.9908,1.4912],[30.9907,1.4909],[30.9904,1.4905],[30.9906,1.489],[30.9912,1.4877],[30.9913,1.4866],[30.9917,1.4852],[30.9916,1.4849],[30.9915,1.484],[30.9913,1.4833],[30.9912,1.4819],[30.9906,1.4813],[30.9902,1.4811],[30.9897,1.481],[30.9861,1.4799],[30.9845,1.4782],[30.9841,1.4772],[30.9833,1.4767],[30.9824,1.4764],[30.9828,1.4754],[30.9833,1.475],[30.9835,1.4731],[30.9825,1.4723],[30.981,1.4703],[30.981,1.4699],[30.9814,1.469],[30.9823,1.4668],[30.9827,1.4657],[30.9838,1.4643],[30.9839,1.4635],[30.9844,1.4627],[30.9843,1.4618],[30.9845,1.4609],[30.9842,1.4603],[30.9849,1.4593],[30.985,1.4588],[30.985,1.4583],[30.9841,1.4556],[30.9837,1.4544],[30.9831,1.4535],[30.9824,1.4511],[30.9811,1.4489],[30.9808,1.4476],[30.981,1.4468],[30.9816,1.4458],[30.9822,1.4424],[30.9821,1.4413],[30.9824,1.4393],[30.9826,1.4375],[30.9832,1.4356],[30.9831,1.435],[30.9831,1.4335],[30.9826,1.4329],[30.9826,1.4326],[30.983,1.431],[30.9833,1.4287],[30.983,1.4265],[30.983,1.4263],[30.9844,1.4256],[30.9848,1.4255],[30.9867,1.4257],[30.9882,1.4262],[30.9891,1.4263],[30.9891,1.4258],[30.989,1.425],[30.9892,1.425],[30.9898,1.4252],[30.9902,1.4249],[30.9904,1.424],[30.9913,1.4233],[30.9923,1.4229],[30.9934,1.4225],[30.9934,1.4221],[30.9929,1.4203],[30.9925,1.4182],[30.9949,1.4167],[30.9958,1.4166],[30.9971,1.4179],[30.9974,1.418],[30.9975,1.4179],[30.9978,1.4174],[30.9981,1.4135],[30.9986,1.4133],[30.999,1.4139],[30.9994,1.4139],[30.9998,1.4131],[31.0004,1.4119],[31.0006,1.4116],[31.0019,1.4107],[31.0023,1.4098],[31.0035,1.4082],[31.0104,1.4056],[31.0116,1.4028],[31.0113,1.4021],[31.0118,1.4017],[31.0125,1.4007],[31.0139,1.3984],[31.0156,1.3972],[31.0181,1.3964],[31.0187,1.3959],[31.0197,1.3963],[31.0202,1.3963],[31.0205,1.3966],[31.0208,1.3967],[31.021,1.3963],[31.0216,1.3934],[31.0225,1.3896],[31.0227,1.3889],[31.0227,1.3886],[31.0239,1.3889],[31.0248,1.3899],[31.0267,1.391],[31.0278,1.3923],[31.0309,1.3938],[31.0319,1.3936],[31.0363,1.3918],[31.0376,1.3899],[31.0389,1.3888],[31.0442,1.3863],[31.0449,1.3868],[31.0479,1.3926],[31.0503,1.395],[31.0519,1.3956],[31.0568,1.395],[31.0604,1.3947],[31.0631,1.3939],[31.0655,1.3944],[31.0684,1.3954],[31.0695,1.3962],[31.0709,1.3966],[31.072,1.3974],[31.0727,1.3982],[31.0761,1.3973],[31.0785,1.397],[31.085,1.3986],[31.0875,1.3998],[31.0896,1.4017],[31.0976,1.3997],[31.0988,1.3997],[31.1009,1.4004],[31.105,1.4016],[31.1059,1.4019],[31.1069,1.4029],[31.1075,1.4036],[31.1083,1.4054],[31.1101,1.4082],[31.1118,1.4124],[31.1128,1.4162],[31.1162,1.4221],[31.1176,1.422],[31.1201,1.4209],[31.123,1.4202],[31.1253,1.4206],[31.1265,1.4221],[31.1273,1.4246],[31.1282,1.4266],[31.1284,1.4275],[31.1297,1.4355],[31.1295,1.4391],[31.1303,1.4413],[31.1309,1.4436],[31.128,1.4494],[31.1222,1.4521],[31.1221,1.453],[31.1239,1.4557],[31.1245,1.4587],[31.1261,1.4597],[31.1291,1.4634],[31.1299,1.4695],[31.1304,1.4719],[31.1309,1.473],[31.1324,1.4745],[31.1346,1.4759],[31.1355,1.4764],[31.137,1.4793],[31.1366,1.4793],[31.1352,1.4796],[31.132,1.4816],[31.1315,1.4816],[31.1313,1.482],[31.1322,1.4832],[31.1327,1.4832],[31.1339,1.4837],[31.1342,1.4846],[31.1331,1.4856],[31.1321,1.486],[31.1312,1.4864],[31.1313,1.488],[31.1315,1.4892],[31.1323,1.4898],[31.1322,1.4903],[31.1316,1.4912],[31.1307,1.4921],[31.1307,1.4923],[31.1314,1.4925],[31.1307,1.4928],[31.1308,1.4932],[31.1313,1.4934],[31.1311,1.4937],[31.1307,1.4938],[31.1306,1.4948],[31.1291,1.4958],[31.1266,1.4963],[31.1259,1.4963],[31.1242,1.4973],[31.1236,1.498],[31.1233,1.4984],[31.1221,1.4989],[31.1216,1.4988],[31.1209,1.4988],[31.1203,1.4989],[31.1198,1.4994],[31.1191,1.5003],[31.1184,1.5006],[31.117,1.5012],[31.1163,1.5016],[31.1161,1.5018],[31.1155,1.5022],[31.115,1.5031],[31.1155,1.5032],[31.1164,1.5038],[31.1167,1.505],[31.1169,1.5051],[31.1174,1.506],[31.1176,1.5069],[31.1172,1.5085],[31.1172,1.5088],[31.1173,1.5094],[31.1174,1.5097],[31.1169,1.5101],[31.1159,1.5099],[31.1154,1.5099],[31.1152,1.5098],[31.1148,1.5091],[31.1143,1.508],[31.1138,1.5073],[31.1125,1.507],[31.1116,1.5071],[31.1111,1.5075],[31.11,1.5078],[31.1097,1.5082],[31.1097,1.5086],[31.1098,1.5113],[31.1098,1.5116],[31.1102,1.5121],[31.1112,1.5123],[31.1124,1.5129],[31.1125,1.5137],[31.1127,1.5147],[31.1133,1.5162],[31.1144,1.5174],[31.115,1.5181],[31.1158,1.5186],[31.1168,1.5193],[31.117,1.5204],[31.1168,1.5211],[31.1167,1.5215],[31.1166,1.5223],[31.118,1.5222],[31.1188,1.5219],[31.1194,1.5217],[31.1204,1.5205],[31.1207,1.52],[31.1206,1.5196],[31.1199,1.5185],[31.1199,1.5181],[31.1201,1.5179],[31.1204,1.5174],[31.1204,1.517],[31.121,1.5167],[31.1218,1.5158],[31.122,1.5141],[31.1222,1.5135],[31.1222,1.5128],[31.1224,1.5125],[31.1228,1.5124],[31.1229,1.5121],[31.123,1.5119],[31.1231,1.5115],[31.1235,1.5108],[31.1243,1.511],[31.1251,1.5105],[31.1257,1.5104],[31.1266,1.5106],[31.1271,1.5113],[31.1275,1.5115],[31.1276,1.5117],[31.1278,1.5126],[31.1282,1.5129],[31.1289,1.5136],[31.1301,1.514],[31.1307,1.5147],[31.1312,1.5153],[31.1315,1.5157],[31.1316,1.516],[31.1318,1.5164],[31.1326,1.5164],[31.1331,1.5161],[31.1335,1.5161],[31.1337,1.516],[31.1339,1.5155],[31.1339,1.5153],[31.1337,1.5149],[31.1334,1.5146],[31.1332,1.5142],[31.1332,1.514],[31.1333,1.5136],[31.1337,1.5128],[31.1344,1.5127],[31.1361,1.5127],[31.1369,1.5125],[31.1376,1.5128],[31.1378,1.5129],[31.1383,1.5128],[31.1388,1.5124],[31.1391,1.5122],[31.1394,1.5124],[31.1401,1.5125],[31.1403,1.5124],[31.1405,1.5122],[31.1405,1.5117],[31.1406,1.5113],[31.1408,1.5112],[31.1412,1.5112],[31.1414,1.5112],[31.1418,1.5117],[31.1424,1.5118],[31.1432,1.5114],[31.1434,1.5112],[31.1444,1.5108],[31.1451,1.5107],[31.1453,1.5106],[31.1455,1.5102],[31.1456,1.5099],[31.1459,1.5097],[31.1461,1.5098],[31.1466,1.51],[31.1468,1.5099],[31.147,1.5095],[31.1475,1.509],[31.1481,1.509],[31.1487,1.5087],[31.1489,1.5085],[31.1491,1.508],[31.1504,1.5067],[31.1511,1.5058],[31.1514,1.5055],[31.1518,1.5055],[31.1521,1.5054],[31.1527,1.5052],[31.1571,1.505],[31.1576,1.5046],[31.1581,1.5042],[31.1589,1.5038],[31.1598,1.5035],[31.1602,1.5029],[31.1609,1.502],[31.161,1.5018],[31.1615,1.5016],[31.1619,1.5015],[31.1623,1.5008],[31.1627,1.5002],[31.1627,1.5],[31.1631,1.4995],[31.1631,1.4993],[31.1633,1.4991],[31.1635,1.4991],[31.1642,1.4988],[31.1644,1.4988],[31.165,1.4988],[31.1656,1.4988],[31.166,1.4984],[31.1665,1.497],[31.1668,1.4968],[31.1669,1.4969],[31.1672,1.4972],[31.1677,1.4972],[31.1681,1.4973],[31.1685,1.4973],[31.169,1.497],[31.1692,1.4969],[31.1696,1.4972],[31.1699,1.4972],[31.1703,1.4971],[31.1705,1.497],[31.1711,1.4972],[31.1713,1.4974],[31.1717,1.497],[31.1719,1.4968],[31.1722,1.4968],[31.1735,1.4966],[31.1742,1.4967],[31.1747,1.4965],[31.1751,1.4963],[31.176,1.496],[31.1763,1.496],[31.1766,1.4963],[31.178,1.4952],[31.1784,1.495],[31.1792,1.4949],[31.1797,1.4948],[31.1806,1.4948],[31.1817,1.4938],[31.182,1.4931],[31.1827,1.4924],[31.1847,1.491],[31.1849,1.4908],[31.1857,1.4906],[31.1883,1.4907],[31.1909,1.4922],[31.1922,1.4929],[31.1926,1.4932],[31.1959,1.4957],[31.1989,1.4982],[31.2,1.499],[31.2022,1.5005],[31.2057,1.5028],[31.2077,1.5031],[31.2099,1.5029],[31.2126,1.5023],[31.2162,1.5005],[31.2174,1.4996],[31.2183,1.4989],[31.2189,1.4985],[31.2194,1.4982],[31.2205,1.4971],[31.2213,1.4965],[31.222,1.4958],[31.2277,1.4937],[31.2291,1.4924],[31.2308,1.4928],[31.2318,1.4915],[31.2326,1.4914],[31.2345,1.4909],[31.2352,1.4907],[31.2368,1.49],[31.2384,1.49],[31.2394,1.49],[31.2398,1.4893],[31.2402,1.4893],[31.2407,1.4888],[31.2423,1.4884],[31.2432,1.4885],[31.2445,1.488],[31.2461,1.4863],[31.2479,1.4847],[31.2498,1.4837],[31.2505,1.483],[31.2541,1.4795],[31.2545,1.4793],[31.2549,1.4784],[31.2556,1.4781],[31.2569,1.4777],[31.2572,1.4775],[31.2578,1.4774],[31.2589,1.4771],[31.2592,1.4771],[31.26,1.4772],[31.2615,1.4776],[31.2622,1.4777],[31.2635,1.4778],[31.2644,1.4777],[31.2648,1.4778],[31.2657,1.4778],[31.2673,1.4777],[31.2696,1.4773],[31.2703,1.477],[31.2707,1.4768],[31.2712,1.4768],[31.2717,1.4768],[31.2718,1.4768],[31.2782,1.4798],[31.2907,1.4792],[31.2998,1.4854],[31.2855,1.4993],[31.2927,1.5062],[31.2994,1.5075],[31.3045,1.5141],[31.311,1.5148],[31.326,1.5039],[31.3311,1.506],[31.3349,1.4962],[31.3654,1.4874],[31.3653,1.4905],[31.3839,1.4948],[31.3859,1.5031],[31.3973,1.5056],[31.3988,1.497],[31.3918,1.4916],[31.3922,1.4849],[31.3882,1.4833],[31.3901,1.481],[31.3867,1.4739],[31.3919,1.473],[31.393,1.4678],[31.3985,1.4636],[31.4004,1.4519],[31.4045,1.4629],[31.4084,1.4643],[31.4328,1.4602],[31.4366,1.4495],[31.4306,1.4248],[31.434,1.4001],[31.4268,1.3923],[31.4172,1.3884],[31.4077,1.3741],[31.4056,1.3625],[31.4013,1.3624],[31.4017,1.3621],[31.4022,1.3621],[31.4038,1.3619],[31.4046,1.3617],[31.405,1.3614],[31.4054,1.3609],[31.407,1.3553],[31.4073,1.3546],[31.4079,1.3536],[31.4081,1.3514],[31.4086,1.3478],[31.4087,1.3467],[31.4076,1.3445],[31.4056,1.3423],[31.4049,1.341],[31.4046,1.3381],[31.4047,1.3377],[31.4049,1.3366],[31.4045,1.3304],[31.4072,1.3275],[31.41,1.3271],[31.4122,1.3238],[31.4126,1.3203],[31.4125,1.3176],[31.4117,1.3143],[31.4112,1.3117],[31.4126,1.3058],[31.4132,1.3049],[31.4148,1.2999],[31.4159,1.2948],[31.4162,1.2917],[31.4158,1.2881],[31.4144,1.2858],[31.4138,1.2838],[31.414,1.2826],[31.415,1.2818],[31.4164,1.2797],[31.4167,1.2786],[31.43387762155052,1.277146403264482],[31.448610644688458,1.284190446523086],[31.453330658814316,1.289780227535534],[31.454771940464536,1.304727097749635],[31.464078739183943,1.316179425569097],[31.485087713217087,1.325087217448434],[31.498288685846763,1.335812048074703],[31.497877353824236,1.327362309096281],[31.493512771254036,1.322102249324633],[31.4956,1.3233],[31.4988,1.3249],[31.5005,1.3259],[31.5015,1.327],[31.5028,1.3283],[31.5037,1.3294],[31.506,1.3329],[31.5088,1.3367],[31.5101,1.338],[31.511,1.3396],[31.5137,1.3452],[31.5142,1.346],[31.5166,1.3486],[31.5195,1.3517],[31.5222,1.3547],[31.5259,1.3579],[31.5273,1.359],[31.5309,1.3616],[31.5351,1.3624],[31.5365,1.3624],[31.5378,1.3623],[31.538,1.3623],[31.54,1.362],[31.5407,1.3623],[31.5434,1.3634],[31.5452,1.3639],[31.5484,1.3645],[31.5503,1.3647],[31.5524,1.3644],[31.5528,1.3643],[31.5552,1.3639],[31.5573,1.3636],[31.5581,1.3637],[31.5582,1.3637],[31.5593,1.3638],[31.56,1.3641],[31.5616,1.3651],[31.563,1.3653],[31.566,1.365],[31.5684,1.3642],[31.5706,1.3632],[31.5729,1.3621],[31.5776,1.3619],[31.578,1.3613],[31.5795,1.3594],[31.5823,1.3574],[31.583,1.3571],[31.5828,1.3604],[31.5819,1.3619],[31.5832,1.3632],[31.5835,1.3674],[31.5828,1.3691],[31.5813,1.3705],[31.5812,1.3709],[31.5811,1.3722],[31.5818,1.374],[31.5815,1.3764],[31.5807,1.3774],[31.5806,1.3789],[31.5802,1.3795],[31.58,1.3805],[31.58,1.3806],[31.5807,1.3815],[31.5812,1.3863],[31.5813,1.3874],[31.5802,1.389],[31.5804,1.3921],[31.5798,1.3961],[31.5802,1.3978],[31.5802,1.3984],[31.5798,1.3989],[31.5771,1.3992],[31.5765,1.3994],[31.5751,1.4016],[31.575,1.4087],[31.5754,1.4109],[31.5779,1.4158],[31.5782,1.4169],[31.5789,1.4211],[31.5806,1.4239],[31.5843,1.4284],[31.5858,1.4302],[31.5875,1.4325],[31.5879,1.4393],[31.5832,1.4422],[31.5821,1.4424],[31.5795,1.442],[31.5776,1.4449],[31.5742,1.4466],[31.5708,1.448],[31.5696,1.4487],[31.5552,1.4485],[31.5488,1.4551],[31.5454,1.461],[31.5436,1.4641],[31.5432,1.4664],[31.5332,1.4756],[31.53,1.4798],[31.5296,1.483],[31.5296,1.4858],[31.5288,1.4879],[31.5268,1.4915],[31.5261,1.4939],[31.5226,1.497],[31.5217,1.4973],[31.5214,1.4978],[31.5193,1.4994],[31.5153,1.5025],[31.5121,1.5043],[31.5086,1.506],[31.5069,1.5078],[31.506,1.5098],[31.5055,1.5112],[31.505,1.5128],[31.5039,1.5155],[31.503,1.5159],[31.5023,1.5161],[31.5018,1.5165],[31.5007,1.5165],[31.4986,1.5172],[31.4981,1.5175],[31.4973,1.5184],[31.4969,1.519],[31.4968,1.5192],[31.4951,1.5179],[31.495,1.5176],[31.4946,1.5175],[31.4941,1.5176],[31.4939,1.5176],[31.493,1.5177],[31.4922,1.5176],[31.4917,1.5178],[31.4913,1.5179],[31.4897,1.5176],[31.4887,1.5175],[31.488,1.5176],[31.4872,1.5177],[31.4865,1.518],[31.4858,1.5182],[31.4839,1.5192],[31.4837,1.5193],[31.4831,1.5198],[31.4842,1.5227],[31.4852,1.5261],[31.4857,1.5288],[31.4856,1.5292],[31.485,1.53],[31.4847,1.5308],[31.4846,1.5311],[31.4843,1.5317],[31.4841,1.5322],[31.4837,1.5339],[31.4837,1.5359],[31.4837,1.5371],[31.4836,1.5375],[31.4834,1.538],[31.4833,1.538],[31.4831,1.5384],[31.4826,1.539],[31.4823,1.5394],[31.4812,1.5406],[31.481,1.5408],[31.4805,1.5415],[31.4794,1.542],[31.4793,1.5421],[31.4789,1.5434],[31.4788,1.5446],[31.4788,1.5452],[31.4788,1.546],[31.4789,1.5463],[31.4796,1.5471],[31.4809,1.5484],[31.4814,1.5491],[31.4818,1.5497],[31.4822,1.5508],[31.4828,1.5519],[31.4837,1.5528],[31.4831,1.5541],[31.4831,1.5552],[31.4831,1.5556],[31.483,1.5581],[31.4827,1.5585],[31.4826,1.5586],[31.4825,1.5592],[31.4798,1.5657],[31.4791,1.5682],[31.4792,1.5697],[31.4789,1.5706],[31.4781,1.5715],[31.4778,1.5726],[31.4775,1.5732],[31.4776,1.5733],[31.4799,1.574],[31.4808,1.5741],[31.4852,1.5733],[31.4859,1.5728],[31.4865,1.5729],[31.4877,1.5739],[31.4878,1.5775],[31.4877,1.5793],[31.4887,1.5814],[31.4889,1.582],[31.489,1.5833],[31.4892,1.5852],[31.489,1.5861],[31.4889,1.5865],[31.489,1.5869],[31.489,1.5875],[31.4888,1.5889],[31.4888,1.5902],[31.4884,1.5912],[31.488,1.5919],[31.4877,1.5923],[31.4869,1.5934],[31.4863,1.594],[31.4854,1.5948],[31.4846,1.5959],[31.484,1.5964],[31.4834,1.5966],[31.4832,1.5966],[31.4819,1.5966],[31.4809,1.5964],[31.479,1.5962],[31.478,1.5959],[31.4775,1.5957],[31.4768,1.5959],[31.4762,1.5964],[31.4755,1.5968],[31.4751,1.5971],[31.4726,1.5982],[31.472,1.5987],[31.4717,1.599],[31.4714,1.5994],[31.4705,1.5999],[31.4695,1.6003],[31.4667,1.6008],[31.4658,1.6009],[31.4647,1.6009],[31.4642,1.601],[31.4636,1.6012],[31.4626,1.6016],[31.4625,1.6016],[31.4619,1.6021],[31.4611,1.6033],[31.4605,1.6045],[31.4601,1.6052],[31.4599,1.6062],[31.4592,1.6081],[31.4588,1.6092],[31.4587,1.6097],[31.4585,1.6108],[31.4584,1.6115],[31.4583,1.6126],[31.4578,1.6135],[31.4573,1.6135],[31.4567,1.6135],[31.4563,1.6134],[31.454,1.613],[31.4535,1.6129],[31.4506,1.6108],[31.45,1.6102],[31.4499,1.6101],[31.4489,1.6089],[31.4481,1.6082],[31.4473,1.6077],[31.4457,1.6071],[31.4443,1.6076],[31.4433,1.6086],[31.4431,1.609],[31.4423,1.6099],[31.4416,1.6105],[31.4413,1.611],[31.4411,1.6113],[31.4408,1.6115],[31.4405,1.6117],[31.4401,1.6122],[31.4393,1.6133],[31.4386,1.6144],[31.438,1.6151],[31.4369,1.6158],[31.4356,1.6161],[31.4347,1.616],[31.4342,1.6159],[31.4324,1.6154],[31.4315,1.6151],[31.4306,1.6147],[31.4299,1.6145],[31.4285,1.6142],[31.4274,1.6141],[31.4266,1.6142],[31.4258,1.6142],[31.4234,1.6142],[31.4224,1.6143],[31.4216,1.6142],[31.4202,1.6135],[31.42,1.6134],[31.4195,1.6128],[31.4193,1.6125],[31.419,1.6123],[31.4177,1.6122],[31.4171,1.6121],[31.4157,1.612],[31.4131,1.6114],[31.4104,1.611],[31.4099,1.611],[31.4086,1.6107],[31.4063,1.6102],[31.4044,1.6091],[31.4039,1.6087],[31.4002,1.6058],[31.3999,1.6057],[31.3997,1.6057],[31.3988,1.6055],[31.3968,1.6054],[31.3964,1.6053],[31.3955,1.605],[31.3948,1.6047],[31.3937,1.604],[31.3925,1.6035],[31.3918,1.6032],[31.3912,1.603],[31.3904,1.6026],[31.3897,1.6022],[31.3896,1.6019],[31.3891,1.6015],[31.3887,1.6012],[31.3883,1.601],[31.3876,1.6008],[31.387,1.6008],[31.3858,1.601],[31.385,1.6015],[31.3839,1.6026],[31.3835,1.6027],[31.3819,1.6028],[31.3812,1.6024],[31.3789,1.6029],[31.3777,1.6034],[31.3761,1.6039],[31.3749,1.6041],[31.3744,1.6044],[31.374,1.6054],[31.3731,1.6089],[31.3722,1.6101],[31.371,1.6104],[31.3677,1.6145],[31.3682,1.6158],[31.3692,1.6171],[31.3698,1.6177],[31.3718,1.6195],[31.373,1.6207],[31.3743,1.6224],[31.3747,1.6234],[31.3749,1.6244],[31.3751,1.6261],[31.3745,1.628],[31.3737,1.6291],[31.3735,1.6316],[31.3742,1.634],[31.3751,1.6351],[31.3752,1.6354],[31.3753,1.6357],[31.3755,1.6362],[31.3755,1.6367],[31.375,1.6381],[31.3745,1.639],[31.3739,1.6401],[31.3731,1.643],[31.3732,1.6432],[31.3746,1.6458],[31.3747,1.646],[31.3749,1.6465],[31.3751,1.6467],[31.3755,1.6486],[31.3762,1.6506],[31.3769,1.6519],[31.3776,1.6529],[31.3791,1.6551],[31.3792,1.6556],[31.3794,1.6566],[31.3795,1.6574],[31.3797,1.6578],[31.3798,1.6584],[31.38,1.6594],[31.3799,1.6604],[31.3795,1.6616],[31.3785,1.6643],[31.3786,1.6649],[31.3789,1.6657],[31.3793,1.6667],[31.3796,1.6675],[31.38,1.6683],[31.3808,1.6706],[31.3806,1.6726],[31.3806,1.673],[31.3806,1.6736],[31.3806,1.674],[31.3805,1.6746],[31.3806,1.6769],[31.3807,1.6776],[31.381,1.6784],[31.3822,1.6792],[31.3832,1.6798],[31.3833,1.6799],[31.3839,1.681],[31.3842,1.6821],[31.3843,1.6833],[31.3849,1.6842],[31.3853,1.6848],[31.3856,1.6861],[31.3856,1.6872],[31.3857,1.6878],[31.3859,1.6885],[31.3878,1.6896],[31.3885,1.69],[31.3888,1.6904],[31.3891,1.6922],[31.3891,1.6933],[31.3892,1.6941],[31.3895,1.6952],[31.3896,1.6959],[31.3897,1.6963],[31.3899,1.6973],[31.39,1.6979],[31.3903,1.6989],[31.3904,1.6998],[31.3904,1.6999],[31.3903,1.7003],[31.3903,1.7004],[31.3904,1.7008],[31.3904,1.701],[31.3903,1.7018],[31.3902,1.7023],[31.3889,1.7034],[31.3883,1.7036],[31.388,1.7037],[31.3871,1.7042],[31.3844,1.7055],[31.3839,1.7057],[31.3834,1.7061],[31.3827,1.7068],[31.3815,1.7077],[31.3811,1.7078],[31.3804,1.708],[31.3802,1.7081],[31.3798,1.7085],[31.3791,1.7086],[31.3774,1.7079],[31.3767,1.7078],[31.3765,1.7079],[31.3763,1.7081],[31.3762,1.7088],[31.3753,1.7111],[31.3749,1.7113],[31.3745,1.712],[31.3747,1.7125],[31.375,1.7132],[31.3755,1.7139],[31.3755,1.7145],[31.3743,1.7155],[31.3741,1.7156],[31.374,1.7158],[31.374,1.716],[31.3745,1.7164],[31.3747,1.7168],[31.3749,1.7171],[31.3755,1.7174],[31.3758,1.7175],[31.3758,1.7178],[31.3754,1.7179],[31.3753,1.7179],[31.3743,1.7182],[31.3739,1.7186],[31.3735,1.7195],[31.3734,1.7207],[31.3738,1.7209],[31.3747,1.7216],[31.3748,1.7218],[31.3744,1.7222],[31.3742,1.7225],[31.3742,1.7226],[31.3742,1.723],[31.3745,1.7236],[31.3749,1.724],[31.375,1.7242],[31.3751,1.7243],[31.3756,1.7243],[31.3757,1.7241],[31.3759,1.7237],[31.3761,1.7234],[31.3764,1.7233],[31.3769,1.7233],[31.3776,1.724],[31.378,1.7241],[31.3782,1.7242],[31.3782,1.7243],[31.3782,1.7245],[31.3783,1.7246],[31.3785,1.7248],[31.3787,1.7251],[31.3786,1.7253],[31.3785,1.7257],[31.3785,1.726],[31.3785,1.7268],[31.3784,1.727],[31.3781,1.7271],[31.3773,1.7276],[31.3769,1.7281],[31.3767,1.7283],[31.3758,1.7283],[31.3752,1.7283],[31.3748,1.7285],[31.3743,1.729],[31.3742,1.7299],[31.3742,1.7301],[31.3743,1.7303],[31.3737,1.7311],[31.3737,1.7314],[31.3744,1.7319],[31.3745,1.7321],[31.3745,1.7325],[31.3746,1.7327],[31.3748,1.7329],[31.375,1.733],[31.3752,1.7329],[31.3754,1.7326],[31.3757,1.732],[31.3758,1.7317],[31.3768,1.7316],[31.3776,1.7318],[31.3778,1.732],[31.3778,1.7323],[31.3776,1.7335],[31.3778,1.7341],[31.3779,1.7349],[31.3779,1.7369],[31.3782,1.7375],[31.3786,1.7377],[31.3788,1.7378],[31.3788,1.738],[31.3787,1.7384],[31.3784,1.7393],[31.3782,1.7397],[31.3782,1.7399],[31.3783,1.7416],[31.3782,1.7418],[31.378,1.7421],[31.3775,1.7434],[31.3755,1.7439],[31.3748,1.7437],[31.374,1.7436],[31.3739,1.7439],[31.3739,1.7451],[31.3734,1.7451],[31.3727,1.7449],[31.3723,1.745],[31.372,1.7452],[31.3713,1.7455],[31.3711,1.7456],[31.3708,1.7461],[31.3704,1.7464],[31.3689,1.7486],[31.368,1.7496],[31.3696,1.7499],[31.37,1.7505],[31.3698,1.7508],[31.369,1.7518],[31.3691,1.7521],[31.3703,1.7535],[31.3704,1.7539],[31.3698,1.7544],[31.3689,1.7551],[31.3687,1.7556],[31.3685,1.7562],[31.3684,1.7562],[31.3676,1.7559],[31.3675,1.756],[31.3667,1.7574],[31.3657,1.7594],[31.3663,1.7606],[31.3665,1.7612],[31.3665,1.7623],[31.3668,1.763],[31.3669,1.765],[31.3662,1.766],[31.3664,1.7665],[31.367,1.7665],[31.3686,1.7671],[31.3686,1.7675],[31.3687,1.7682],[31.3687,1.7687],[31.3672,1.7716],[31.3663,1.7722],[31.3646,1.7722],[31.3622,1.7718],[31.362,1.7718],[31.3603,1.773],[31.3593,1.7743],[31.3568,1.7749],[31.3566,1.775],[31.3563,1.7753],[31.3557,1.7758],[31.3542,1.7761],[31.3528,1.777],[31.3526,1.7773],[31.3526,1.778],[31.3527,1.7796],[31.3524,1.7803],[31.3517,1.782],[31.3515,1.7834],[31.3512,1.7838],[31.3515,1.784],[31.3512,1.7843],[31.351,1.7843],[31.3498,1.7851],[31.3484,1.7857],[31.3471,1.786],[31.3466,1.7863],[31.3465,1.7866],[31.3464,1.7869],[31.3459,1.7873],[31.3458,1.787],[31.3447,1.7869],[31.3435,1.7869],[31.3434,1.7858],[31.3435,1.7857],[31.3437,1.7858],[31.3437,1.7857],[31.3436,1.7854],[31.3427,1.7844],[31.3426,1.7842],[31.3427,1.7837],[31.3417,1.7836],[31.3416,1.7836],[31.3407,1.7836],[31.3406,1.7836],[31.3403,1.7837],[31.3392,1.7834],[31.3381,1.7836],[31.3357,1.7834],[31.3348,1.7837],[31.3337,1.7836],[31.3334,1.7841],[31.3329,1.7847],[31.3327,1.7857],[31.333,1.7856],[31.333,1.786],[31.3332,1.7864],[31.3319,1.7875],[31.3308,1.7882],[31.3303,1.7881],[31.3297,1.7887],[31.329,1.7888],[31.328,1.789],[31.3274,1.789],[31.3243,1.7897],[31.3229,1.7898],[31.3211,1.7913],[31.3203,1.7918],[31.3202228922132,1.79183855389728]]]]},"properties":{"name":"Hoima District","id":"PJFtfCyp6Rb"}},
{"type":"Feature","geometry":{"type":"Polygon","coordinates":[[[30.5661,-0.2384],[30.5677,-0.2376],[30.5681,-0.2374],[30.5715,-0.2358],[30.5723,-0.2354],[30.5743,-0.2346],[30.5751,-0.2345],[30.576,-0.2346],[30.5772,-0.2351],[30.5781,-0.2357],[30.5786,-0.2363],[30.579,-0.2368],[30.5793,-0.237],[30.5796,-0.237],[30.5835,-0.2372],[30.584,-0.2374],[30.5846,-0.2376],[30.5854,-0.2379],[30.5857,-0.2378],[30.5862,-0.2381],[30.5865,-0.2383],[30.5866,-0.2383],[30.5871,-0.2383],[30.5875,-0.2387],[30.5876,-0.2389],[30.588,-0.2392],[30.5886,-0.2393],[30.5888,-0.2394],[30.589,-0.2397],[30.5892,-0.2404],[30.5894,-0.2408],[30.5895,-0.241],[30.5897,-0.2412],[30.5906,-0.2418],[30.5911,-0.2411],[30.592,-0.2396],[30.5925,-0.2386],[30.5928,-0.238],[30.5931,-0.2377],[30.5934,-0.2374],[30.5937,-0.2372],[30.5938,-0.2371],[30.594,-0.2365],[30.5943,-0.235],[30.5943,-0.2343],[30.5941,-0.2336],[30.5941,-0.2332],[30.5945,-0.2329],[30.5948,-0.2325],[30.5955,-0.2303],[30.5956,-0.2292],[30.5959,-0.2279],[30.5962,-0.2272],[30.5961,-0.2267],[30.596,-0.2264],[30.5969,-0.2253],[30.5972,-0.2249],[30.5976,-0.2241],[30.5978,-0.2235],[30.5978,-0.2232],[30.5978,-0.2228],[30.5979,-0.2225],[30.5984,-0.2218],[30.599,-0.2214],[30.5993,-0.2212],[30.5998,-0.2211],[30.6,-0.2212],[30.6003,-0.2214],[30.6005,-0.2214],[30.6008,-0.2214],[30.6021,-0.2206],[30.6026,-0.2204],[30.6028,-0.2202],[30.6029,-0.2201],[30.603,-0.2201],[30.6034,-0.2198],[30.6035,-0.2197],[30.6046,-0.2168],[30.6047,-0.2164],[30.6052,-0.2155],[30.6053,-0.2152],[30.6054,-0.2149],[30.6054,-0.2147],[30.6057,-0.2145],[30.606,-0.2139],[30.6059,-0.2132],[30.6062,-0.2126],[30.6063,-0.2123],[30.6066,-0.2117],[30.6067,-0.2113],[30.6068,-0.2111],[30.6069,-0.211],[30.6072,-0.2106],[30.6074,-0.2104],[30.6075,-0.2102],[30.6076,-0.2098],[30.6078,-0.2093],[30.6081,-0.2089],[30.6084,-0.2084],[30.6143,-0.1929],[30.6289,-0.181],[30.6298,-0.1742],[30.6254,-0.1639],[30.6191,-0.1627],[30.6053,-0.1489],[30.5883,-0.1471],[30.5907,-0.1309],[30.5811,-0.1287],[30.5695,-0.112],[30.57,-0.1021],[30.5759,-0.1019],[30.5747,-0.0791],[30.5789,-0.0701],[30.5772,-0.063],[30.5717,-0.0581],[30.5686,-0.0438],[30.5702,-0.0385],[30.5756,-0.0377],[30.5754,-0.0329],[30.5789,-0.0305],[30.5771,-0.0267],[30.5798,-0.0167],[30.5775,-0.0143],[30.582,-0.0077],[30.5792,0.0047],[30.5863,0.0121],[30.5819,0.0161],[30.5864,0.0207],[30.5924,0.0182],[30.5917,0.0281],[30.605,0.0389],[30.6045,0.0476],[30.608,0.0497],[30.6129,0.0474],[30.6153,0.0583],[30.6262,0.065],[30.6278,0.0701],[30.6219,0.0776],[30.6267,0.084],[30.6247,0.0905],[30.6305,0.098],[30.6381,0.1004],[30.6395,0.1054],[30.6363,0.112],[30.6367,0.1235],[30.6339,0.1252],[30.6355,0.1286],[30.6305,0.1323],[30.6249,0.1307],[30.6231,0.1346],[30.6174,0.1367],[30.6205,0.1414],[30.6146,0.1422],[30.6109,0.1566],[30.6051,0.1538],[30.6029,0.1556],[30.605,0.1653],[30.5954,0.1602],[30.5787,0.1591],[30.5768,0.1554],[30.5644,0.1528],[30.5606,0.1475],[30.5478,0.1455],[30.5423,0.1328],[30.5291,0.123],[30.5219,0.1197],[30.5139,0.1227],[30.5074,0.1189],[30.5001,0.1111],[30.4941,0.0974],[30.4875,0.099],[30.4815,0.0951],[30.4721,0.1044],[30.4534,0.0958],[30.4506,0.0748],[30.4561,0.073],[30.452,0.0615],[30.4452,0.0587],[30.4353,0.0472],[30.4277,0.0463],[30.4281,0.0374],[30.423,0.0379],[30.4224,0.0326],[30.4148,0.026],[30.4064,0.0244],[30.4016,0.014],[30.3847,-0.0027],[30.3892,-0.018],[30.3944,-0.0213],[30.4101,-0.0492],[30.4095,-0.0627],[30.4194,-0.0864],[30.4163,-0.1016],[30.424,-0.115],[30.4216,-0.1291],[30.4308,-0.1389],[30.4481,-0.1429],[30.4657,-0.1527],[30.4417,-0.1667],[30.432,-0.1803],[30.4157,-0.1826],[30.3991,-0.1785],[30.3926,-0.1737],[30.3888,-0.1619],[30.3801,-0.1526],[30.3781,-0.1441],[30.3566,-0.1523],[30.3517,-0.1492],[30.3481,-0.1405],[30.3372,-0.1425],[30.322,-0.1335],[30.3063,-0.1304],[30.2919,-0.1181],[30.2802,-0.117],[30.2755,-0.1129],[30.2514,-0.1187],[30.2461,-0.1241],[30.2644,-0.1444],[30.2674,-0.154],[30.2818,-0.1682],[30.2806,-0.1773],[30.2864,-0.1874],[30.2835,-0.1904],[30.2863,-0.2065],[30.2841,-0.2112],[30.3009,-0.2018],[30.3153,-0.1883],[30.3215,-0.1966],[30.3346,-0.1925],[30.3564,-0.1936],[30.3604,-0.1978],[30.3665,-0.2213],[30.3773,-0.235],[30.3874,-0.2571],[30.402,-0.2585],[30.4092,-0.2687],[30.4071,-0.2762],[30.4091,-0.2823],[30.4217,-0.2828],[30.4275,-0.2883],[30.444,-0.2883],[30.4536,-0.285],[30.4439,-0.2669],[30.4495,-0.2632],[30.452,-0.2657],[30.4636,-0.2659],[30.4697,-0.258],[30.4786,-0.2555],[30.4863,-0.2596],[30.496,-0.2557],[30.5063,-0.2611],[30.5074,-0.2599],[30.5083,-0.2592],[30.5086,-0.2591],[30.5087,-0.259],[30.5088,-0.2588],[30.5089,-0.2586],[30.509,-0.2585],[30.5093,-0.2584],[30.5095,-0.2582],[30.5101,-0.2581],[30.5128,-0.2575],[30.5211,-0.2518],[30.5214,-0.2518],[30.522,-0.2519],[30.5227,-0.2522],[30.5231,-0.2521],[30.5298,-0.2506],[30.5352,-0.2494],[30.5367,-0.249],[30.5406,-0.2481],[30.5441,-0.2473],[30.5453,-0.247],[30.5481,-0.2464],[30.5484,-0.2463],[30.5516,-0.2453],[30.5539,-0.2444],[30.5544,-0.2441],[30.5555,-0.2436],[30.5562,-0.2433],[30.5602,-0.2413],[30.5608,-0.241],[30.5647,-0.2391],[30.5661,-0.2384]]]},"properties":{"name":"Ibanda District","id":"r8WLxW9JwsS"}},
{"type":"Feature","geometry":{"type":"Polygon","coordinates":[[[33.560290890771675,0.748793960786011],[33.557100252430466,0.742323489566089],[33.55371556858214,0.710614624495416],[33.55044011304704,0.713238613591235],[33.554834417627575,0.751524444478724],[33.55342847302973,0.78194020998197],[33.560610562966396,0.804538308165052],[33.55173165107063,0.81198510331965],[33.543226745105635,0.827347874917425],[33.53736298817099,0.887317532642867],[33.5131,0.8777],[33.5028,0.8685],[33.4811,0.8701],[33.4618,0.8842],[33.4418,0.8829],[33.4346,0.8793],[33.4255,0.888],[33.4206,0.903],[33.4106,0.9025],[33.3968,0.9082],[33.3835,0.8863],[33.3621,0.8621],[33.3776,0.8068],[33.3904,0.7789],[33.3916,0.7633],[33.4026,0.7558],[33.4064,0.7416],[33.413,0.7398],[33.418,0.7324],[33.4322,0.7218],[33.4299,0.7187],[33.4326,0.7087],[33.4274,0.7008],[33.4246,0.6708],[33.4169,0.6535],[33.417,0.644],[33.4142,0.6437],[33.4158,0.6249],[33.4128,0.6167],[33.4162,0.5944],[33.4231,0.5784],[33.4237,0.5649],[33.4238,0.5649],[33.4277,0.5516],[33.4404,0.5529],[33.4487,0.5479],[33.4558,0.5528],[33.476,0.5509],[33.4806,0.5545],[33.4835,0.5426],[33.4905,0.5364],[33.5036,0.5403],[33.5074,0.5447],[33.5228,0.5451],[33.5285,0.5529],[33.5364,0.5436],[33.5419,0.5426],[33.5417,0.555],[33.5477,0.5645],[33.545,0.5727],[33.5541,0.5838],[33.5508,0.5965],[33.5587,0.6227],[33.558,0.6401],[33.5681,0.6742],[33.5794,0.6939],[33.5712,0.7229],[33.5734,0.7405],[33.560290890771675,0.748793960786011]]]},"properties":{"name":"Iganga District","id":"oNxpMjveyZt"}},
{"type":"Feature","geometry":{"type":"Polygon","coordinates":[[[31.1549198556159,-0.706712996459669],[31.145568149670776,-0.702677645289585],[31.12442831630352,-0.685741733032439],[31.105580058076022,-0.683347085919193],[31.10092761913495,-0.677151260904695],[31.09424197622139,-0.682013357156443],[31.083442741737123,-0.675408228014776],[31.079,-0.6769],[31.07461251978719,-0.679862498526619],[31.072666285241905,-0.682411602818506],[31.07232118144004,-0.694609320580783],[31.081928931083674,-0.711684927388076],[31.085119346652146,-0.725195330966038],[31.07976246115365,-0.723881928895378],[31.062301757898013,-0.689758632247403],[31.046117389903007,-0.700403452372144],[31.038973144581707,-0.698564928338037],[31.033526913522856,-0.704593608849713],[31.02305801462282,-0.696605166933693],[31.0189751129488,-0.69597051022293],[31.009981908594245,-0.703299604639405],[31.002326795908864,-0.698594593269921],[30.98676294045817,-0.719284308167919],[30.983863745274856,-0.719328227657704],[30.980640572861414,-0.709708087044503],[30.973210390353525,-0.713290196854462],[30.974882807453298,-0.723031284271061],[30.972117348158008,-0.73037181770096],[30.96785510659164,-0.728715271319043],[30.96598960588524,-0.721390758115192],[30.960967576669958,-0.717853254980113],[30.960854753854047,-0.724137069969237],[30.956268002007526,-0.725165721738926],[30.936677178448615,-0.711115484355982],[30.93814441348864,-0.720826612819889],[30.955825800594816,-0.754875903362125],[30.953448859177445,-0.755182188195533],[30.92655550756323,-0.722421630926439],[30.92262028676837,-0.738115543324867],[30.9176774636866,-0.7444963633235],[30.936076296004227,-0.753953328849141],[30.940737365168015,-0.763141631708087],[30.9472094253302,-0.762186352752806],[30.948546673871025,-0.765541376775449],[30.939806072957307,-0.76726406655399],[30.917020133147354,-0.756936854312155],[30.91380968953005,-0.758327654768423],[30.91819451241206,-0.765626100066546],[30.928009767234467,-0.769609079549468],[30.915930369182863,-0.774756679860363],[30.91000569283008,-0.771173409872101],[30.9032393765712,-0.771468418565855],[30.89767714958772,-0.775787333370833],[30.915085454585824,-0.777794127856127],[30.919187873842546,-0.781069114811286],[30.92264470698224,-0.779289698209341],[30.92456600798148,-0.782572652575315],[30.921759112759027,-0.790780760531124],[30.91581785118191,-0.788915258638817],[30.911328912291236,-0.791372211245684],[30.92133444053979,-0.79865552305378],[30.922993016249453,-0.804117321220687],[30.916358662708546,-0.803544316307606],[30.904131717471113,-0.790554847017437],[30.900650256981425,-0.791656100571679],[30.901030855807104,-0.798310608510421],[30.89720257837147,-0.789222267904838],[30.891706205522897,-0.78583808214484],[30.88816834179715,-0.797508358627857],[30.88544707050051,-0.797289965422177],[30.882277371702013,-0.790299571722335],[30.86843862574141,-0.807958549625344],[30.8700888948106,-0.810762132853322],[30.881357283123158,-0.812250822277835],[30.894755880350434,-0.818957365382018],[30.877801899603995,-0.818396858212739],[30.87154818148732,-0.8244419593941],[30.86672719007805,-0.814241129968453],[30.863916173629757,-0.81395032009105],[30.853409506718677,-0.818808709864193],[30.851830355581797,-0.82429568233698],[30.835544121464256,-0.828644467071474],[30.8239640030811,-0.820881132508026],[30.832055670300644,-0.820252703921298],[30.848813297888555,-0.808535790416172],[30.860298508770097,-0.79319941394308],[30.861014894395375,-0.781943800964571],[30.87056613947366,-0.761823403353582],[30.884994779702723,-0.756360697270519],[30.886964146610662,-0.750701930456412],[30.88445378107242,-0.742645094882465],[30.887245253051468,-0.711346118854409],[30.880659493344734,-0.686226980602471],[30.873752373822928,-0.678629427333343],[30.876339324017803,-0.678078648056412],[30.864,-0.6688],[30.867,-0.6659],[30.865,-0.6589],[30.8675,-0.6533],[30.8634,-0.6497],[30.8627,-0.6428],[30.8559,-0.6384],[30.8568,-0.636],[30.8474,-0.6343],[30.8463,-0.6366],[30.8459,-0.6301],[30.836,-0.6206],[30.8342,-0.6233],[30.834,-0.62],[30.8297,-0.621],[30.8173,-0.6147],[30.8135,-0.6162],[30.8102,-0.6121],[30.8069,-0.6137],[30.8021,-0.6109],[30.7988,-0.6142],[30.7904,-0.6071],[30.7868,-0.6078],[30.7861,-0.6042],[30.786,-0.6035],[30.7858,-0.6036],[30.7856,-0.6037],[30.7855,-0.6037],[30.7852,-0.6038],[30.785,-0.6039],[30.7849,-0.604],[30.7846,-0.6041],[30.7844,-0.6041],[30.784,-0.6041],[30.7838,-0.604],[30.7837,-0.6039],[30.7835,-0.6035],[30.7833,-0.6033],[30.7832,-0.6032],[30.7828,-0.6032],[30.7826,-0.6032],[30.7819,-0.6032],[30.7817,-0.6033],[30.7815,-0.6033],[30.7812,-0.6034],[30.7811,-0.6034],[30.7809,-0.6034],[30.7808,-0.6034],[30.7806,-0.6031],[30.7804,-0.603],[30.7802,-0.6029],[30.7798,-0.6027],[30.7797,-0.6027],[30.7792,-0.6027],[30.7791,-0.6027],[30.7788,-0.6029],[30.7786,-0.6031],[30.7785,-0.6032],[30.7783,-0.6033],[30.7782,-0.6033],[30.778,-0.6033],[30.778,-0.6032],[30.7779,-0.6029],[30.7779,-0.6027],[30.7779,-0.6026],[30.7779,-0.6024],[30.7778,-0.6023],[30.7772,-0.6031],[30.777,-0.6032],[30.7769,-0.6032],[30.7767,-0.6032],[30.7765,-0.6032],[30.7761,-0.6031],[30.776,-0.6031],[30.7757,-0.603],[30.7755,-0.603],[30.7753,-0.6031],[30.7752,-0.6032],[30.7751,-0.6034],[30.7749,-0.6038],[30.7737,-0.6047],[30.7734,-0.6048],[30.773,-0.6049],[30.7728,-0.6047],[30.7727,-0.6044],[30.7726,-0.6043],[30.7723,-0.6041],[30.7722,-0.604],[30.7721,-0.604],[30.7719,-0.6041],[30.7718,-0.6045],[30.7718,-0.6047],[30.7718,-0.605],[30.7715,-0.6054],[30.7712,-0.6056],[30.7711,-0.6057],[30.7711,-0.6058],[30.771,-0.6059],[30.7705,-0.6054],[30.7695,-0.6048],[30.7692,-0.6046],[30.769,-0.6045],[30.7688,-0.6044],[30.7686,-0.6043],[30.7684,-0.6043],[30.7682,-0.6043],[30.768,-0.6044],[30.7679,-0.6045],[30.7679,-0.6047],[30.7679,-0.6049],[30.7681,-0.6051],[30.7682,-0.6053],[30.7682,-0.6054],[30.7683,-0.6055],[30.7679,-0.6058],[30.7674,-0.6057],[30.7672,-0.6057],[30.7669,-0.6056],[30.7666,-0.6055],[30.7664,-0.6054],[30.766,-0.6052],[30.7656,-0.6051],[30.7655,-0.6051],[30.7653,-0.605],[30.7651,-0.605],[30.765,-0.6051],[30.7649,-0.6051],[30.7648,-0.6053],[30.7649,-0.6054],[30.765,-0.6059],[30.765,-0.6062],[30.7649,-0.6063],[30.7648,-0.6063],[30.7642,-0.606],[30.7639,-0.6059],[30.7636,-0.6058],[30.7631,-0.6059],[30.7628,-0.606],[30.7627,-0.6061],[30.7625,-0.6063],[30.7624,-0.6066],[30.7622,-0.607],[30.7621,-0.6071],[30.762,-0.6072],[30.7619,-0.6073],[30.7618,-0.6075],[30.7616,-0.6077],[30.7612,-0.6078],[30.761,-0.6078],[30.7609,-0.6079],[30.7606,-0.6081],[30.7605,-0.6082],[30.7603,-0.6085],[30.7602,-0.6086],[30.7598,-0.6095],[30.7598,-0.6097],[30.7595,-0.6105],[30.7594,-0.6106],[30.759,-0.6106],[30.7589,-0.6105],[30.7588,-0.6104],[30.7586,-0.6102],[30.7585,-0.6099],[30.7583,-0.6097],[30.7579,-0.6097],[30.7578,-0.6098],[30.7578,-0.6099],[30.7577,-0.61],[30.7578,-0.6101],[30.7577,-0.6105],[30.7575,-0.6106],[30.7574,-0.6106],[30.7572,-0.6106],[30.7571,-0.6105],[30.757,-0.6103],[30.757,-0.6101],[30.757,-0.6098],[30.757,-0.6095],[30.7569,-0.6093],[30.7566,-0.6093],[30.7565,-0.6093],[30.7563,-0.6094],[30.7563,-0.6095],[30.7562,-0.6097],[30.7562,-0.6099],[30.7561,-0.61],[30.7557,-0.61],[30.7556,-0.6101],[30.7553,-0.6102],[30.7552,-0.6103],[30.7549,-0.6103],[30.7544,-0.6103],[30.7543,-0.6103],[30.7542,-0.6102],[30.7542,-0.6098],[30.7543,-0.6096],[30.7543,-0.6095],[30.7542,-0.6094],[30.754,-0.6094],[30.7538,-0.6093],[30.7536,-0.6092],[30.7535,-0.609],[30.7535,-0.6087],[30.753,-0.6081],[30.7525,-0.608],[30.7523,-0.608],[30.7515,-0.6074],[30.7509,-0.6069],[30.7508,-0.6069],[30.7507,-0.6069],[30.7505,-0.6071],[30.7504,-0.6072],[30.7502,-0.607],[30.7501,-0.6068],[30.7501,-0.6067],[30.7501,-0.6065],[30.7502,-0.6064],[30.7503,-0.6063],[30.7505,-0.6062],[30.7505,-0.6061],[30.7504,-0.6059],[30.7501,-0.6059],[30.7499,-0.6058],[30.7497,-0.6057],[30.7496,-0.6057],[30.7493,-0.6056],[30.7492,-0.6058],[30.7492,-0.6059],[30.7493,-0.6061],[30.7493,-0.6062],[30.7493,-0.6063],[30.7492,-0.6063],[30.7489,-0.6064],[30.7488,-0.6065],[30.7484,-0.6065],[30.7483,-0.6064],[30.7478,-0.6064],[30.7477,-0.6067],[30.7476,-0.6068],[30.7475,-0.607],[30.7474,-0.6071],[30.7473,-0.6072],[30.747,-0.6073],[30.7466,-0.6074],[30.7464,-0.6075],[30.7462,-0.6075],[30.7459,-0.6078],[30.7458,-0.6079],[30.7458,-0.6086],[30.7457,-0.6087],[30.7456,-0.6089],[30.7454,-0.6089],[30.7451,-0.6088],[30.745,-0.6087],[30.745,-0.608],[30.745,-0.6078],[30.7448,-0.6078],[30.7447,-0.6078],[30.7442,-0.6079],[30.744,-0.6079],[30.7436,-0.608],[30.7433,-0.6081],[30.7431,-0.6081],[30.7428,-0.6081],[30.7427,-0.6081],[30.7424,-0.6077],[30.7422,-0.6075],[30.742,-0.6074],[30.7414,-0.6073],[30.741,-0.6071],[30.7409,-0.607],[30.7407,-0.6069],[30.7402,-0.6072],[30.74,-0.6074],[30.7399,-0.6075],[30.7398,-0.6076],[30.7397,-0.6076],[30.7395,-0.6076],[30.7385,-0.6078],[30.7383,-0.608],[30.7382,-0.6082],[30.7382,-0.6086],[30.7381,-0.6087],[30.7381,-0.6088],[30.7379,-0.609],[30.7378,-0.6091],[30.7375,-0.6092],[30.7372,-0.6093],[30.737,-0.6094],[30.7368,-0.6095],[30.7367,-0.6096],[30.7366,-0.6097],[30.7365,-0.6103],[30.7364,-0.6104],[30.7363,-0.6105],[30.7361,-0.6105],[30.7358,-0.6103],[30.7355,-0.6102],[30.7351,-0.6101],[30.7349,-0.61],[30.7348,-0.61],[30.7347,-0.6099],[30.7346,-0.6098],[30.7345,-0.6098],[30.7344,-0.6099],[30.7343,-0.61],[30.7342,-0.6101],[30.7341,-0.6102],[30.734,-0.6106],[30.7342,-0.6107],[30.7344,-0.6108],[30.7345,-0.6109],[30.7347,-0.611],[30.7349,-0.6113],[30.735,-0.6114],[30.7351,-0.6115],[30.7351,-0.6118],[30.735,-0.6119],[30.7349,-0.612],[30.7347,-0.6121],[30.7344,-0.6123],[30.7341,-0.6124],[30.7338,-0.6124],[30.7335,-0.6125],[30.733,-0.6126],[30.7329,-0.6127],[30.7329,-0.6128],[30.7325,-0.6131],[30.7324,-0.6132],[30.7323,-0.6133],[30.7321,-0.6136],[30.7302,-0.6169],[30.7301,-0.6171],[30.7301,-0.6172],[30.73,-0.6175],[30.7298,-0.6185],[30.7296,-0.6185],[30.7295,-0.6185],[30.7291,-0.6185],[30.7288,-0.6186],[30.7286,-0.6187],[30.7285,-0.6188],[30.7283,-0.6191],[30.728,-0.6194],[30.7279,-0.6195],[30.7278,-0.6196],[30.7276,-0.6198],[30.7275,-0.6201],[30.7275,-0.6202],[30.7274,-0.6204],[30.7274,-0.6205],[30.7273,-0.6207],[30.7272,-0.6208],[30.7271,-0.6209],[30.7268,-0.621],[30.7266,-0.621],[30.7265,-0.6211],[30.7264,-0.6211],[30.7263,-0.6212],[30.727,-0.6216],[30.7271,-0.6217],[30.7271,-0.6218],[30.7271,-0.622],[30.7271,-0.6221],[30.727,-0.6222],[30.7269,-0.6223],[30.7267,-0.6224],[30.7264,-0.6226],[30.7262,-0.6228],[30.7259,-0.6229],[30.7257,-0.6229],[30.7254,-0.623],[30.7252,-0.623],[30.7249,-0.6229],[30.7247,-0.6221],[30.7246,-0.622],[30.7244,-0.622],[30.7242,-0.6221],[30.7236,-0.6227],[30.7233,-0.6229],[30.7232,-0.6233],[30.7225,-0.624],[30.7224,-0.624],[30.7223,-0.6241],[30.7221,-0.6242],[30.7222,-0.6245],[30.7224,-0.6246],[30.7225,-0.6247],[30.7226,-0.6248],[30.7227,-0.6252],[30.723,-0.6254],[30.7231,-0.6256],[30.723,-0.6257],[30.7228,-0.6257],[30.7227,-0.6256],[30.7224,-0.6258],[30.7223,-0.6259],[30.7219,-0.6262],[30.7218,-0.6263],[30.7213,-0.6262],[30.721,-0.626],[30.7208,-0.626],[30.7206,-0.6261],[30.72,-0.6261],[30.7198,-0.6262],[30.7197,-0.6264],[30.7189,-0.627],[30.7187,-0.627],[30.7186,-0.6269],[30.7185,-0.6268],[30.7184,-0.6267],[30.7184,-0.6266],[30.7182,-0.6266],[30.7178,-0.6266],[30.7176,-0.6265],[30.7171,-0.6257],[30.7168,-0.6251],[30.7164,-0.6246],[30.7154,-0.6239],[30.7151,-0.6237],[30.7148,-0.6235],[30.7148,-0.6233],[30.7149,-0.6231],[30.7151,-0.623],[30.7152,-0.6229],[30.7153,-0.6228],[30.7149,-0.6227],[30.7147,-0.6224],[30.7148,-0.6223],[30.7149,-0.622],[30.7148,-0.6219],[30.7142,-0.6219],[30.714,-0.622],[30.7141,-0.6224],[30.7142,-0.6225],[30.7142,-0.6227],[30.7142,-0.623],[30.714,-0.623],[30.7138,-0.6228],[30.7134,-0.6223],[30.7131,-0.6213],[30.713,-0.6204],[30.7129,-0.6202],[30.7126,-0.6199],[30.7124,-0.6195],[30.7116,-0.6185],[30.7111,-0.6185],[30.711,-0.6186],[30.7107,-0.6186],[30.7104,-0.6181],[30.7095,-0.6174],[30.7091,-0.6168],[30.7088,-0.6162],[30.7081,-0.6153],[30.708,-0.6149],[30.7077,-0.6146],[30.7076,-0.6145],[30.7072,-0.6147],[30.707,-0.6148],[30.7068,-0.615],[30.7065,-0.6149],[30.7065,-0.6148],[30.7063,-0.6146],[30.7062,-0.6139],[30.7061,-0.6136],[30.7057,-0.6132],[30.7052,-0.6128],[30.7046,-0.6121],[30.7038,-0.6116],[30.7035,-0.6115],[30.7034,-0.6114],[30.7033,-0.6114],[30.7027,-0.6118],[30.7014,-0.6126],[30.7005,-0.6136],[30.6994,-0.6148],[30.6983,-0.6154],[30.6978,-0.6156],[30.6976,-0.6157],[30.6965,-0.6166],[30.6958,-0.6173],[30.6942,-0.6187],[30.694,-0.619],[30.6936,-0.6196],[30.6931,-0.6205],[30.6928,-0.6211],[30.6926,-0.6214],[30.6923,-0.6221],[30.6919,-0.6231],[30.6917,-0.6235],[30.6914,-0.6238],[30.6906,-0.625],[30.6904,-0.6252],[30.6901,-0.6255],[30.6884,-0.6273],[30.6883,-0.6274],[30.6883,-0.6275],[30.6879,-0.6281],[30.6877,-0.6282],[30.6872,-0.6285],[30.687,-0.6285],[30.6865,-0.6286],[30.6862,-0.6287],[30.6856,-0.629],[30.6851,-0.6291],[30.6845,-0.6294],[30.6841,-0.6296],[30.6838,-0.6298],[30.6832,-0.6302],[30.6826,-0.6305],[30.6817,-0.631],[30.6812,-0.6312],[30.6793,-0.6323],[30.6787,-0.6325],[30.678,-0.6328],[30.6759,-0.6344],[30.6756,-0.6346],[30.675,-0.6352],[30.6719,-0.6361],[30.6707,-0.6366],[30.6693,-0.6377],[30.6654,-0.6386],[30.6646,-0.639],[30.6637,-0.6395],[30.6613,-0.641],[30.6608,-0.6412],[30.6598,-0.6414],[30.659,-0.6415],[30.6577,-0.6415],[30.6552,-0.6393],[30.6539,-0.6389],[30.6528,-0.6384],[30.6515,-0.6373],[30.6506,-0.6369],[30.6495,-0.6359],[30.6492,-0.6356],[30.6485,-0.6351],[30.6482,-0.6351],[30.6475,-0.6343],[30.6444,-0.6339],[30.6426,-0.6333],[30.6422,-0.6331],[30.6415,-0.6329],[30.6408,-0.6327],[30.6403,-0.632],[30.6398,-0.6324],[30.6397,-0.6336],[30.6398,-0.634],[30.6397,-0.6343],[30.6405,-0.6372],[30.6412,-0.6379],[30.6415,-0.6384],[30.6417,-0.6386],[30.6419,-0.6388],[30.6428,-0.6403],[30.6429,-0.6406],[30.6432,-0.641],[30.6431,-0.6416],[30.6432,-0.6422],[30.6434,-0.6424],[30.6435,-0.6431],[30.6434,-0.6436],[30.6434,-0.6441],[30.6436,-0.6447],[30.6441,-0.6452],[30.6448,-0.6457],[30.6452,-0.6463],[30.6453,-0.6466],[30.6456,-0.647],[30.646,-0.6474],[30.6462,-0.6478],[30.6464,-0.6482],[30.6469,-0.649],[30.6476,-0.6495],[30.6478,-0.6497],[30.6485,-0.6503],[30.6487,-0.6509],[30.6489,-0.6517],[30.6492,-0.6522],[30.6494,-0.6529],[30.6498,-0.6537],[30.6502,-0.6545],[30.6502,-0.6552],[30.6502,-0.6556],[30.65,-0.656],[30.6498,-0.6567],[30.6496,-0.6572],[30.6488,-0.6582],[30.6483,-0.6585],[30.648,-0.6586],[30.647,-0.6588],[30.6468,-0.659],[30.6466,-0.6595],[30.6466,-0.6597],[30.646,-0.6603],[30.6453,-0.6611],[30.6448,-0.6617],[30.6448,-0.6619],[30.6444,-0.6625],[30.644,-0.6627],[30.6437,-0.6631],[30.6433,-0.6648],[30.6441,-0.6655],[30.6443,-0.6661],[30.6444,-0.6665],[30.6445,-0.6667],[30.6449,-0.6671],[30.6453,-0.6698],[30.6457,-0.6705],[30.6459,-0.671],[30.646,-0.6711],[30.6462,-0.6717],[30.6465,-0.6724],[30.6467,-0.6726],[30.647,-0.6731],[30.6471,-0.6735],[30.6477,-0.6742],[30.6481,-0.6751],[30.6482,-0.6759],[30.6482,-0.6765],[30.6481,-0.6778],[30.6479,-0.6788],[30.6479,-0.6796],[30.6479,-0.6799],[30.6478,-0.6804],[30.6478,-0.6805],[30.6475,-0.6818],[30.6471,-0.6825],[30.6467,-0.683],[30.6462,-0.6838],[30.6457,-0.6845],[30.6456,-0.6889],[30.6453,-0.6923],[30.6447,-0.6926],[30.6446,-0.6928],[30.6447,-0.6931],[30.6449,-0.6935],[30.6449,-0.6938],[30.6445,-0.6944],[30.6437,-0.6957],[30.6436,-0.6962],[30.6436,-0.6964],[30.6435,-0.6967],[30.6435,-0.697],[30.6433,-0.6973],[30.6431,-0.6976],[30.6428,-0.6978],[30.6427,-0.6979],[30.6424,-0.6981],[30.642,-0.6984],[30.6418,-0.6986],[30.6414,-0.6991],[30.6413,-0.6996],[30.6413,-0.7],[30.6408,-0.7028],[30.6408,-0.7033],[30.641,-0.7041],[30.6414,-0.7049],[30.6423,-0.7082],[30.6424,-0.7092],[30.6424,-0.7098],[30.6425,-0.7108],[30.6425,-0.7132],[30.6425,-0.7141],[30.6428,-0.7148],[30.6431,-0.7157],[30.6432,-0.7164],[30.643,-0.7179],[30.6421,-0.7191],[30.641,-0.7207],[30.6407,-0.7219],[30.6398,-0.7232],[30.6396,-0.7235],[30.6391,-0.724],[30.6387,-0.7245],[30.6386,-0.7247],[30.6382,-0.7255],[30.6377,-0.7272],[30.6375,-0.7275],[30.6374,-0.7276],[30.6368,-0.729],[30.6367,-0.7294],[30.6365,-0.73],[30.6362,-0.7307],[30.636,-0.7313],[30.6359,-0.7321],[30.636,-0.7326],[30.636,-0.7329],[30.636,-0.7331],[30.6364,-0.7336],[30.6366,-0.7339],[30.6367,-0.7341],[30.637,-0.7344],[30.6373,-0.7348],[30.6375,-0.7352],[30.6379,-0.7359],[30.6381,-0.7364],[30.6385,-0.7371],[30.6397,-0.7387],[30.6397,-0.7388],[30.6403,-0.7391],[30.6407,-0.7394],[30.6411,-0.7397],[30.6414,-0.7403],[30.642,-0.7412],[30.6425,-0.7422],[30.6428,-0.7426],[30.6436,-0.7437],[30.6439,-0.7441],[30.6444,-0.7447],[30.6446,-0.7448],[30.6449,-0.7451],[30.6455,-0.7455],[30.6463,-0.7462],[30.6466,-0.747],[30.6466,-0.7476],[30.6464,-0.7483],[30.6461,-0.7487],[30.6458,-0.7494],[30.6458,-0.7499],[30.6457,-0.7503],[30.6454,-0.751],[30.6452,-0.7517],[30.6453,-0.7519],[30.6453,-0.7521],[30.6452,-0.7524],[30.6451,-0.7533],[30.6452,-0.7535],[30.6453,-0.7537],[30.6453,-0.7546],[30.6451,-0.7552],[30.6449,-0.7555],[30.6441,-0.7569],[30.6438,-0.7582],[30.6437,-0.7587],[30.6437,-0.759],[30.6436,-0.7593],[30.6432,-0.7597],[30.6425,-0.7605],[30.642,-0.7623],[30.6419,-0.7627],[30.6416,-0.763],[30.6414,-0.7635],[30.641,-0.7643],[30.6406,-0.7651],[30.6406,-0.7654],[30.6407,-0.7657],[30.6408,-0.7659],[30.6409,-0.766],[30.641,-0.7662],[30.6472,-0.7681],[30.6566,-0.7862],[30.6504,-0.8116],[30.6524,-0.8372],[30.6407,-0.8378],[30.637,-0.8415],[30.6308,-0.8643],[30.6029,-0.8673],[30.5987,-0.8767],[30.601,-0.8882],[30.5971,-0.8951],[30.5812,-0.9028],[30.5714,-0.903],[30.5632,-0.9306],[30.5431,-0.9302],[30.5396,-0.9325],[30.5325,-0.9426],[30.5301,-0.9542],[30.5062,-0.9779],[30.5017,-0.99],[30.5071,-1.0048],[30.5047,-1.0152],[30.4908,-1.0289],[30.4781,-1.0575],[30.4951,-1.0604],[30.5099,-1.0732],[30.5275,-1.0761],[30.5397,-1.0747],[30.559,-1.0646],[30.5641,-1.067],[30.5867,-1.061],[30.5957,-1.0653],[30.6095,-1.0644],[30.6332,-1.0712],[30.6332,-1.0665],[30.6493,-1.0659],[30.659,-1.0623],[30.669,-1.0506],[30.6724,-1.0371],[30.6986,-1.015],[30.7178,-1.0141],[30.737,-1.0062],[30.7523,-0.9919],[30.7667,-0.9849],[30.7991,-0.999],[31.0443,-1.0013],[31.2708,-0.9993],[31.2643,-0.9844],[31.2709,-0.9497],[31.2099,-0.901],[31.2035,-0.8877],[31.2063,-0.8779],[31.2037,-0.873],[31.2271,-0.8557],[31.2277,-0.8475],[31.2218,-0.8373],[31.1923,-0.822],[31.1949,-0.7914],[31.1997,-0.7787],[31.1979,-0.7695],[31.2,-0.758],[31.19,-0.7417],[31.1705,-0.7293],[31.1549198556159,-0.706712996459669]]]},"properties":{"name":"Isingiro District","id":"UaR7OHycj8c"}},
{"type":"Feature","geometry":{"type":"MultiPolygon","coordinates":[[[[33.136601709012375,0.503662382156495],[33.13401326072514,0.508918906913482],[33.10611856170379,0.530135326068933],[33.09249295412633,0.544318741241574],[33.091,0.5434],[33.0918,0.5424],[33.0944,0.54],[33.0966,0.5357],[33.1013,0.5327],[33.1032,0.5307],[33.1038,0.5294],[33.1051,0.5295],[33.1052,0.5272],[33.1065,0.5261],[33.1101,0.5253],[33.1124,0.5244],[33.1135,0.5227],[33.1148,0.5222],[33.1164,0.5216],[33.117,0.5202],[33.1171,0.5199],[33.1213,0.5149],[33.1218,0.5148],[33.1249,0.5132],[33.1271,0.5109],[33.129,0.509],[33.1312,0.5079],[33.1329,0.5068],[33.1356,0.5043],[33.136601709012375,0.503662382156495]]],[[[33.153,0.486],[33.15070297093724,0.491140640209055],[33.147878005789345,0.493692035744213],[33.14148120429616,0.49427120172431],[33.1375805607329,0.499941682369014],[33.1367,0.4975],[33.1417,0.4913],[33.1484,0.49],[33.1517,0.4882],[33.153,0.486]]],[[[33.18203918528576,0.451744599284639],[33.159900888989156,0.477497139285051],[33.16174477375978,0.483495436549095],[33.1528,0.4817],[33.1541,0.4788],[33.1598,0.4805],[33.1598,0.4796],[33.1595,0.4788],[33.1599,0.474],[33.162,0.4724],[33.1628,0.4718],[33.1646,0.4692],[33.1663,0.4688],[33.167,0.4683],[33.1682,0.4666],[33.1685,0.466],[33.1705,0.4631],[33.1732,0.4591],[33.1741,0.4576],[33.1768,0.4555],[33.1793,0.4534],[33.18203918528576,0.451744599284639]]],[[[33.19406056839264,0.425672806411627],[33.18241089443448,0.449863416547293],[33.1825,0.4478],[33.1842,0.4445],[33.1846,0.4428],[33.1846,0.4427],[33.186,0.4403],[33.1875,0.4385],[33.1888,0.4363],[33.19406056839264,0.425672806411627]]],[[[33.09662942091256,0.54766488319555],[33.1067339614333,0.533817562477316],[33.12843751958882,0.517830595369526],[33.156912078204364,0.486969703555568],[33.16432382947717,0.485956231575775],[33.171050809793755,0.470883317023303],[33.18389848925155,0.456606410174884],[33.193265021725665,0.440194439879194],[33.19709513331502,0.428668136620377],[33.195134663328545,0.421165450082853],[33.20175654126418,0.417530846864405],[33.21244791516829,0.418344815519652],[33.21475858652043,0.414979177091309],[33.221915153520385,0.421158243539944],[33.229591518286,0.416046331536264],[33.23503681605381,0.42786185531436],[33.234669694640615,0.435009180030912],[33.24732977105508,0.444363602110063],[33.251260147852506,0.468610019151899],[33.25721912850365,0.470428291820698],[33.261544205752706,0.465410514507472],[33.2621,0.4749],[33.2529,0.4949],[33.2527,0.5064],[33.246,0.5093],[33.2368,0.5207],[33.2327,0.5535],[33.2194,0.5513],[33.2036,0.5644],[33.1999,0.578],[33.1801,0.5734],[33.1725,0.5775],[33.1668,0.5766],[33.1603,0.5616],[33.1284,0.5673],[33.1181,0.5612],[33.1142,0.5546],[33.1035,0.5556],[33.09662942091256,0.54766488319555]]]]},"properties":{"name":"Jinja City","id":"wRApaxY2zJf"}},
{"type":"Feature","geometry":{"type":"MultiPolygon","coordinates":[[[[33.0437,0.6472],[33.044,0.649],[33.0435,0.6481],[33.0437,0.6472]]],[[[33.0522,0.6264],[33.0541290000124,0.628217786106939],[33.0443,0.6421],[33.044,0.6409],[33.0439,0.6394],[33.0439,0.6392],[33.0441,0.6388],[33.0441,0.6387],[33.0448,0.6377],[33.0456,0.6371],[33.0465,0.6364],[33.0471,0.6358],[33.0488,0.634],[33.049,0.6335],[33.0504,0.6288],[33.051,0.6282],[33.0511,0.6281],[33.0522,0.6264]]],[[[33.0526,0.6154],[33.052404240028594,0.620945088056486],[33.0517,0.6193],[33.0514,0.6181],[33.0518,0.6172],[33.052,0.6167],[33.0526,0.6154]]],[[[33.072240817053945,0.580677548842215],[33.071354513123,0.584491994140277],[33.05102818504234,0.602038416369318],[33.0509,0.6002],[33.0503,0.597],[33.0516,0.5948],[33.0519,0.5947],[33.0532,0.5947],[33.0541,0.5946],[33.0555,0.5944],[33.0563,0.5933],[33.0568,0.5925],[33.0569,0.5919],[33.0571,0.5914],[33.0624,0.5879],[33.0654,0.5857],[33.0664,0.585],[33.0672,0.584],[33.0686,0.5826],[33.072240817053945,0.580677548842215]]],[[[33.07554965076356,0.56355874089005],[33.0718,0.5775],[33.0719,0.5755],[33.0719,0.5754],[33.0719,0.5733],[33.0718,0.5722],[33.0719,0.572],[33.0724,0.5703],[33.073,0.5677],[33.0731,0.5667],[33.0737,0.566],[33.075,0.5642],[33.07554965076356,0.56355874089005]]],[[[33.09249295412633,0.544318741241574],[33.0763,0.5609],[33.0758,0.56],[33.0751,0.5575],[33.075,0.5573],[33.0752,0.5566],[33.0762,0.5561],[33.0779,0.555],[33.0788,0.5546],[33.0806,0.5538],[33.0816,0.5534],[33.0809,0.5521],[33.0818,0.5504],[33.0824,0.5477],[33.0827,0.5466],[33.0836,0.5461],[33.0846,0.5462],[33.0847,0.5462],[33.0865,0.547],[33.0904,0.5442],[33.091,0.5434],[33.09249295412633,0.544318741241574]]],[[[33.0514,0.6585],[33.04786624899593,0.656183049162408],[33.04681999073777,0.647859544149582],[33.05968673818244,0.623639792434898],[33.05451835943096,0.610304130090201],[33.05975284205391,0.607716546753541],[33.06059082923509,0.601093914858736],[33.076073947692386,0.586627093685294],[33.075389889585445,0.572422847470642],[33.08299327361268,0.568595735935494],[33.079782220908804,0.561077478494902],[33.09662942091256,0.54766488319555],[33.1035,0.5556],[33.1142,0.5546],[33.1181,0.5612],[33.1284,0.5673],[33.1603,0.5616],[33.1668,0.5766],[33.1725,0.5775],[33.1801,0.5734],[33.1999,0.578],[33.2036,0.5644],[33.2194,0.5513],[33.2327,0.5535],[33.2368,0.5207],[33.246,0.5093],[33.2527,0.5064],[33.2529,0.4949],[33.2621,0.4749],[33.261544205752706,0.465410514507472],[33.27172569263243,0.468835430240347],[33.2712349489946,0.473187155245656],[33.28442713269922,0.484613230857201],[33.28870825831753,0.483798801293622],[33.28826380366194,0.480742331318045],[33.2896,0.4816],[33.2899,0.4815],[33.2907,0.4806],[33.2909,0.4803],[33.2911,0.4798],[33.2918,0.4755],[33.292,0.4744],[33.2926,0.4732],[33.2929,0.4726],[33.2939,0.4713],[33.2945,0.4707],[33.2978,0.4692],[33.2993,0.4687],[33.2997,0.4686],[33.2998,0.4686],[33.3024,0.4682],[33.303,0.4683],[33.3048,0.4694],[33.3053,0.4698],[33.3077,0.4715],[33.3087,0.4724],[33.3097,0.4743],[33.3093,0.4748],[33.3045,0.4801],[33.3066,0.4821],[33.3091,0.4833],[33.3107,0.4839],[33.3115,0.4842],[33.3141,0.4851],[33.3161,0.4858],[33.3179,0.4865],[33.3226,0.4886],[33.3229,0.4885],[33.3297,0.4962],[33.3325,0.4985],[33.3323,0.4998],[33.3294,0.5057],[33.3279,0.5086],[33.3273,0.5104],[33.3257,0.5143],[33.3249,0.5161],[33.3253,0.517],[33.3256,0.5171],[33.327,0.5166],[33.3286,0.5161],[33.3309,0.5151],[33.3312,0.5152],[33.3317,0.5154],[33.3321,0.5153],[33.3323,0.5154],[33.3325,0.5155],[33.3328,0.5159],[33.3336,0.516],[33.3338,0.5161],[33.3342,0.5161],[33.3346,0.5161],[33.3353,0.5163],[33.3358,0.5165],[33.3366,0.5169],[33.3369,0.5169],[33.3373,0.5169],[33.3375,0.517],[33.3379,0.5174],[33.3384,0.5182],[33.3389,0.5188],[33.3393,0.519],[33.3395,0.5192],[33.3397,0.5195],[33.3401,0.5201],[33.3406,0.521],[33.341,0.5224],[33.341,0.5225],[33.341,0.5228],[33.3412,0.5243],[33.3412,0.5246],[33.3413,0.5251],[33.3413,0.5257],[33.3412,0.5259],[33.3412,0.5261],[33.3408,0.5263],[33.3407,0.5265],[33.3407,0.5267],[33.3408,0.5268],[33.3408,0.5272],[33.3408,0.5276],[33.3406,0.5291],[33.3402,0.5308],[33.3402,0.5312],[33.3401,0.5318],[33.3401,0.5325],[33.34,0.533],[33.3408,0.5337],[33.3446,0.5347],[33.3507,0.5378],[33.3548,0.5395],[33.3561,0.5408],[33.3577,0.5417],[33.3589,0.5418],[33.3592,0.5416],[33.3595,0.5415],[33.3598,0.5415],[33.36,0.5415],[33.3602,0.5416],[33.3605,0.5417],[33.3615,0.5417],[33.3618,0.5416],[33.3622,0.5412],[33.3625,0.5408],[33.3628,0.5406],[33.363,0.5405],[33.3634,0.5404],[33.3647,0.5404],[33.3652,0.5405],[33.3663,0.541],[33.3664,0.5411],[33.3669,0.5417],[33.367,0.5419],[33.367,0.542],[33.3669,0.5422],[33.3668,0.5441],[33.3671,0.5449],[33.3672,0.545],[33.3675,0.5453],[33.3677,0.5454],[33.3679,0.5455],[33.3683,0.5459],[33.3685,0.5465],[33.3689,0.5471],[33.3693,0.5473],[33.37,0.5479],[33.3701,0.5481],[33.3702,0.5484],[33.3702,0.5486],[33.37,0.5486],[33.3698,0.5485],[33.3696,0.5484],[33.3693,0.5482],[33.3672,0.5479],[33.3664,0.548],[33.3646,0.5485],[33.364,0.5487],[33.3627,0.5487],[33.3623,0.5486],[33.3618,0.5489],[33.3605,0.55],[33.3603,0.5502],[33.3601,0.5509],[33.3601,0.5515],[33.3601,0.5519],[33.36,0.5525],[33.3584,0.5535],[33.3567,0.5547],[33.3545,0.5571],[33.3538,0.5578],[33.3548,0.5611],[33.3562,0.5645],[33.3573,0.5658],[33.3591,0.5681],[33.3606,0.5705],[33.3628,0.5732],[33.3646,0.5749],[33.365,0.5757],[33.3656,0.5768],[33.3664,0.5781],[33.3677,0.58],[33.3688,0.5807],[33.37,0.5812],[33.3713,0.5834],[33.371,0.584],[33.3707,0.584],[33.3669,0.5835],[33.366,0.5838],[33.3626,0.5834],[33.3589,0.5836],[33.3583,0.5838],[33.3579,0.5838],[33.3568,0.5838],[33.3566,0.5838],[33.3558,0.5838],[33.355,0.5837],[33.3544,0.5835],[33.3542,0.5835],[33.3532,0.5832],[33.3528,0.5848],[33.3526,0.5857],[33.3534,0.5902],[33.354,0.5915],[33.3541,0.5921],[33.3544,0.5934],[33.3543,0.5939],[33.3541,0.5949],[33.354,0.5951],[33.3545,0.5957],[33.355,0.5962],[33.3554,0.5967],[33.3565,0.5976],[33.357,0.5981],[33.3571,0.5984],[33.3573,0.5987],[33.3574,0.599],[33.3574,0.5993],[33.3574,0.5996],[33.3572,0.6],[33.3569,0.6011],[33.3569,0.6013],[33.357,0.6016],[33.3571,0.6019],[33.357,0.6022],[33.3569,0.6024],[33.3569,0.6025],[33.357,0.6027],[33.3571,0.6028],[33.3572,0.6029],[33.3572,0.6033],[33.3572,0.6036],[33.3572,0.6038],[33.3573,0.6042],[33.3573,0.6043],[33.3572,0.6047],[33.3572,0.6049],[33.3573,0.6051],[33.3574,0.6053],[33.3575,0.6058],[33.3571,0.6081],[33.3572,0.6083],[33.3576,0.6087],[33.3581,0.6089],[33.3589,0.6088],[33.3622,0.6073],[33.3638,0.6069],[33.3642,0.6068],[33.3647,0.6067],[33.3653,0.6068],[33.3655,0.6067],[33.3658,0.6044],[33.3659,0.6042],[33.3659,0.6039],[33.3658,0.6036],[33.3658,0.6034],[33.3659,0.6029],[33.366,0.6028],[33.3663,0.602],[33.3664,0.6012],[33.3668,0.6004],[33.3678,0.599],[33.369,0.596],[33.3694,0.5957],[33.3703,0.5957],[33.3706,0.5957],[33.373,0.5975],[33.3749,0.6015],[33.3756,0.6032],[33.3756,0.6036],[33.3756,0.604],[33.3765,0.6061],[33.3766,0.6064],[33.3766,0.6067],[33.3768,0.607],[33.3774,0.608],[33.3775,0.6091],[33.3772,0.6103],[33.3774,0.6114],[33.3794,0.6135],[33.3796,0.614],[33.3793,0.6144],[33.3792,0.6148],[33.3791,0.615],[33.379,0.6152],[33.3784,0.6153],[33.3757,0.6174],[33.3757,0.618],[33.3758,0.6184],[33.3754,0.6189],[33.375,0.619],[33.3742,0.6198],[33.3739,0.6205],[33.3729,0.6209],[33.3716,0.6209],[33.371,0.6211],[33.3698,0.621],[33.3685,0.6201],[33.3677,0.6201],[33.3665,0.6199],[33.3662,0.6201],[33.365,0.6203],[33.3635,0.6212],[33.3632,0.6215],[33.3626,0.6221],[33.3621,0.6223],[33.3609,0.6223],[33.3602,0.6227],[33.3596,0.6229],[33.3586,0.6231],[33.3556,0.6233],[33.3553,0.6233],[33.3548,0.6238],[33.3546,0.6239],[33.3536,0.624],[33.3522,0.6242],[33.3517,0.6245],[33.3516,0.6251],[33.3503,0.6264],[33.3496,0.627],[33.3494,0.6272],[33.3478,0.6292],[33.3477,0.6296],[33.3467,0.6297],[33.3428,0.6303],[33.3415,0.6308],[33.3363,0.6343],[33.3358,0.635],[33.3356,0.6353],[33.3351,0.6364],[33.3344,0.6371],[33.3339,0.6378],[33.3316,0.6398],[33.3306,0.6406],[33.33,0.6414],[33.3296,0.6418],[33.3291,0.6423],[33.329,0.6424],[33.3277,0.6437],[33.3273,0.644],[33.3261,0.6451],[33.3259,0.6453],[33.3243,0.6468],[33.3231,0.6479],[33.3218,0.6483],[33.3204,0.6497],[33.3198,0.6505],[33.3194,0.6512],[33.318,0.6525],[33.3157,0.6539],[33.3151,0.6547],[33.3139,0.6572],[33.3137,0.6578],[33.3135,0.6584],[33.3131,0.6579],[33.3075,0.6558],[33.3058,0.6545],[33.3037,0.6513],[33.3016,0.6476],[33.3001,0.6453],[33.2979,0.6437],[33.2968,0.6446],[33.2963,0.645],[33.2946,0.6465],[33.2916,0.6491],[33.2842,0.6562],[33.2828,0.6574],[33.2818,0.6583],[33.2812,0.6586],[33.2778,0.6608],[33.2745,0.6626],[33.2727,0.6633],[33.2704,0.6641],[33.2697,0.6642],[33.2675,0.6644],[33.2672,0.6643],[33.2672,0.6636],[33.2666,0.6624],[33.2658,0.6615],[33.2649,0.6612],[33.2641,0.6614],[33.2633,0.6617],[33.2619,0.6625],[33.261,0.6629],[33.2603,0.6637],[33.2583,0.6641],[33.2568,0.6641],[33.2553,0.6644],[33.2546,0.6643],[33.2539,0.6643],[33.2532,0.664],[33.2516,0.6648],[33.251,0.6655],[33.2506,0.6662],[33.2499,0.6668],[33.2496,0.6669],[33.2484,0.6669],[33.2474,0.6671],[33.2456,0.6678],[33.2449,0.6679],[33.2424,0.6706],[33.241,0.672],[33.2406,0.6723],[33.2387,0.6729],[33.2375,0.6738],[33.2363,0.6744],[33.2354,0.6753],[33.2347,0.6764],[33.2337,0.6775],[33.2331,0.6782],[33.2328,0.6785],[33.231,0.6805],[33.2304,0.6809],[33.2293,0.6813],[33.2282,0.6821],[33.2271,0.6824],[33.2251,0.6829],[33.2245,0.6829],[33.2242,0.683],[33.2237,0.6832],[33.2235,0.6833],[33.2232,0.6839],[33.21,0.6819],[33.2016,0.6877],[33.2016,0.688],[33.201,0.6888],[33.2009,0.69],[33.2,0.691],[33.1982,0.6925],[33.1943,0.6933],[33.1936,0.6932],[33.1935,0.6933],[33.191,0.6945],[33.1898,0.696],[33.1893,0.6984],[33.1892,0.6984],[33.1856,0.696],[33.1793,0.6928],[33.1773,0.6929],[33.1705,0.6946],[33.1686,0.6951],[33.1653,0.695],[33.16,0.6948],[33.159,0.6949],[33.1528,0.6896],[33.1511,0.6895],[33.1509,0.6895],[33.1493,0.6894],[33.1451,0.6877],[33.1422,0.6883],[33.1361,0.6901],[33.1343,0.6902],[33.1342,0.6878],[33.1356,0.6841],[33.1362,0.6818],[33.1372,0.6755],[33.1382,0.6716],[33.1367,0.6699],[33.1355,0.6687],[33.1351,0.6684],[33.1337,0.668],[33.1315,0.6675],[33.1304,0.6679],[33.1285,0.6686],[33.1283,0.6687],[33.1247,0.6705],[33.1239,0.6713],[33.1171,0.6744],[33.1159,0.6749],[33.1155,0.6749],[33.1144,0.6765],[33.1138,0.6769],[33.1125,0.6782],[33.1107,0.6785],[33.1085,0.6775],[33.1075,0.6773],[33.1055,0.6759],[33.0996,0.6774],[33.095,0.6787],[33.094,0.6783],[33.0934,0.6782],[33.0901,0.6783],[33.088,0.679],[33.0864,0.6799],[33.0865,0.6779],[33.0862,0.6747],[33.0862,0.6716],[33.0867,0.6687],[33.0868,0.6683],[33.0859,0.6662],[33.0841,0.6655],[33.0785,0.6633],[33.0767,0.6625],[33.076,0.66],[33.0759,0.6595],[33.0743,0.6568],[33.0707,0.6554],[33.0678,0.6548],[33.066,0.6559],[33.0636,0.6565],[33.0617,0.6562],[33.0608,0.6563],[33.0595,0.6564],[33.0593,0.6568],[33.0584,0.657],[33.0572,0.6573],[33.0561,0.6577],[33.0514,0.6585]]]]},"properties":{"name":"Jinja District","id":"aJR2ZxSH7g4"}},
{"type":"Feature","geometry":{"type":"Polygon","coordinates":[[[33.8235,3.3128],[33.8253,3.312],[33.8478,3.3033],[33.8612,3.3008],[33.8644,3.3074],[33.8714,3.3086],[33.8727,3.3148],[33.8776,3.3103],[33.8784,3.3148],[33.8881,3.3157],[33.889,3.3207],[33.9077,3.3082],[33.9022,3.3044],[33.9046,3.2819],[33.9022,3.2497],[33.9107,3.2573],[33.9201,3.2594],[34.0248,3.2485],[34.0536,3.2512],[34.0859,3.2495],[34.1568,3.2162],[34.1877,3.1929],[34.1878,3.1751],[34.192,3.1674],[34.203,3.1665],[34.2133,3.1565],[34.2134,3.1502],[34.2565,3.1274],[34.3425,3.0845],[34.3974,3.0919],[34.3976,3.0919],[34.3976,3.092],[34.4423,3.0798],[34.4879,3.0968],[34.4968,3.0912],[34.5134,3.0915],[34.5205,3.0864],[34.5455,3.0934],[34.5597,3.1077],[34.5466,3.1338],[34.5128,3.1461],[34.4956,3.1387],[34.4828,3.1624],[34.4713,3.1699],[34.4613,3.1712],[34.4562,3.1793],[34.4482,3.2803],[34.4388,3.3047],[34.4307,3.34],[34.4014,3.3679],[34.4025,3.4124],[34.4106,3.4154],[34.42,3.4307],[34.4174,3.448],[34.4046,3.4673],[34.3917,3.4803],[34.3897,3.4891],[34.3968,3.4853],[34.4255,3.489],[34.4523,3.5144],[34.4574,3.5728],[34.4539,3.6085],[34.464,3.6668],[34.4566,3.6736],[34.4057,3.6901],[34.4036,3.7026],[34.395,3.7151],[34.3831,3.7248],[34.3658,3.7325],[34.3263,3.7254],[34.3193,3.719],[34.3061,3.6833],[34.3034,3.6829],[34.3087,3.709],[34.2841,3.7281],[34.2672,3.7456],[34.2463,3.7812],[34.2339,3.7781],[34.2297,3.7714],[34.2276,3.7714],[34.2268,3.7799],[34.2211,3.7815],[34.1716,3.765],[34.1668,3.7708],[34.1909,3.7801],[34.1894,3.7924],[34.1713,3.7976],[34.1642,3.795],[34.1598,3.7987],[34.1545,3.7973],[34.1539,3.8043],[34.1647,3.8078],[34.1808,3.8289],[34.2268,3.8283],[34.2258,3.8494],[34.2163,3.8782],[34.1758,3.877],[34.1677,3.8672],[34.1534,3.8661],[34.1286,3.8695],[34.1102,3.8657],[34.0934,3.8572],[34.0892,3.8586],[34.0922,3.8826],[34.1207,3.8982],[34.1354,3.9587],[34.1065,3.974],[34.0829,3.9996],[34.0608,4.0068],[34.0596,4.025],[34.0884,4.0339],[34.0921,4.0464],[34.0924,4.0586],[34.0805,4.0828],[34.0639,4.0915],[34.0503,4.1184],[34.0664,4.1413],[34.0481,4.1765],[33.9885,4.2314],[33.8613,4.1033],[34.0092,3.8551],[34.0059,3.855],[34.0041,3.8425],[34.0085,3.8221],[34.0072,3.7874],[34.0128,3.7815],[34.0033,3.7588],[34.0011,3.7614],[34.0057,3.7447],[34.0028,3.6997],[33.9805,3.6897],[33.9779,3.677],[33.9805,3.67],[33.9775,3.6659],[33.9592,3.6571],[33.9455,3.6454],[33.9443,3.6392],[33.9363,3.6295],[33.9197,3.6182],[33.9395,3.6055],[33.9364,3.6024],[33.9476,3.5913],[33.9755,3.5864],[33.9836,3.5919],[33.989,3.5902],[33.9914,3.557],[33.9797,3.5317],[33.9729,3.5241],[33.9565,3.5192],[33.9484,3.5133],[33.9375,3.5147],[33.9366,3.5114],[33.9194,3.5097],[33.9119,3.5021],[33.8983,3.5037],[33.8973,3.5069],[33.8938,3.5042],[33.8858,3.5055],[33.8756,3.5143],[33.8657,3.5102],[33.8492,3.5124],[33.8427,3.5071],[33.8363,3.5065],[33.8138,3.511],[33.8093,3.5021],[33.8021,3.4998],[33.7987,3.4947],[33.8006,3.488],[33.7973,3.4737],[33.8072,3.4612],[33.8031,3.449],[33.8086,3.4295],[33.8018,3.4143],[33.8035,3.4113],[33.7994,3.4078],[33.804,3.3888],[33.8008,3.3748],[33.8056,3.3723],[33.8057,3.3685],[33.8149,3.3577],[33.8181,3.3446],[33.8145,3.3321],[33.8231,3.3224],[33.8209,3.3169],[33.8235,3.3128]]]},"properties":{"name":"Kaabong District","id":"eOJUW6OGpc7"}},
{"type":"Feature","geometry":{"type":"Polygon","coordinates":[[[29.921407443051656,-1.284033693445452],[29.93533651862705,-1.302030816067964],[29.961104156383506,-1.366913355069656],[29.945885706875227,-1.368270445878727],[29.930430375007475,-1.334978501310869],[29.914841937628797,-1.325256779711455],[29.910023514544136,-1.33324931038113],[29.916016418171868,-1.346478795380015],[29.913600947740647,-1.357175050149218],[29.916314077112027,-1.369111720170341],[29.922785508814652,-1.382790236061403],[29.918460583859346,-1.405554624088335],[29.90536763595533,-1.401306101411902],[29.899991823039528,-1.392679462316573],[29.89702857221058,-1.341218367682567],[29.8822,-1.3365],[29.8776,-1.3381],[29.8827,-1.3524],[29.8826,-1.355],[29.8789,-1.3555],[29.8812,-1.405],[29.8855,-1.4125],[29.8833,-1.4226],[29.8884,-1.4279],[29.8905,-1.4493],[29.9126,-1.4813],[29.9228,-1.4798],[29.9316,-1.4716],[29.9464,-1.4656],[29.9763,-1.459],[29.9827,-1.4511],[29.9931,-1.4469],[29.998,-1.4368],[30.0093,-1.4282],[30.0138,-1.4166],[30.0197,-1.4141],[30.0365,-1.4213],[30.0373,-1.4254],[30.0425,-1.4287],[30.0528,-1.432],[30.0555,-1.4217],[30.0522,-1.4013],[30.0699,-1.392],[30.0731,-1.3789],[30.0833,-1.3733],[30.0979,-1.3767],[30.1033,-1.3725],[30.1112,-1.3759],[30.1193,-1.3854],[30.1239,-1.3833],[30.128,-1.3645],[30.1379,-1.3611],[30.145,-1.3507],[30.1524,-1.3515],[30.1698,-1.3452],[30.1624,-1.3349],[30.1646,-1.3277],[30.1619,-1.3177],[30.1677,-1.3056],[30.1744,-1.3015],[30.1694,-1.2745],[30.1618,-1.2641],[30.1651,-1.2428],[30.1622,-1.2248],[30.1448,-1.2284],[30.1405,-1.2526],[30.1353,-1.2545],[30.1329,-1.2328],[30.1233,-1.2319],[30.1168,-1.2355],[30.1072,-1.2224],[30.0808,-1.2173],[30.0774,-1.2117],[30.0635,-1.2064],[30.0487,-1.2114],[30.0374,-1.2047],[30.0294,-1.2034],[30.0274,-1.2056],[30.024,-1.202],[30.012,-1.1905],[30.0056,-1.1916],[30.0056,-1.1961],[30.0132,-1.2031],[30.0095,-1.2183],[30.0044,-1.223],[30.0053,-1.2289],[29.9988,-1.2269],[29.9797,-1.2354],[29.9758,-1.2315],[29.963,-1.2336],[29.9577,-1.2371],[29.965,-1.2518],[29.9523,-1.2527],[29.9429,-1.258],[29.9404,-1.265],[29.9357,-1.2641],[29.9381,-1.2668],[29.921407443051656,-1.284033693445452]],[[30.00599503081873,-1.377922075149088],[29.995281764512455,-1.36712896909578],[29.98442793697707,-1.33371209639527],[29.995017895480885,-1.318618786277409],[30.011792326091964,-1.335691604151427],[30.033358521792124,-1.398372597473063],[30.001793408421943,-1.390512262732496],[30.00599503081873,-1.377922075149088]]]},"properties":{"name":"Kabale District","id":"zBIpPzKYFLp"}},
{"type":"Feature","geometry":{"type":"Polygon","coordinates":[[[30.5428,0.9755],[30.5417,0.9733],[30.5401,0.9715],[30.5387,0.9706],[30.5373,0.97],[30.5368,0.969],[30.5359,0.968],[30.5349,0.9678],[30.5339,0.9673],[30.5331,0.9671],[30.5314,0.9666],[30.5296,0.9646],[30.524,0.959],[30.5235,0.9586],[30.5174,0.953],[30.5109,0.9483],[30.5054,0.9434],[30.5023,0.942],[30.5005,0.9407],[30.4993,0.94],[30.4983,0.9395],[30.4955,0.9369],[30.4938,0.9345],[30.4918,0.932],[30.4899,0.9299],[30.4893,0.9292],[30.4885,0.9285],[30.4879,0.9272],[30.4877,0.9267],[30.487,0.9258],[30.4861,0.9248],[30.4844,0.9231],[30.4824,0.9219],[30.4803,0.9197],[30.4791,0.9199],[30.4775,0.9197],[30.4763,0.9201],[30.4728,0.919],[30.4689,0.9176],[30.4659,0.9162],[30.462,0.9145],[30.4603,0.914],[30.4597,0.9139],[30.4592,0.9137],[30.4562,0.9137],[30.4529,0.9144],[30.4522,0.9143],[30.4502,0.9138],[30.4464,0.9138],[30.4454,0.9137],[30.4434,0.9135],[30.4403,0.911],[30.4402,0.9109],[30.4392,0.9104],[30.437,0.9103],[30.4348,0.91],[30.4322,0.9095],[30.4301,0.9092],[30.4257,0.9085],[30.4234,0.9078],[30.4187,0.9058],[30.4149,0.9038],[30.4116,0.9029],[30.4098,0.9023],[30.4049,0.9005],[30.4018,0.8989],[30.4005,0.8972],[30.3977,0.8955],[30.395,0.8947],[30.3928,0.8939],[30.3912,0.8934],[30.3895,0.8929],[30.3856,0.8924],[30.3835,0.8921],[30.3822,0.8912],[30.3813,0.8902],[30.3801,0.8902],[30.3783,0.8911],[30.3764,0.8911],[30.3737,0.8899],[30.3725,0.889],[30.371,0.8876],[30.3693,0.8863],[30.3677,0.8853],[30.366,0.884],[30.3652,0.8827],[30.3631,0.8803],[30.363,0.8778],[30.3623,0.8766],[30.3615,0.8764],[30.36,0.8806],[30.3589,0.8822],[30.3556,0.8867],[30.3518,0.8915],[30.3506,0.8934],[30.3492,0.8957],[30.3476,0.8983],[30.3462,0.8993],[30.3456,0.8979],[30.3458,0.8972],[30.3467,0.8952],[30.3458,0.8947],[30.3459,0.8933],[30.3455,0.8927],[30.346,0.8919],[30.3461,0.8915],[30.3457,0.8905],[30.346,0.89],[30.3455,0.8895],[30.3456,0.8886],[30.346,0.8885],[30.3463,0.8878],[30.3457,0.8874],[30.3461,0.8872],[30.3463,0.8869],[30.3459,0.8866],[30.3458,0.8859],[30.346,0.8851],[30.3458,0.8842],[30.3451,0.8837],[30.3451,0.8826],[30.3437,0.8813],[30.3434,0.8808],[30.3431,0.8807],[30.3424,0.8779],[30.342,0.8769],[30.3422,0.8758],[30.3416,0.8749],[30.3417,0.8739],[30.3415,0.873],[30.3418,0.8718],[30.3422,0.8711],[30.3425,0.8709],[30.343,0.8707],[30.343,0.8703],[30.3431,0.8698],[30.3426,0.8689],[30.3419,0.8675],[30.3416,0.8673],[30.3414,0.8669],[30.342,0.8663],[30.3427,0.8653],[30.3427,0.8647],[30.3433,0.8642],[30.3434,0.8641],[30.3437,0.8624],[30.3435,0.8617],[30.3431,0.8614],[30.3437,0.8609],[30.3442,0.8605],[30.344,0.8593],[30.3431,0.8582],[30.342,0.8583],[30.3409,0.857],[30.3406,0.8568],[30.3403,0.8565],[30.3397,0.856],[30.3397,0.8551],[30.3391,0.8532],[30.3394,0.8531],[30.341,0.8516],[30.3414,0.8513],[30.341,0.8509],[30.3408,0.8503],[30.3407,0.8499],[30.3415,0.8488],[30.3409,0.8479],[30.3414,0.847],[30.3411,0.8468],[30.3414,0.8463],[30.3418,0.8459],[30.3418,0.8453],[30.3416,0.8449],[30.3412,0.8448],[30.3412,0.8443],[30.3407,0.8441],[30.3406,0.8434],[30.3408,0.8431],[30.3419,0.8427],[30.3421,0.8412],[30.3419,0.8403],[30.3416,0.8397],[30.3419,0.8386],[30.3418,0.8383],[30.3406,0.8373],[30.3396,0.8363],[30.3387,0.8355],[30.3373,0.8357],[30.3358,0.8356],[30.3352,0.8353],[30.3344,0.8345],[30.3348,0.8339],[30.3352,0.833],[30.3354,0.8319],[30.3353,0.8302],[30.3354,0.8292],[30.3349,0.8283],[30.3348,0.828],[30.3347,0.8278],[30.3344,0.8276],[30.3339,0.8277],[30.333,0.8273],[30.3323,0.8275],[30.3319,0.8272],[30.3309,0.827],[30.329,0.8259],[30.328,0.8255],[30.3274,0.8256],[30.3269,0.8248],[30.3268,0.8245],[30.3257,0.8245],[30.3254,0.8241],[30.3243,0.8233],[30.3233,0.8227],[30.3227,0.8225],[30.3212,0.8218],[30.3186,0.8211],[30.3167,0.8204],[30.3164,0.8204],[30.3153,0.8197],[30.3152,0.8193],[30.3156,0.8184],[30.3149,0.8178],[30.3135,0.8169],[30.312,0.816],[30.3106,0.8146],[30.3102,0.8141],[30.3092,0.8137],[30.3078,0.8135],[30.3062,0.8145],[30.3052,0.8139],[30.3043,0.814],[30.3035,0.8135],[30.2992,0.8117],[30.2975,0.8105],[30.2963,0.8051],[30.2962,0.8044],[30.2955,0.8023],[30.2959,0.802],[30.2961,0.7988],[30.2952,0.7981],[30.295,0.7978],[30.2948,0.7965],[30.2941,0.796],[30.2935,0.7955],[30.2935,0.795],[30.2936,0.7917],[30.2943,0.7909],[30.2951,0.79],[30.2967,0.7885],[30.2972,0.7864],[30.2981,0.7854],[30.2984,0.7854],[30.2995,0.7853],[30.2996,0.7851],[30.3001,0.7846],[30.3004,0.784],[30.3005,0.7839],[30.3008,0.7808],[30.3009,0.7802],[30.3015,0.7794],[30.2995,0.7769],[30.2959,0.7735],[30.2847,0.7685],[30.2814,0.7668],[30.28,0.7661],[30.2755,0.764],[30.2698,0.7611],[30.2687,0.76],[30.2654,0.7556],[30.2622,0.7519],[30.2596,0.7485],[30.258,0.7463],[30.2481,0.7366],[30.2475,0.7376],[30.2446,0.7407],[30.2432,0.7427],[30.2428,0.7444],[30.2431,0.7453],[30.244,0.7468],[30.2442,0.7473],[30.2419,0.749],[30.2358,0.7493],[30.2326,0.7495],[30.231,0.7497],[30.2256,0.7501],[30.224,0.7508],[30.2202,0.7519],[30.2185,0.7528],[30.2165,0.7516],[30.212,0.7485],[30.2101,0.746],[30.2049,0.7413],[30.2033,0.7392],[30.2032,0.7391],[30.2025,0.7383],[30.202,0.7375],[30.1953,0.7316],[30.1944,0.7309],[30.1935,0.7301],[30.1934,0.7299],[30.1932,0.7294],[30.1932,0.729],[30.1931,0.7288],[30.1927,0.7283],[30.1925,0.7281],[30.1924,0.7276],[30.1923,0.7273],[30.1919,0.7268],[30.1918,0.7255],[30.1913,0.7246],[30.1912,0.7245],[30.1911,0.724],[30.1912,0.7238],[30.1909,0.7225],[30.1903,0.721],[30.1901,0.7201],[30.189,0.7174],[30.1885,0.7172],[30.1883,0.717],[30.1871,0.7165],[30.1865,0.7167],[30.1861,0.7174],[30.1858,0.7182],[30.1862,0.7194],[30.1863,0.7196],[30.1862,0.7198],[30.1858,0.7202],[30.1854,0.72],[30.1846,0.7201],[30.1842,0.7203],[30.1841,0.7205],[30.1829,0.7212],[30.1819,0.7214],[30.1809,0.722],[30.18,0.7225],[30.1797,0.7228],[30.1788,0.724],[30.1763,0.7258],[30.1759,0.7263],[30.1743,0.7283],[30.1736,0.7294],[30.1728,0.7305],[30.1723,0.7311],[30.1718,0.7315],[30.1714,0.7317],[30.1707,0.7321],[30.1685,0.7321],[30.1677,0.7325],[30.1673,0.7325],[30.1667,0.7318],[30.1666,0.7317],[30.1665,0.7316],[30.1644,0.7326],[30.1635,0.7311],[30.1628,0.7305],[30.16,0.728],[30.1599,0.7272],[30.1599,0.7269],[30.1599,0.7258],[30.1603,0.7241],[30.1607,0.7227],[30.1604,0.7218],[30.1594,0.721],[30.1579,0.7195],[30.1574,0.7169],[30.1568,0.7159],[30.1549,0.7152],[30.154,0.7131],[30.1536,0.7106],[30.1535,0.7102],[30.1533,0.7098],[30.1527,0.7094],[30.1516,0.709],[30.151,0.7088],[30.1509,0.7087],[30.1503,0.7085],[30.1512,0.7057],[30.1513,0.7055],[30.1522,0.7045],[30.1525,0.7043],[30.1529,0.7039],[30.1534,0.7035],[30.1524,0.7011],[30.1518,0.7],[30.1512,0.6988],[30.15,0.6974],[30.1499,0.6973],[30.1501,0.6958],[30.1496,0.6946],[30.149,0.694],[30.1482,0.6925],[30.1462,0.6905],[30.1458,0.6896],[30.1456,0.6892],[30.1454,0.6881],[30.1447,0.6862],[30.1443,0.6856],[30.1421,0.6817],[30.1408,0.6793],[30.139,0.6773],[30.1383,0.6758],[30.1382,0.6756],[30.1373,0.6752],[30.1368,0.6749],[30.1366,0.6748],[30.1365,0.6748],[30.1356,0.6747],[30.1325,0.6718],[30.1324,0.6714],[30.1325,0.6702],[30.1312,0.6669],[30.1309,0.6666],[30.1299,0.6654],[30.1294,0.6648],[30.128,0.6632],[30.1274,0.662],[30.1264,0.6606],[30.1263,0.6603],[30.1259,0.6595],[30.1261,0.6582],[30.1266,0.6565],[30.1266,0.6564],[30.1269,0.6547],[30.1272,0.6529],[30.1276,0.6514],[30.128,0.6483],[30.1277,0.647],[30.1271,0.6459],[30.1265,0.6432],[30.1267,0.6419],[30.1266,0.641],[30.125,0.6382],[30.1243,0.6366],[30.1232,0.6337],[30.1221,0.6305],[30.121,0.6291],[30.1208,0.6278],[30.1203,0.6244],[30.1196,0.6237],[30.1196,0.6236],[30.1198,0.6233],[30.1216,0.6216],[30.1225,0.6213],[30.1261,0.6198],[30.1271,0.6194],[30.1283,0.6191],[30.1291,0.6189],[30.1312,0.6183],[30.1319,0.6182],[30.1334,0.6181],[30.1341,0.6179],[30.1368,0.6172],[30.1376,0.6169],[30.1382,0.6165],[30.1391,0.6162],[30.1399,0.6164],[30.1403,0.6162],[30.1405,0.6157],[30.1412,0.615],[30.142,0.6142],[30.1431,0.6142],[30.1436,0.6141],[30.145,0.6136],[30.146,0.613],[30.1471,0.6126],[30.1484,0.612],[30.1489,0.6119],[30.1496,0.6113],[30.1502,0.6107],[30.1527,0.6101],[30.1568,0.6084],[30.1586,0.6076],[30.1679,0.6048],[30.1744,0.6028],[30.1755,0.6012],[30.1765,0.5988],[30.1768,0.5981],[30.1777,0.5953],[30.1803,0.5936],[30.1828,0.5919],[30.1832,0.5917],[30.1864,0.5897],[30.1878,0.5878],[30.1895,0.5874],[30.1931,0.587],[30.197,0.5876],[30.1989,0.5889],[30.2019,0.59],[30.2085,0.5923],[30.2096,0.5932],[30.2124,0.5925],[30.2202,0.5899],[30.2214,0.5897],[30.2224,0.5897],[30.224,0.5901],[30.2249,0.5899],[30.2275,0.5902],[30.2308,0.5909],[30.2324,0.5925],[30.2346,0.5931],[30.2359,0.5933],[30.2367,0.5944],[30.2376,0.5948],[30.2381,0.5951],[30.2386,0.5956],[30.2394,0.5962],[30.2413,0.5966],[30.2419,0.597],[30.2428,0.5977],[30.2446,0.5961],[30.246,0.596],[30.2463,0.5961],[30.2477,0.5962],[30.2488,0.5962],[30.2506,0.5961],[30.2518,0.5961],[30.2532,0.596],[30.2542,0.596],[30.2515,0.6067],[30.2441,0.6174],[30.2226,0.6274],[30.219,0.6383],[30.213,0.6417],[30.193,0.6445],[30.1779,0.6331],[30.1716,0.6377],[30.1719,0.6435],[30.1662,0.65],[30.1714,0.6547],[30.1717,0.6682],[30.1786,0.6868],[30.1822,0.6876],[30.184,0.6968],[30.1971,0.6974],[30.2017,0.6919],[30.2072,0.6915],[30.2121,0.682],[30.2177,0.6795],[30.2242,0.6796],[30.2284,0.6866],[30.2309,0.6799],[30.2388,0.6763],[30.2412,0.6887],[30.2478,0.698],[30.2714,0.6989],[30.2781,0.6855],[30.2944,0.6799],[30.2978,0.6681],[30.3089,0.6661],[30.3099,0.6615],[30.3056,0.6604],[30.3065,0.6521],[30.3223,0.6479],[30.326,0.643],[30.3209,0.6349],[30.312,0.6404],[30.3067,0.6324],[30.2964,0.6332],[30.2976,0.6293],[30.2914,0.6194],[30.3029,0.6142],[30.3011,0.604],[30.3071,0.5953],[30.2908,0.5759],[30.292,0.5728],[30.2922,0.572],[30.2925,0.5709],[30.2924,0.5701],[30.2908,0.5666],[30.2886,0.5656],[30.2869,0.5657],[30.2856,0.5647],[30.2841,0.5643],[30.2833,0.5642],[30.282,0.5638],[30.2806,0.5637],[30.2776,0.5637],[30.277,0.5623],[30.2736,0.5594],[30.2734,0.5589],[30.273,0.5574],[30.2726,0.5571],[30.2715,0.5565],[30.2708,0.5562],[30.2704,0.5551],[30.2703,0.5544],[30.2705,0.5523],[30.2686,0.548],[30.2684,0.5465],[30.2675,0.5454],[30.2669,0.544],[30.2662,0.5432],[30.2659,0.5421],[30.2664,0.5402],[30.2661,0.5396],[30.2643,0.5389],[30.2637,0.5389],[30.263,0.5383],[30.2615,0.5378],[30.2603,0.5381],[30.2597,0.5379],[30.2582,0.5381],[30.2579,0.5374],[30.2579,0.5367],[30.2569,0.5366],[30.2552,0.5361],[30.2533,0.5359],[30.253,0.5353],[30.2524,0.5348],[30.2507,0.5331],[30.2499,0.5331],[30.2491,0.5331],[30.2483,0.5322],[30.2479,0.5325],[30.2477,0.5319],[30.248,0.5309],[30.2482,0.531],[30.2487,0.5308],[30.2488,0.529],[30.2496,0.5283],[30.2512,0.5276],[30.2513,0.5261],[30.2521,0.526],[30.2541,0.5262],[30.2549,0.5254],[30.256,0.524],[30.256,0.5235],[30.2559,0.5217],[30.2567,0.5216],[30.2571,0.5212],[30.258,0.5201],[30.258,0.52],[30.2581,0.5194],[30.2586,0.5174],[30.258,0.5167],[30.2592,0.5161],[30.2599,0.5156],[30.2603,0.5148],[30.2599,0.5138],[30.2607,0.5133],[30.2619,0.5133],[30.2625,0.513],[30.2631,0.5127],[30.2649,0.5123],[30.2658,0.5112],[30.266,0.511],[30.267,0.5093],[30.2671,0.5093],[30.2673,0.5082],[30.2674,0.5051],[30.2682,0.5049],[30.2701,0.5012],[30.2703,0.4996],[30.2707,0.4986],[30.2711,0.4976],[30.2715,0.4976],[30.2725,0.4971],[30.2726,0.4967],[30.2728,0.495],[30.2726,0.4943],[30.2723,0.494],[30.2717,0.4924],[30.2717,0.4868],[30.2707,0.4865],[30.2705,0.4861],[30.2706,0.4855],[30.2707,0.4851],[30.2711,0.4847],[30.2717,0.4846],[30.2727,0.4841],[30.2739,0.4841],[30.2745,0.4837],[30.2748,0.4832],[30.2733,0.4828],[30.2725,0.4809],[30.2724,0.4807],[30.2722,0.4802],[30.2729,0.4794],[30.2732,0.4785],[30.269,0.4762],[30.2682,0.4747],[30.2681,0.4745],[30.2676,0.4738],[30.2675,0.4736],[30.2674,0.4732],[30.2661,0.4722],[30.265,0.4721],[30.2634,0.4726],[30.2608,0.472],[30.2604,0.472],[30.2597,0.471],[30.2597,0.4702],[30.2592,0.4674],[30.259,0.4666],[30.2583,0.466],[30.2576,0.4655],[30.2573,0.4651],[30.2574,0.4643],[30.2574,0.4634],[30.2574,0.4619],[30.2574,0.4603],[30.2582,0.4592],[30.2586,0.4583],[30.2572,0.4576],[30.2573,0.4569],[30.2567,0.4557],[30.2566,0.4556],[30.2567,0.4547],[30.2568,0.4537],[30.2569,0.4524],[30.257,0.4516],[30.2569,0.45],[30.2573,0.4475],[30.257,0.4472],[30.2569,0.4455],[30.2569,0.4443],[30.2566,0.4435],[30.2567,0.4429],[30.2581,0.4415],[30.2591,0.4406],[30.2593,0.4394],[30.2597,0.4337],[30.2599,0.4331],[30.2582,0.4321],[30.2577,0.4309],[30.257,0.4302],[30.2573,0.4288],[30.2567,0.4289],[30.256,0.428],[30.256,0.4274],[30.2548,0.4242],[30.2542,0.4203],[30.2516,0.4165],[30.2514,0.4158],[30.253,0.4141],[30.2537,0.4129],[30.254,0.4128],[30.2547,0.4128],[30.2549,0.4109],[30.2559,0.4108],[30.2562,0.4107],[30.2574,0.4107],[30.2584,0.4115],[30.2589,0.4117],[30.2593,0.4112],[30.2606,0.4104],[30.2609,0.4102],[30.2615,0.41],[30.2623,0.4098],[30.2633,0.4096],[30.2642,0.4088],[30.2664,0.4084],[30.269,0.4073],[30.2702,0.4073],[30.2704,0.4074],[30.2707,0.4076],[30.2719,0.4072],[30.2731,0.4069],[30.2741,0.4065],[30.2754,0.4081],[30.2763,0.4082],[30.2777,0.4087],[30.2786,0.4097],[30.2791,0.4099],[30.2798,0.4094],[30.2814,0.4097],[30.2829,0.4098],[30.2837,0.4096],[30.2842,0.4089],[30.2851,0.4075],[30.2866,0.4057],[30.2879,0.4051],[30.2899,0.4048],[30.2913,0.4059],[30.2918,0.4058],[30.2932,0.4034],[30.2932,0.402],[30.2943,0.4009],[30.2943,0.4003],[30.2941,0.3993],[30.2939,0.3988],[30.2945,0.3978],[30.2946,0.396],[30.2943,0.3931],[30.2944,0.3912],[30.294,0.3898],[30.294,0.3897],[30.2939,0.3881],[30.2936,0.3877],[30.293,0.3861],[30.2921,0.3853],[30.292,0.3842],[30.2909,0.3827],[30.2892,0.3824],[30.289,0.3825],[30.2884,0.3832],[30.2861,0.3839],[30.2848,0.3833],[30.2845,0.3825],[30.284,0.3801],[30.2839,0.379],[30.2854,0.3775],[30.2852,0.3765],[30.2852,0.3756],[30.2856,0.3737],[30.2829,0.3704],[30.2825,0.3686],[30.282,0.3681],[30.2814,0.3679],[30.2811,0.3675],[30.2807,0.366],[30.2803,0.3656],[30.2802,0.3652],[30.2803,0.3645],[30.2809,0.3637],[30.2805,0.363],[30.279,0.3623],[30.2786,0.3627],[30.2782,0.363],[30.2778,0.3631],[30.2775,0.363],[30.2767,0.3623],[30.2763,0.361],[30.2762,0.3599],[30.2751,0.3583],[30.2748,0.358],[30.2739,0.3577],[30.2731,0.3573],[30.2728,0.3569],[30.2733,0.3561],[30.274,0.3547],[30.2748,0.3534],[30.2756,0.3526],[30.2768,0.3523],[30.2776,0.3522],[30.2778,0.352],[30.278,0.3507],[30.2785,0.3488],[30.2779,0.3481],[30.2776,0.3477],[30.2778,0.347],[30.2781,0.3469],[30.2792,0.3472],[30.28,0.3465],[30.2806,0.346],[30.2797,0.3445],[30.2798,0.3434],[30.2803,0.3427],[30.2818,0.3417],[30.2827,0.3407],[30.2832,0.3399],[30.2829,0.3395],[30.283,0.3394],[30.2824,0.3384],[30.282,0.3378],[30.2825,0.3372],[30.2827,0.3366],[30.2824,0.3348],[30.2822,0.3335],[30.2828,0.3326],[30.2836,0.3325],[30.2843,0.3324],[30.2845,0.3319],[30.2835,0.3297],[30.2831,0.328],[30.2826,0.3258],[30.2835,0.3253],[30.2839,0.3247],[30.2839,0.3243],[30.2849,0.323],[30.2848,0.3223],[30.2846,0.3216],[30.2856,0.3215],[30.286,0.3219],[30.2864,0.3219],[30.2866,0.3208],[30.2878,0.3199],[30.288,0.3196],[30.2886,0.319],[30.289,0.3188],[30.2891,0.3182],[30.2892,0.3172],[30.2899,0.3164],[30.2903,0.3161],[30.2908,0.3151],[30.2907,0.3147],[30.2908,0.3144],[30.2914,0.3143],[30.2921,0.3144],[30.2924,0.314],[30.2926,0.3134],[30.2928,0.3123],[30.293,0.3122],[30.293,0.3114],[30.2934,0.3109],[30.2934,0.3098],[30.2935,0.3083],[30.2932,0.3076],[30.2937,0.3067],[30.294,0.3063],[30.2934,0.3052],[30.2927,0.3048],[30.2932,0.3042],[30.2924,0.3036],[30.2929,0.3029],[30.2929,0.3024],[30.2924,0.3023],[30.2915,0.3028],[30.2913,0.3028],[30.2916,0.3019],[30.291,0.2994],[30.292,0.2993],[30.2926,0.2993],[30.2931,0.2981],[30.2933,0.2966],[30.2934,0.2965],[30.2934,0.2955],[30.2936,0.2958],[30.294,0.2963],[30.2946,0.2958],[30.2941,0.2956],[30.2939,0.2947],[30.293,0.2946],[30.2933,0.2942],[30.294,0.2942],[30.2958,0.293],[30.2956,0.2926],[30.2951,0.2931],[30.2945,0.2931],[30.2941,0.2925],[30.2941,0.2917],[30.2942,0.2908],[30.295,0.2912],[30.2955,0.2913],[30.2954,0.291],[30.2946,0.2903],[30.2942,0.2897],[30.2951,0.2896],[30.2966,0.2888],[30.2971,0.2878],[30.2973,0.2865],[30.2976,0.2852],[30.2971,0.2844],[30.2967,0.2831],[30.2954,0.2823],[30.2954,0.2821],[30.2948,0.2813],[30.2945,0.2801],[30.2944,0.2796],[30.2939,0.279],[30.2942,0.2782],[30.2938,0.2773],[30.2939,0.2757],[30.2938,0.2749],[30.2934,0.2744],[30.2934,0.2741],[30.2933,0.2734],[30.2926,0.2729],[30.2925,0.2712],[30.2933,0.271],[30.2935,0.2696],[30.2938,0.2685],[30.2939,0.2676],[30.2941,0.2669],[30.2947,0.2667],[30.2998,0.2678],[30.3012,0.268],[30.3021,0.2681],[30.3043,0.268],[30.3048,0.2682],[30.3055,0.2687],[30.3057,0.2689],[30.306,0.2701],[30.3062,0.2709],[30.3063,0.2718],[30.3065,0.2731],[30.3072,0.2738],[30.3074,0.2738],[30.3081,0.2733],[30.3084,0.2731],[30.3088,0.2731],[30.3099,0.2737],[30.3105,0.2739],[30.3116,0.2743],[30.3119,0.2749],[30.3121,0.2753],[30.3125,0.2757],[30.3128,0.2759],[30.3131,0.2759],[30.3132,0.2758],[30.3134,0.2756],[30.3139,0.2749],[30.3148,0.2748],[30.3151,0.2748],[30.3164,0.2754],[30.3165,0.2755],[30.3174,0.2755],[30.3188,0.275],[30.3194,0.2747],[30.3201,0.2746],[30.3205,0.2748],[30.3211,0.275],[30.3218,0.2752],[30.3222,0.2751],[30.3228,0.2747],[30.3237,0.2741],[30.3247,0.2744],[30.3254,0.2749],[30.3266,0.2752],[30.3268,0.2753],[30.3273,0.2758],[30.3276,0.2759],[30.3279,0.276],[30.3281,0.276],[30.3287,0.2757],[30.329,0.2755],[30.3293,0.2753],[30.3296,0.2751],[30.3298,0.2749],[30.3305,0.2752],[30.3316,0.2758],[30.3317,0.2758],[30.3329,0.2756],[30.3334,0.2755],[30.3342,0.2753],[30.3362,0.2754],[30.337,0.2757],[30.3381,0.2767],[30.3427,0.2804],[30.3439,0.2796],[30.3463,0.2783],[30.3488,0.2765],[30.3492,0.2762],[30.3505,0.2766],[30.3539,0.2778],[30.3555,0.2778],[30.3581,0.278],[30.3666,0.2813],[30.3675,0.2808],[30.3678,0.2806],[30.3691,0.2801],[30.3694,0.2801],[30.3702,0.2804],[30.3713,0.2809],[30.3727,0.2808],[30.3731,0.2808],[30.3756,0.2796],[30.3772,0.2787],[30.3783,0.2784],[30.3792,0.2781],[30.3797,0.2781],[30.3813,0.278],[30.3832,0.2777],[30.3838,0.2774],[30.3839,0.2773],[30.3843,0.2765],[30.3847,0.2763],[30.3857,0.2765],[30.3858,0.2765],[30.3859,0.2772],[30.3887,0.2817],[30.3887,0.2826],[30.3886,0.2833],[30.3886,0.2835],[30.3887,0.2838],[30.3884,0.29],[30.3871,0.2926],[30.3867,0.2934],[30.3865,0.2942],[30.3862,0.2953],[30.3856,0.2986],[30.3857,0.2989],[30.3859,0.3001],[30.3857,0.3013],[30.3834,0.2999],[30.3825,0.2987],[30.3789,0.3021],[30.3767,0.3013],[30.3761,0.3009],[30.375,0.3003],[30.3723,0.3024],[30.3721,0.3039],[30.3716,0.3043],[30.3712,0.3044],[30.3709,0.3045],[30.3695,0.3059],[30.3692,0.3064],[30.369,0.3082],[30.3695,0.3098],[30.3697,0.31],[30.3729,0.312],[30.3735,0.3126],[30.3745,0.3146],[30.3748,0.3161],[30.3774,0.3197],[30.3775,0.32],[30.3778,0.3208],[30.3795,0.3208],[30.38,0.3212],[30.3801,0.3224],[30.3792,0.3233],[30.3786,0.3238],[30.3781,0.3248],[30.3781,0.3255],[30.3789,0.3265],[30.3781,0.3282],[30.3795,0.33],[30.3795,0.3304],[30.379,0.3319],[30.3788,0.3325],[30.3785,0.3348],[30.3826,0.3346],[30.3832,0.3349],[30.3833,0.335],[30.3841,0.3384],[30.3843,0.3396],[30.3841,0.342],[30.3845,0.3443],[30.3844,0.3446],[30.3838,0.3467],[30.3833,0.3484],[30.3823,0.3495],[30.3818,0.3505],[30.3813,0.3522],[30.381,0.3525],[30.38,0.3531],[30.3787,0.3535],[30.378,0.3539],[30.378,0.354],[30.3778,0.3544],[30.3778,0.3559],[30.3788,0.3568],[30.3795,0.3573],[30.3815,0.3585],[30.3822,0.3592],[30.3832,0.3603],[30.385,0.3628],[30.3854,0.3632],[30.3858,0.3644],[30.3875,0.3659],[30.389,0.3669],[30.3896,0.3672],[30.3919,0.3686],[30.3927,0.3695],[30.3928,0.3709],[30.3927,0.3714],[30.3924,0.3721],[30.3917,0.3731],[30.3909,0.3751],[30.3907,0.3763],[30.3895,0.3795],[30.3885,0.3817],[30.3879,0.3829],[30.3877,0.3832],[30.3877,0.384],[30.3877,0.3844],[30.3876,0.3857],[30.3875,0.3861],[30.3872,0.3878],[30.3867,0.3891],[30.3859,0.3907],[30.3852,0.3922],[30.382,0.3947],[30.3809,0.395],[30.3792,0.3959],[30.3789,0.3967],[30.3788,0.3984],[30.3789,0.3986],[30.3795,0.4017],[30.379,0.4022],[30.3784,0.4026],[30.3777,0.4028],[30.3755,0.4024],[30.3736,0.4017],[30.371,0.4006],[30.3673,0.403],[30.3667,0.4039],[30.3656,0.406],[30.3656,0.4073],[30.3656,0.4076],[30.3658,0.4083],[30.3664,0.4096],[30.3665,0.4103],[30.3654,0.4113],[30.3649,0.4115],[30.3633,0.4121],[30.3631,0.4122],[30.3619,0.4131],[30.3612,0.4138],[30.3603,0.4152],[30.3586,0.4189],[30.3584,0.4196],[30.3586,0.4198],[30.3587,0.42],[30.3592,0.4204],[30.36,0.4209],[30.362,0.4228],[30.3629,0.4246],[30.3668,0.4299],[30.3671,0.4314],[30.3668,0.4334],[30.3678,0.4353],[30.3706,0.4387],[30.3755,0.4437],[30.3767,0.4447],[30.3777,0.4454],[30.3787,0.4463],[30.3787,0.4469],[30.3788,0.4477],[30.378,0.4515],[30.3772,0.4553],[30.3793,0.4561],[30.3795,0.4567],[30.3797,0.4576],[30.3798,0.4593],[30.3799,0.4608],[30.3788,0.4625],[30.3765,0.4648],[30.3767,0.4655],[30.3771,0.4657],[30.3777,0.4662],[30.3781,0.4669],[30.3783,0.4672],[30.3777,0.4692],[30.3768,0.4703],[30.3749,0.4722],[30.3745,0.4728],[30.3747,0.4744],[30.3752,0.475],[30.3757,0.4754],[30.3746,0.4773],[30.3741,0.478],[30.3725,0.4791],[30.372,0.4793],[30.3716,0.4792],[30.3705,0.4795],[30.3706,0.4822],[30.3714,0.4838],[30.3719,0.4845],[30.3716,0.4854],[30.3711,0.4858],[30.3707,0.4866],[30.3704,0.4876],[30.3698,0.4885],[30.3698,0.489],[30.3699,0.4895],[30.3699,0.4896],[30.3702,0.4905],[30.3704,0.4909],[30.3711,0.4915],[30.372,0.4917],[30.3725,0.4926],[30.3729,0.4935],[30.3733,0.4943],[30.3734,0.4953],[30.3737,0.4959],[30.3738,0.4963],[30.374,0.4969],[30.3738,0.4969],[30.374,0.4977],[30.3758,0.4982],[30.3767,0.4983],[30.3789,0.5008],[30.3821,0.5013],[30.3836,0.5008],[30.3841,0.5008],[30.3847,0.501],[30.386,0.5018],[30.3878,0.5026],[30.3882,0.5028],[30.3891,0.5029],[30.3899,0.5034],[30.3905,0.504],[30.3915,0.5048],[30.3932,0.5075],[30.3944,0.5094],[30.3943,0.5104],[30.3942,0.5107],[30.3946,0.5112],[30.395,0.5122],[30.3958,0.5132],[30.3971,0.5137],[30.399,0.515],[30.3989,0.5159],[30.3997,0.5164],[30.4066,0.5197],[30.4103,0.5213],[30.4108,0.5217],[30.4151,0.5257],[30.417,0.529],[30.4173,0.5294],[30.4174,0.5318],[30.4173,0.5323],[30.4173,0.5335],[30.4173,0.5342],[30.4182,0.5352],[30.4188,0.5358],[30.4225,0.5362],[30.4242,0.5352],[30.4255,0.5359],[30.4262,0.5366],[30.4273,0.5384],[30.4281,0.5411],[30.4281,0.5414],[30.428,0.5436],[30.4279,0.545],[30.4284,0.5471],[30.4284,0.5499],[30.4288,0.5505],[30.4323,0.5528],[30.4434,0.5592],[30.4443,0.5597],[30.4461,0.5604],[30.4469,0.5608],[30.4479,0.5612],[30.4485,0.5618],[30.4488,0.5621],[30.4504,0.5636],[30.4512,0.5639],[30.4515,0.564],[30.453,0.5647],[30.4543,0.5651],[30.4545,0.5653],[30.4544,0.5659],[30.4533,0.5668],[30.453,0.5669],[30.4531,0.5684],[30.4536,0.5698],[30.4538,0.5699],[30.4543,0.5701],[30.4551,0.5702],[30.4563,0.5704],[30.4573,0.5711],[30.4581,0.5713],[30.4592,0.5718],[30.4599,0.5721],[30.4608,0.5723],[30.4615,0.5724],[30.4629,0.5726],[30.4634,0.5724],[30.4642,0.5724],[30.4643,0.5725],[30.4649,0.5754],[30.4643,0.5761],[30.4627,0.577],[30.4612,0.5785],[30.46,0.5791],[30.4583,0.5802],[30.4559,0.5809],[30.455,0.579],[30.4543,0.578],[30.4539,0.5781],[30.4532,0.5791],[30.4526,0.5809],[30.4528,0.5819],[30.4529,0.5826],[30.4496,0.5826],[30.448,0.5828],[30.4479,0.5831],[30.4467,0.5841],[30.4456,0.5849],[30.4476,0.5853],[30.4478,0.5868],[30.4478,0.5877],[30.4473,0.5881],[30.4468,0.5891],[30.4476,0.5903],[30.4475,0.5907],[30.4468,0.5914],[30.4466,0.5916],[30.4467,0.5926],[30.4451,0.5928],[30.4453,0.5932],[30.4462,0.5935],[30.4469,0.5937],[30.4472,0.5947],[30.4464,0.5976],[30.446,0.599],[30.4457,0.6002],[30.4456,0.6006],[30.4456,0.6018],[30.4455,0.6021],[30.4454,0.6023],[30.4453,0.6028],[30.4451,0.6035],[30.4451,0.6039],[30.4447,0.6046],[30.4433,0.6048],[30.4421,0.6044],[30.4417,0.605],[30.4415,0.6052],[30.4413,0.6047],[30.4412,0.6045],[30.4405,0.6044],[30.44,0.6045],[30.4383,0.6043],[30.4377,0.6044],[30.4374,0.6042],[30.4374,0.6039],[30.4373,0.6033],[30.4371,0.6031],[30.4368,0.6027],[30.4359,0.6022],[30.4357,0.6018],[30.4346,0.6019],[30.434,0.6016],[30.4327,0.6012],[30.4317,0.6011],[30.4312,0.6019],[30.4305,0.6021],[30.4294,0.6025],[30.4289,0.6031],[30.4286,0.6048],[30.4291,0.6051],[30.4294,0.6054],[30.4289,0.6059],[30.4282,0.6053],[30.4272,0.6044],[30.4266,0.6049],[30.4262,0.6055],[30.4252,0.6063],[30.4246,0.6064],[30.424,0.6067],[30.4233,0.6074],[30.4221,0.6075],[30.4207,0.6088],[30.4204,0.6096],[30.4196,0.6103],[30.4181,0.6107],[30.4176,0.611],[30.4169,0.6117],[30.4151,0.611],[30.4147,0.6108],[30.4144,0.6107],[30.4141,0.6108],[30.4139,0.6112],[30.4138,0.6114],[30.4136,0.6117],[30.4135,0.6118],[30.4134,0.6119],[30.4135,0.6122],[30.4136,0.6127],[30.4136,0.6128],[30.4136,0.6135],[30.4139,0.6146],[30.4138,0.6153],[30.414,0.6159],[30.414,0.6163],[30.414,0.6166],[30.414,0.6171],[30.4147,0.6173],[30.4147,0.6182],[30.4148,0.6185],[30.4149,0.6203],[30.4147,0.6205],[30.4145,0.6207],[30.4134,0.6217],[30.413,0.6221],[30.4125,0.6233],[30.4124,0.6237],[30.4127,0.625],[30.412,0.6267],[30.4116,0.6269],[30.4111,0.6272],[30.4087,0.627],[30.4084,0.627],[30.408,0.6277],[30.4071,0.6282],[30.4061,0.6281],[30.4051,0.6286],[30.4049,0.6287],[30.4046,0.6292],[30.4046,0.6297],[30.4052,0.6313],[30.405,0.6322],[30.4048,0.6329],[30.405,0.6334],[30.4057,0.6341],[30.4059,0.6344],[30.4032,0.6365],[30.4031,0.6366],[30.4023,0.6362],[30.4015,0.6367],[30.4014,0.6378],[30.4013,0.6378],[30.4002,0.6378],[30.3973,0.6393],[30.3966,0.6433],[30.3978,0.6449],[30.3982,0.6454],[30.3981,0.6473],[30.397,0.6486],[30.3968,0.6517],[30.3999,0.6552],[30.4,0.6553],[30.4002,0.6554],[30.4013,0.6559],[30.4039,0.657],[30.4038,0.6576],[30.404,0.6589],[30.4045,0.6597],[30.4084,0.6601],[30.4084,0.6605],[30.4086,0.6617],[30.4093,0.6629],[30.4096,0.6633],[30.4091,0.6651],[30.409,0.6652],[30.4076,0.6667],[30.4095,0.6672],[30.4111,0.6673],[30.4116,0.67],[30.4119,0.6703],[30.4153,0.6707],[30.4192,0.6734],[30.4205,0.6743],[30.4226,0.6774],[30.4229,0.6779],[30.4236,0.6797],[30.4247,0.6855],[30.4262,0.6883],[30.4276,0.6901],[30.4337,0.7099],[30.4352,0.7151],[30.435,0.722],[30.4334,0.725],[30.4317,0.7267],[30.4315,0.727],[30.4312,0.7288],[30.4316,0.7304],[30.433,0.7343],[30.4331,0.7348],[30.4331,0.7371],[30.4329,0.738],[30.4321,0.7393],[30.4316,0.7397],[30.4305,0.7413],[30.4301,0.7419],[30.4294,0.7444],[30.4295,0.7451],[30.4302,0.7473],[30.4303,0.7486],[30.4273,0.7538],[30.425,0.7571],[30.4256,0.7594],[30.4256,0.7616],[30.4246,0.7633],[30.4244,0.7649],[30.4252,0.7661],[30.4274,0.7656],[30.431,0.7642],[30.4338,0.7643],[30.4355,0.7645],[30.441,0.7657],[30.4417,0.766],[30.4449,0.7667],[30.4459,0.7677],[30.4488,0.7687],[30.4511,0.7714],[30.4517,0.7724],[30.452,0.7742],[30.4528,0.7748],[30.457,0.7768],[30.4584,0.7784],[30.4603,0.7813],[30.4609,0.7824],[30.4618,0.7843],[30.4637,0.787],[30.4652,0.7888],[30.4663,0.7902],[30.4692,0.7946],[30.4735,0.8043],[30.4758,0.805],[30.4781,0.8082],[30.4805,0.8143],[30.481,0.8154],[30.4816,0.8169],[30.4829,0.8195],[30.483,0.8198],[30.4843,0.8218],[30.4851,0.8228],[30.4873,0.8281],[30.4875,0.8283],[30.4898,0.8322],[30.4928,0.8379],[30.4909,0.8408],[30.4891,0.8413],[30.4871,0.8417],[30.487,0.8418],[30.4865,0.8421],[30.4862,0.8423],[30.4807,0.8435],[30.48,0.8437],[30.4794,0.8453],[30.4811,0.8472],[30.4821,0.8503],[30.482,0.8525],[30.4819,0.853],[30.4833,0.8612],[30.4844,0.8635],[30.4851,0.8648],[30.4873,0.8692],[30.4882,0.8698],[30.4913,0.8731],[30.4914,0.8737],[30.4925,0.8754],[30.4947,0.8819],[30.5005,0.8903],[30.5044,0.8981],[30.5045,0.8984],[30.5058,0.9004],[30.5081,0.8981],[30.5099,0.8988],[30.5119,0.9004],[30.5139,0.9034],[30.5147,0.9053],[30.518,0.9083],[30.519,0.9098],[30.5198,0.9123],[30.521,0.9134],[30.5217,0.9145],[30.5232,0.9179],[30.5276,0.9234],[30.5295,0.925],[30.5305,0.927],[30.5331,0.928],[30.5472,0.9274],[30.5497,0.9303],[30.5532,0.9334],[30.5613,0.9405],[30.561,0.9411],[30.561,0.9425],[30.5621,0.9434],[30.5622,0.944],[30.5594,0.9455],[30.5577,0.9465],[30.5567,0.9478],[30.556,0.9505],[30.5552,0.9516],[30.555,0.9519],[30.5535,0.9529],[30.553,0.9535],[30.5529,0.9548],[30.5527,0.955],[30.5515,0.9554],[30.5512,0.9569],[30.5512,0.9578],[30.5511,0.9599],[30.5512,0.9608],[30.55,0.9619],[30.5491,0.9618],[30.5487,0.963],[30.548,0.9636],[30.5459,0.9636],[30.5441,0.9659],[30.544,0.9695],[30.5436,0.9708],[30.5432,0.975],[30.5435,0.9759],[30.5428,0.9755]]]},"properties":{"name":"Kabarole District","id":"m77oR1YJESj"}},
{"type":"Feature","geometry":{"type":"Polygon","coordinates":[[[32.96873502467761,1.576330227178662],[32.97834283817471,1.571142534173994],[32.98183132767098,1.565562113706957],[32.990642744153064,1.56247536469224],[32.98080329188607,1.542897056024787],[32.983966948609705,1.539562888905996],[32.999977805981196,1.541244324063925],[33.012800932997074,1.549101819733899],[33.01628271818393,1.565070185320321],[33.02828562948009,1.567547871152511],[33.03065441500922,1.579755396868153],[33.043135271743196,1.580446157007519],[33.051909153700095,1.594346474209962],[33.06646119740012,1.594363865071676],[33.067550232762855,1.605933831308343],[33.07950542991543,1.60940725352887],[33.06996036047455,1.619409040766004],[33.08279665762081,1.628928785903303],[33.082662372726695,1.636013621110192],[33.07553853266013,1.648625178471189],[33.078115260246015,1.651824122388637],[33.08441778680248,1.650415039980986],[33.08913227741485,1.653280259527711],[33.091713518645506,1.662387022409765],[33.08917372278508,1.66905777221031],[33.09547795095836,1.667060299742942],[33.103837575860524,1.669595640695815],[33.111271128691165,1.66594863661897],[33.11468949639746,1.651470626638758],[33.120060370845174,1.645622411657715],[33.098402550989704,1.630148324704892],[33.10552545540821,1.625142584603243],[33.118597862133065,1.62370645671878],[33.10982285931883,1.610010305523934],[33.11764545046415,1.604146135023857],[33.1317083993483,1.617087035417844],[33.13244315520219,1.626980966857308],[33.145810690982636,1.639399032125582],[33.15037861636678,1.623905630000959],[33.158422331078434,1.619309596546633],[33.16357815476119,1.62505048355599],[33.163833674054445,1.637183892725476],[33.16664212484534,1.638255470455341],[33.17342881063745,1.632750519180804],[33.177677105427,1.633689923451878],[33.184238634847404,1.658086777767383],[33.18178443975822,1.666365186235363],[33.18586811182994,1.684552761061464],[33.18869557594244,1.686778943535867],[33.19024033407064,1.681667132643378],[33.193552499322934,1.687289912199762],[33.19654736701366,1.686143445307422],[33.200256307530886,1.664535570732631],[33.21579669784317,1.657740908232637],[33.23394931968199,1.687306651035795],[33.24940723837144,1.697445143837803],[33.2599,1.7068],[33.2651,1.7236],[33.2823,1.7291],[33.2917,1.7403],[33.295,1.7469],[33.2907,1.7708],[33.2962,1.7858],[33.3028,1.7936],[33.3117,1.7936],[33.3029,1.8109],[33.2692,1.8347],[33.2572,1.8553],[33.2411,1.8619],[33.2371,1.872],[33.2385,1.8887],[33.236,1.8991],[33.2293,1.9014],[33.2206,1.9099],[33.2098,1.9111],[33.2004,1.9078],[33.1652,1.8741],[33.155,1.8744],[33.1461,1.8706],[33.1418,1.857],[33.1324,1.8539],[33.1179,1.858],[33.1139,1.8538],[33.112,1.8306],[33.1152,1.8227],[33.1016,1.7916],[33.104,1.7773],[33.084,1.7482],[33.0866,1.7362],[33.0818,1.7299],[33.0468,1.7081],[33.026,1.7061],[33.0043,1.7134],[33,1.7123],[32.9939,1.6864],[32.9965,1.6717],[32.9451,1.6422],[32.9649,1.6195],[32.96873502467761,1.576330227178662]]]},"properties":{"name":"Kaberamaido District","id":"QoRZB7xc3j9"}},
{"type":"Feature","geometry":{"type":"Polygon","coordinates":[[[30.66420051382081,1.119599771635307],[30.641813549896195,1.103729795329353],[30.623413223978034,1.066195104272583],[30.601749319553765,1.052129121724013],[30.61736365119046,1.061004597149362],[30.620243165792925,1.051402714053263],[30.617853279651385,1.047464212400224],[30.60985566736068,1.048951835062859],[30.59808548426549,1.040518992122231],[30.58306307436175,1.035209909719785],[30.582257107800793,1.031868466026771],[30.585074361974833,1.034453854971896],[30.593389315739653,1.0342797139264],[30.597298429322322,1.038316476070856],[30.60512212414562,1.033408163971782],[30.59914433502005,1.026673582537265],[30.589764232381448,1.028905945160701],[30.58075480807395,1.026591546915875],[30.561679354280294,1.044743171539816],[30.551,1.037122136052708],[30.5383,1.0092],[30.5391,0.9964],[30.5531,0.9853],[30.5459,0.9815],[30.5462,0.977],[30.5435,0.9759],[30.5432,0.975],[30.5436,0.9708],[30.544,0.9695],[30.5441,0.9659],[30.5459,0.9636],[30.548,0.9636],[30.5487,0.963],[30.5491,0.9618],[30.55,0.9619],[30.5512,0.9608],[30.5511,0.9599],[30.5512,0.9578],[30.5512,0.9569],[30.5515,0.9554],[30.5527,0.955],[30.5529,0.9548],[30.553,0.9535],[30.5535,0.9529],[30.555,0.9519],[30.5552,0.9516],[30.556,0.9505],[30.5567,0.9478],[30.5577,0.9465],[30.5594,0.9455],[30.5622,0.944],[30.5621,0.9434],[30.561,0.9425],[30.561,0.9411],[30.5613,0.9405],[30.5615,0.9323],[30.5714,0.9255],[30.5731,0.9195],[30.5985,0.9081],[30.6165,0.9063],[30.6237,0.8959],[30.6308,0.8922],[30.6369,0.8951],[30.6387,0.8899],[30.6453,0.8934],[30.644,0.8897],[30.6508,0.886],[30.6519,0.8933],[30.6556,0.8937],[30.6647,0.8906],[30.671,0.8843],[30.6729,0.8875],[30.68,0.8831],[30.6893,0.8852],[30.703,0.8826],[30.7059,0.8849],[30.7273,0.8783],[30.7282,0.8714],[30.7354,0.8712],[30.7388,0.8618],[30.7459,0.8577],[30.7505,0.8607],[30.7608,0.8598],[30.7624,0.8504],[30.7732,0.844],[30.7808,0.8454],[30.7893,0.8336],[30.7963,0.8374],[30.829,0.8393],[30.8353,0.8421],[30.8418,0.8369],[30.8524,0.842],[30.8588,0.8393],[30.8697,0.844],[30.871,0.8536],[30.8784,0.8558],[30.8862,0.863],[30.8793,0.868],[30.8865,0.8743],[30.8913,0.8858],[30.8859,0.8911],[30.8874,0.8934],[30.9075,0.9056],[30.9283,0.9095],[30.9354,0.9298],[30.953,0.9505],[30.958,0.9607],[30.981,0.9355],[30.9837,0.9376],[30.9845,0.9466],[30.9921,0.9524],[31.0236,0.9701],[31.0273,0.9656],[31.0331,0.967],[31.0355,0.9746],[31.0544,0.9785],[31.0607,0.9877],[31.0677,0.9903],[31.0748,0.9995],[31.0825,1.0038],[31.0927,1.0007],[31.1107,1.0024],[31.1199,1.0103],[31.1225,1.0296],[31.1321,1.0441],[31.1198,1.0613],[31.1207,1.0749],[31.1149,1.0829],[31.1147,1.1009],[31.109,1.105],[31.1073,1.1121],[31.1067,1.1248],[31.11,1.1302],[31.1026,1.1433],[31.0878,1.1339],[31.0844,1.1416],[31.0753,1.1521],[31.0589,1.1609],[31.0527,1.1566],[31.0465,1.1418],[31.0378,1.1363],[31.0053,1.1378],[30.9981,1.1284],[30.9799,1.1327],[30.9734,1.1283],[30.9694,1.134],[30.9513,1.1249],[30.9227,1.1234],[30.9207,1.1182],[30.9093,1.1216],[30.9015,1.1276],[30.8905,1.1457],[30.8812,1.1421],[30.8763,1.1484],[30.8671,1.1487],[30.8542,1.142],[30.8505,1.1353],[30.8336,1.1238],[30.8182,1.1072],[30.8137,1.1059],[30.8028,1.1203],[30.7951,1.1211],[30.7869,1.1173],[30.7723,1.0933],[30.7663,1.0894],[30.7648,1.0801],[30.7584,1.0785],[30.76,1.0723],[30.7537,1.071],[30.7449,1.0727],[30.7379,1.0805],[30.7237,1.0869],[30.7045,1.1069],[30.6776,1.1083],[30.66420051382081,1.119599771635307]]]},"properties":{"name":"Kagadi District","id":"orgY0d5MJa9"}},
{"type":"Feature","geometry":{"type":"Polygon","coordinates":[[[31.4494,0.865],[31.4493,0.8777],[31.454,0.8943],[31.4357,0.9161],[31.4349,0.9293],[31.4303,0.9384],[31.4326,0.9492],[31.4467,0.9565],[31.4552,0.9572],[31.4693,0.9678],[31.4853,0.9735],[31.4905,0.9824],[31.5002,0.9832],[31.5092,0.9878],[31.511,0.9936],[31.5173,0.9961],[31.5266,1.0111],[31.5271,1.0282],[31.5153,1.0399],[31.5132,1.0472],[31.4861,1.0576],[31.4769,1.0717],[31.4687,1.0734],[31.4629,1.0788],[31.4508,1.1013],[31.4392,1.1087],[31.4262,1.1227],[31.4219,1.1507],[31.4161,1.1587],[31.3958,1.163],[31.3833,1.1565],[31.3781,1.1579],[31.3515,1.1721],[31.3421,1.1861],[31.3332,1.1927],[31.3203,1.1977],[31.3027,1.1977],[31.2971,1.2072],[31.2925,1.2082],[31.2861,1.2011],[31.2739,1.1977],[31.26,1.2018],[31.2396,1.2172],[31.2214,1.218],[31.2145,1.2143],[31.2024,1.1925],[31.1835,1.1812],[31.1746,1.1811],[31.1527,1.1909],[31.1303,1.1921],[31.1161,1.181],[31.1184,1.1694],[31.1064,1.1679],[31.105,1.1549],[31.0906,1.1501],[31.0844,1.1416],[31.0878,1.1339],[31.1026,1.1433],[31.11,1.1302],[31.1067,1.1248],[31.1073,1.1121],[31.109,1.105],[31.1147,1.1009],[31.1149,1.0829],[31.1207,1.0749],[31.1198,1.0613],[31.1321,1.0441],[31.1225,1.0296],[31.1199,1.0103],[31.1214,1.0004],[31.1253,0.9964],[31.121,0.9934],[31.1235,0.9732],[31.1203,0.9711],[31.1231,0.9591],[31.1189,0.9568],[31.1182,0.9525],[31.1226,0.9418],[31.1302,0.9379],[31.1335,0.9251],[31.1614,0.9069],[31.1672,0.8795],[31.1842,0.8734],[31.1844,0.8656],[31.1943,0.8542],[31.1906,0.8496],[31.192,0.8426],[31.1963,0.8412],[31.2022,0.8282],[31.2055,0.8275],[31.213,0.8126],[31.2156,0.7997],[31.228,0.7825],[31.2291,0.775],[31.2381,0.7705],[31.2453,0.7619],[31.2547,0.7622],[31.2658,0.7512],[31.2886,0.7398],[31.3696,0.7047],[31.3749,0.7034],[31.3828,0.7074],[31.3926,0.7331],[31.4022,0.7442],[31.4062,0.7422],[31.4087,0.7452],[31.4044,0.8013],[31.4094,0.808],[31.4215,0.8113],[31.4292,0.8185],[31.4348,0.8169],[31.445,0.8253],[31.4376,0.837],[31.4374,0.8503],[31.4401,0.8568],[31.4494,0.865]]]},"properties":{"name":"Kakumiro District","id":"Lnewt3iIJaK"}},
{"type":"Feature","geometry":{"type":"Polygon","coordinates":[[[33.24940723837144,1.697445143837803],[33.258989179894066,1.70070538582113],[33.26147187011501,1.697746634558224],[33.25962618475978,1.690747224935141],[33.24442541615678,1.681743335499028],[33.24221799590212,1.675150215782485],[33.25316992657993,1.66071466387014],[33.2473781486556,1.649494387269803],[33.252322611635755,1.643146621152638],[33.26011457265104,1.639998339967787],[33.28030006811794,1.644125895994664],[33.29163412393872,1.652417645168919],[33.28757863835685,1.669927532607501],[33.30511758302425,1.679276753915867],[33.32182318757958,1.673797175002701],[33.33836977084626,1.691835657657507],[33.34134893049694,1.688267193102884],[33.3504944614396,1.691324029362003],[33.353790955354704,1.687122198462568],[33.36961451238156,1.683201868017623],[33.3716628707153,1.690337332056767],[33.39462032674109,1.700582481588007],[33.39240433630168,1.71246054234322],[33.40220547536,1.722196471876976],[33.39969671025423,1.741747307601759],[33.402111209101754,1.754701254234969],[33.41122417113882,1.768962412197026],[33.418825428652056,1.769525007512341],[33.42401804736551,1.786288717869331],[33.4288,1.784786836652308],[33.4287,1.787],[33.4291,1.7877],[33.429,1.7886],[33.4289,1.7893],[33.4285,1.79],[33.4285,1.7911],[33.4284,1.7922],[33.4279,1.7931],[33.4283,1.7947],[33.4288,1.7953],[33.4296,1.795],[33.4306,1.7958],[33.4315,1.7967],[33.4334,1.7989],[33.435,1.8011],[33.4354,1.8042],[33.4348,1.8051],[33.4344,1.8073],[33.434,1.8082],[33.4343,1.809],[33.4335,1.8102],[33.4326,1.8114],[33.4323,1.8121],[33.4309,1.8124],[33.4311,1.8133],[33.4309,1.8146],[33.4308,1.8156],[33.4303,1.8164],[33.4297,1.8171],[33.429,1.8189],[33.4292,1.8197],[33.4295,1.8216],[33.4297,1.8219],[33.4303,1.8235],[33.4306,1.8255],[33.4314,1.8261],[33.433,1.8271],[33.4334,1.8272],[33.4345,1.8276],[33.4367,1.8306],[33.4366,1.8312],[33.4368,1.8318],[33.4368,1.8329],[33.4366,1.8339],[33.4365,1.8343],[33.4366,1.8354],[33.4374,1.8371],[33.4379,1.8378],[33.4395,1.8393],[33.4409,1.8417],[33.4417,1.8423],[33.4423,1.8429],[33.443,1.8436],[33.4439,1.8442],[33.4443,1.8446],[33.4466,1.8452],[33.4471,1.8455],[33.4477,1.8461],[33.4479,1.8472],[33.4486,1.8488],[33.4492,1.85],[33.4494,1.8505],[33.4499,1.851],[33.4495,1.8517],[33.4492,1.8528],[33.4495,1.8536],[33.4497,1.8547],[33.4501,1.8551],[33.4504,1.856],[33.4522,1.8579],[33.4523,1.859],[33.4519,1.8603],[33.4512,1.8612],[33.4517,1.8644],[33.4515,1.8667],[33.4514,1.867],[33.4509,1.8683],[33.451,1.869],[33.451,1.8699],[33.4514,1.8718],[33.4516,1.8729],[33.4515,1.8739],[33.4523,1.8755],[33.4524,1.8761],[33.453,1.877],[33.4534,1.8791],[33.4521,1.8797],[33.451,1.8797],[33.4501,1.8807],[33.4493,1.8808],[33.4481,1.8815],[33.4473,1.882],[33.4469,1.8824],[33.4452,1.8852],[33.4445,1.8866],[33.4441,1.8882],[33.4432,1.889],[33.4416,1.8911],[33.4404,1.8927],[33.4396,1.8959],[33.4395,1.8968],[33.43929239400042,1.89728441406494],[33.434239937910725,1.892679685335782],[33.40811460537523,1.92701993051355],[33.408327142049984,1.939243762234953],[33.403780218593916,1.955914773955219],[33.40586052022404,1.95992660468879],[33.40200770354112,1.969944528828813],[33.40501096463744,1.981541458547329],[33.401584239841675,1.983957880115051],[33.40064088276828,1.984464892902995],[33.38051062703875,1.990126405987683],[33.37759131370832,1.996185465242676],[33.379690441635375,1.998641419612616],[33.364,2.0279],[33.3487,2.0307],[33.3244,2.0527],[33.3145,2.0535],[33.3093,2.0474],[33.2905,2.0394],[33.282,2.0219],[33.2826,2.0037],[33.2744,1.9899],[33.275,1.9743],[33.2707,1.9663],[33.2715,1.9572],[33.2493,1.9521],[33.2516,1.9414],[33.2448,1.9338],[33.2421,1.9239],[33.2283,1.9205],[33.2206,1.9099],[33.2293,1.9014],[33.236,1.8991],[33.2385,1.8887],[33.2371,1.872],[33.2411,1.8619],[33.2572,1.8553],[33.2692,1.8347],[33.3029,1.8109],[33.3117,1.7936],[33.3028,1.7936],[33.2962,1.7858],[33.2907,1.7708],[33.295,1.7469],[33.2917,1.7403],[33.2823,1.7291],[33.2651,1.7236],[33.2599,1.7068],[33.24940723837144,1.697445143837803]]]},"properties":{"name":"Kalaki District","id":"KOnkIf4N6jA"}},
{"type":"Feature","geometry":{"type":"MultiPolygon","coordinates":[[[[32.24264840030809,-0.196423503817697],[32.256459950304794,-0.182517749764638],[32.26979962172277,-0.178278001530629],[32.250913771835805,-0.164020464868043],[32.24093776406898,-0.16777523773161],[32.244283227757215,-0.178276965018834],[32.241853248246834,-0.187556893044968],[32.233996158138915,-0.186649213070818],[32.23364305120374,-0.189541815318883],[32.24264840030809,-0.196423503817697]]],[[[32.52918257717728,-0.235909719918985],[32.53308698627888,-0.234499366998667],[32.527418710974764,-0.226862798681963],[32.52815621183195,-0.216558144577815],[32.523512335169556,-0.219801205555603],[32.51392801255717,-0.218120982666794],[32.502913065744934,-0.22800287974179],[32.507724916600274,-0.231767295018069],[32.51500046269889,-0.227653006776661],[32.51893015621842,-0.234013739535132],[32.526287602237495,-0.233313273113889],[32.52918257717728,-0.235909719918985]]],[[[32.62758559690898,-0.235912721492673],[32.63149004558124,-0.234502322997999],[32.62582164588718,-0.226865697224638],[32.62655908813284,-0.216560906642898],[32.6219151729829,-0.219804039786766],[32.612330714443814,-0.218123858319848],[32.601315686214235,-0.228005961463376],[32.60612762752553,-0.231770393964844],[32.61340324196672,-0.227656000728922],[32.61733303065282,-0.234016789387875],[32.624690566870605,-0.233316262035212],[32.62758559690898,-0.235912721492673]]],[[[32.357710452809215,-0.258281198524343],[32.36219346981734,-0.258487946087511],[32.36842205269943,-0.253457413589459],[32.358613259319554,-0.253286312425274],[32.357710452809215,-0.258281198524343]]],[[[32.389549273800306,-0.262289518830759],[32.41062765333585,-0.254798064477774],[32.39923828240396,-0.249047862247742],[32.39007520921828,-0.2573843437034],[32.389549273800306,-0.262289518830759]]],[[[32.396359665754616,-0.27063567151295],[32.393322454058676,-0.267149814760551],[32.39192609877263,-0.269242948344248],[32.396359665754616,-0.27063567151295]]],[[[32.47928044081188,-0.323105403130752],[32.48508586110435,-0.320545416122148],[32.484232566921186,-0.317643566291035],[32.47928044081188,-0.323105403130752]]],[[[32.447529122161214,-0.329617049737538],[32.44891374273457,-0.327029716588299],[32.442693396670116,-0.322339835825481],[32.447529122161214,-0.329617049737538]]],[[[32.368926005214234,-0.331112696086498],[32.37096003084547,-0.326279593720464],[32.36553053541162,-0.32273066187707],[32.368926005214234,-0.331112696086498]]],[[[32.575335126945724,-0.337861699743276],[32.57711958829351,-0.330153539447403],[32.582694840389074,-0.326353442099157],[32.58806934024543,-0.335149118621577],[32.59860798389867,-0.333047242232945],[32.60362279720561,-0.326821491764435],[32.6011813456602,-0.323874587586073],[32.60472938756671,-0.309275686058845],[32.5913627592739,-0.319139744236074],[32.577845203900154,-0.310954711930366],[32.56673754816826,-0.308591423708373],[32.56760931556897,-0.320648069284348],[32.561339342657774,-0.329847372111271],[32.56569592441705,-0.335570388386278],[32.572912231506756,-0.33485189123614],[32.575335126945724,-0.337861699743276]]],[[[32.55915663386383,-0.362036928892026],[32.56466833226936,-0.360635611459194],[32.57082044471294,-0.35071764778264],[32.56516876806072,-0.348794746117325],[32.55794433159553,-0.355056230672435],[32.559839780736006,-0.358685881641238],[32.55716356974465,-0.361875115316463],[32.55915663386383,-0.362036928892026]]],[[[32.511363491873226,-0.367397766355812],[32.531864516199384,-0.355917372480599],[32.52966993099279,-0.342297703157471],[32.53172039975221,-0.333951658098888],[32.52228170136828,-0.333322293431146],[32.52158114298761,-0.325030124495863],[32.515048390261896,-0.320726556080167],[32.51059969878123,-0.322055966044926],[32.523809477769944,-0.349295828731832],[32.515189301216296,-0.355997362681506],[32.513228535591665,-0.361369752084141],[32.50323836061804,-0.36455840512553],[32.511363491873226,-0.367397766355812]]],[[[32.36736654682677,-0.373443776625131],[32.38751375278482,-0.365665256806615],[32.404809771218,-0.366349180087463],[32.42195773533092,-0.360016810869609],[32.423087700251614,-0.356854585306507],[32.40856234148065,-0.359440907261369],[32.40616313297297,-0.352379565364066],[32.39925014126331,-0.34644087808412],[32.403330208847414,-0.33810421340187],[32.39489421354098,-0.338220448095111],[32.3919125920492,-0.335363451433503],[32.39320327724696,-0.330530279236657],[32.38658543813745,-0.329379938305109],[32.381678737371026,-0.322489096213419],[32.37514309641143,-0.336530269533481],[32.38415742476711,-0.342945158162024],[32.38410787252699,-0.349269705244364],[32.39185054694416,-0.357131031453734],[32.38867559545551,-0.36047276083807],[32.372603413422446,-0.364747952671798],[32.361854891947665,-0.352179001038563],[32.3587767890771,-0.356212362161543],[32.35892457430744,-0.363228684825571],[32.36736654682677,-0.373443776625131]]],[[[32.46705599525,-0.343767781191515],[32.458914549747625,-0.347800967350683],[32.45359910704835,-0.346498047377939],[32.45430319368668,-0.335627675574165],[32.44686323622849,-0.340424507563445],[32.448548634827034,-0.357116679447934],[32.44031509510261,-0.36989107350141],[32.45423732689179,-0.367295628388147],[32.45133355729801,-0.371886181836498],[32.43710490878043,-0.379323927679856],[32.461654140132104,-0.379163786644661],[32.46125281076596,-0.374986352138441],[32.46828073207282,-0.372273557562815],[32.484530870438775,-0.37375695507891],[32.48248558561303,-0.368887460776338],[32.46717545653863,-0.366389036902821],[32.46767502464141,-0.362067891731717],[32.46449311330116,-0.359264715219203],[32.4668062100371,-0.355994674053697],[32.48029928417274,-0.354773689181645],[32.487167629797,-0.347919317481905],[32.48986666943882,-0.348198082546596],[32.49056146983701,-0.352887691866526],[32.49517756364008,-0.345943416347068],[32.49211020354616,-0.337839726459875],[32.488359859402024,-0.340633480184936],[32.471328344577195,-0.336742519293714],[32.46705599525,-0.343767781191515]]],[[[32.42048802834808,-0.396014674219746],[32.41962999059026,-0.381137505711049],[32.40400133215911,-0.382106702366227],[32.40884720449953,-0.387299634177317],[32.4166196725561,-0.387174368739081],[32.42048802834808,-0.396014674219746]]],[[[32.31032127548515,-0.417898227014543],[32.31550248902631,-0.407693486408847],[32.32114654456641,-0.406777709416216],[32.327217726358235,-0.385073536101057],[32.319596520065375,-0.388172258868215],[32.31623747140035,-0.386339471850053],[32.31416492217757,-0.380320166889203],[32.31815697989977,-0.370815832984759],[32.31737959432488,-0.364356737577426],[32.31450949931518,-0.361966786884864],[32.307579505899184,-0.367913295111518],[32.306387927462396,-0.357573172036075],[32.297881965803484,-0.356440561973106],[32.29431819295503,-0.358641160628964],[32.28930544630879,-0.370840688349301],[32.29102125108361,-0.377901707976929],[32.287055194342685,-0.38513329345002],[32.29493102073296,-0.389329323000381],[32.30010090928919,-0.40303851064094],[32.30803498116463,-0.399571500982948],[32.30763079221724,-0.413765651404438],[32.31032127548515,-0.417898227014543]]],[[[32.28271858144975,-0.313543956923739],[32.25979335084649,-0.315806108467045],[32.25307216441857,-0.313676578480613],[32.25119567287251,-0.31082862309726],[32.25365712284655,-0.305375856149121],[32.24904695398497,-0.297434094050428],[32.25027971058755,-0.28934007697376],[32.246604512017306,-0.291927137735454],[32.246763287999435,-0.298556978549187],[32.23768754440317,-0.303838518341288],[32.2193614612118,-0.302031582884911],[32.2134598484385,-0.306469005114657],[32.20009352190488,-0.30538992934311],[32.198237331798914,-0.316834641353805],[32.192400544593106,-0.307159053474372],[32.176184158648425,-0.312089633681404],[32.16565362903267,-0.310292250390242],[32.15762424155461,-0.29462464386768],[32.16480673878639,-0.275724407659486],[32.15856171623279,-0.273352413148504],[32.16377267304402,-0.261054560763372],[32.172248618554626,-0.260929465742134],[32.17504192499496,-0.255081456379484],[32.18357745566163,-0.249916517235789],[32.18535721230615,-0.236127242256567],[32.191048564549284,-0.233010383780251],[32.19344423967018,-0.226497531050762],[32.18807591318049,-0.228015469260218],[32.182983128867086,-0.223397705738566],[32.177351049251186,-0.226496620409039],[32.17525953526548,-0.232272748482988],[32.16838912167501,-0.234823697356794],[32.16084024263766,-0.233367914000671],[32.14345594051444,-0.220556740647498],[32.135349790306016,-0.2226673018985],[32.1289862723146,-0.230446425548016],[32.121927460782594,-0.229314078133179],[32.11876110970208,-0.224615635293657],[32.1122353592217,-0.222252761033742],[32.10223961222699,-0.231046608360779],[32.08684157085778,-0.216412191636753],[32.079369739693576,-0.220696637430667],[32.08341746429054,-0.234521804366555],[32.09174553421946,-0.238322306780204],[32.083227445870506,-0.245894493765895],[32.070701690908095,-0.246351722718197],[32.06631312222792,-0.249342705593224],[32.070709038525216,-0.257580494913629],[32.07783394328128,-0.259790957791185],[32.088960300578464,-0.269718093905418],[32.09299349531358,-0.269502843899123],[32.09662075114359,-0.264077244996308],[32.10929539603009,-0.268174544691161],[32.11077883585276,-0.28399393857706],[32.12240961916794,-0.297343837168018],[32.11527381001175,-0.307287751057223],[32.11421563996226,-0.315129889711854],[32.1523543058693,-0.322948534488455],[32.16405667741386,-0.330890784421386],[32.176266770973896,-0.328987269185037],[32.184919171673094,-0.335411062111962],[32.18925132735015,-0.32418229904908],[32.19450611425738,-0.321272179920827],[32.199535889523226,-0.326608694675477],[32.205692947206586,-0.323635594799094],[32.221347071433456,-0.328784399397595],[32.22528544776626,-0.333006868790589],[32.224776517727165,-0.337768102406733],[32.23123524857194,-0.341514714161803],[32.2329084865139,-0.34679701187992],[32.22948684902361,-0.365877610010231],[32.233501332075626,-0.369920467280702],[32.24069669142289,-0.363309363217334],[32.2438187154899,-0.364468429070088],[32.24286924695425,-0.384420578170444],[32.25092628899,-0.392838808087683],[32.24846539467077,-0.400007392004951],[32.2496554457807,-0.412799999207559],[32.23732004398635,-0.39350234562974],[32.23270589530985,-0.403051340767315],[32.23152024881838,-0.391273970213522],[32.227317432746744,-0.389423010760265],[32.220359002444624,-0.393348108069803],[32.21658457314964,-0.3901047383422],[32.21245877622007,-0.390661272656538],[32.214595127352354,-0.397668517779126],[32.20161994970887,-0.412966041490489],[32.1898048083493,-0.419648430186069],[32.1774336892356,-0.420707110564625],[32.17574322892295,-0.425638755476112],[32.18063174609997,-0.43262831314925],[32.174798043325836,-0.433166783447632],[32.1712202031849,-0.438161109517952],[32.17304719421119,-0.443146987786292],[32.18116201429236,-0.447262301182927],[32.18047655025336,-0.454736368680225],[32.17548685513336,-0.458643543641729],[32.168155146867676,-0.455354766091215],[32.17382606885951,-0.461464119304822],[32.17416796296189,-0.469899467525936],[32.16384684104242,-0.470140786477938],[32.16148283677763,-0.478000915681573],[32.155272563081596,-0.482967849962993],[32.16559289032505,-0.486903867824105],[32.16481986010913,-0.499965413503284],[32.15846959359999,-0.510016901141335],[32.153336722368046,-0.497834939792478],[32.14300338403002,-0.499252873708626],[32.1550840329595,-0.51885597769037],[32.14474160279294,-0.516536890498022],[32.14834900881501,-0.524568372537874],[32.14710132650861,-0.532913693149184],[32.15301111219497,-0.528818090074081],[32.16373938114759,-0.539743287586817],[32.17226622827789,-0.530797050918874],[32.16652866791566,-0.523591711467369],[32.17331499434801,-0.509920034719731],[32.17271506119996,-0.497406159226345],[32.17507060131322,-0.499284000420593],[32.17883693680764,-0.494622059971005],[32.18233730187076,-0.494811196876126],[32.18956457974225,-0.500462553301618],[32.19500235534994,-0.49343826752586],[32.20148089543832,-0.49296298555842],[32.203063351157176,-0.490241191604152],[32.197677276856886,-0.487662316039659],[32.19419102348811,-0.47963971308501],[32.198864638086484,-0.47510376994024],[32.21101712845953,-0.47438640946992],[32.2115782142837,-0.471808236941893],[32.20101998301987,-0.462114065720185],[32.200228767007665,-0.458448762232619],[32.20324473292109,-0.456014480956043],[32.215577813703725,-0.462591768763517],[32.21767417949944,-0.459510693036318],[32.21550437084481,-0.453635346842542],[32.21980470611598,-0.449449563796645],[32.22620620265025,-0.452495519886072],[32.22840915405641,-0.450519382430496],[32.23337470367951,-0.454841023919961],[32.23609142070618,-0.454176537627905],[32.23760327627148,-0.446810301504014],[32.244060492725424,-0.446298855631258],[32.25511328980988,-0.457331679037841],[32.24999822844106,-0.461876881598881],[32.244342177761965,-0.462298496316075],[32.2436306410393,-0.466996670652854],[32.25561575090551,-0.467420177586686],[32.25449639699893,-0.472720339089011],[32.258420148488526,-0.484740651352612],[32.267444520924705,-0.478138780032944],[32.26607072582619,-0.47025116253966],[32.268368815820864,-0.466361523731951],[32.27318541552926,-0.466972952588488],[32.272749007862416,-0.458797913876858],[32.27837810259673,-0.4614576183817],[32.282993463030266,-0.472148477283439],[32.2866715215004,-0.465456069046009],[32.29618409655369,-0.465843350152386],[32.293920138217054,-0.456868596091477],[32.286256364252345,-0.452304106133796],[32.28933821062937,-0.442530257817654],[32.28728317156177,-0.43640338828963],[32.28135926136976,-0.439061953532799],[32.279072354571746,-0.435010132871335],[32.28196064974677,-0.41630657799988],[32.286786939128994,-0.40891354097168],[32.286349585549445,-0.397333708976694],[32.27642709555296,-0.384019238006682],[32.273138584006944,-0.364964887136996],[32.277554276413824,-0.353008202761384],[32.288806193990006,-0.337063297138268],[32.29350928727952,-0.337953037398443],[32.304832438731836,-0.326688389702588],[32.31325431641647,-0.333552416538891],[32.326179075450405,-0.329573624512475],[32.317754753985255,-0.320939701598758],[32.305305651373644,-0.322106722873567],[32.30768786505512,-0.313347895106957],[32.30445271234208,-0.310814337490214],[32.30419221049241,-0.304966091856931],[32.29343457025258,-0.301246095289637],[32.297456440751475,-0.28795064300792],[32.28734075788891,-0.293439039598628],[32.28547367375264,-0.301057007568424],[32.292137003888335,-0.304120714125993],[32.28271858144975,-0.313543956923739]]],[[[32.361951082498365,-0.428459463201517],[32.371664326199216,-0.421255374282447],[32.36606623163265,-0.419062918258726],[32.36656766360859,-0.406422808340783],[32.37512854757538,-0.403953005342542],[32.375851260985385,-0.416539236813377],[32.38184752968922,-0.408499246444865],[32.38763327644751,-0.410143804918527],[32.38927552989319,-0.414123671418097],[32.40117454991707,-0.409255421709547],[32.40223884371966,-0.398304333837065],[32.39817312080975,-0.404727410167809],[32.39340401138332,-0.406119552739962],[32.3927971403858,-0.390829146253606],[32.372852640795585,-0.39028868168008],[32.36675432766495,-0.396576704635885],[32.356560638046666,-0.400492866800128],[32.349953480012964,-0.406502334532187],[32.350079366154176,-0.415971154010848],[32.361951082498365,-0.428459463201517]]],[[[32.336717195074286,-0.463394805180302],[32.34816356594546,-0.45219321014277],[32.35000807805324,-0.44532083630264],[32.35704866173514,-0.438934039001125],[32.35740407577736,-0.433633672145048],[32.3504511836517,-0.432743810149106],[32.33042121845871,-0.440405024468274],[32.32545550265895,-0.436074466488639],[32.31838015138385,-0.445201201962576],[32.31516045767377,-0.451722976322244],[32.32559696032022,-0.45545217936304],[32.335688632020215,-0.453135331105843],[32.336717195074286,-0.463394805180302]]],[[[32.32042872381667,-0.463671718719759],[32.32722399683824,-0.462154084743456],[32.32896573498587,-0.458524834370895],[32.32042872381667,-0.463671718719759]]],[[[32.33512509178161,-0.48505413735691],[32.340571524872175,-0.484282170096638],[32.34025817365093,-0.477894742623643],[32.33603967338856,-0.477076738294024],[32.33099282996791,-0.48112788955417],[32.33512509178161,-0.48505413735691]]],[[[32.23247456055045,-0.486732068057113],[32.23509057804502,-0.480165600851212],[32.23192754465344,-0.471397358281405],[32.224928325044885,-0.484548313370666],[32.23247456055045,-0.486732068057113]]],[[[32.468396724074424,-0.471455478344863],[32.45396985031855,-0.481282673788687],[32.45355701871973,-0.488379928075756],[32.46258328060115,-0.491938215286244],[32.46545548997782,-0.486844612710736],[32.47751948205211,-0.491391363449131],[32.48849464845743,-0.485696460332073],[32.4942890883558,-0.48601128088645],[32.496180103106035,-0.468465984202561],[32.49111130439995,-0.464881044868248],[32.49139629864603,-0.461673780777146],[32.497907722266675,-0.457532577469759],[32.50328358042793,-0.45967114794855],[32.51248635688807,-0.457991875589647],[32.51308527233191,-0.446923644352541],[32.508655588893404,-0.444012625083936],[32.508756347747166,-0.440661576279104],[32.519579291437786,-0.43364578201036],[32.52076490138647,-0.430294937397725],[32.51783717601618,-0.426332737193699],[32.52578728967575,-0.42185935295724],[32.53227468849817,-0.410000820394875],[32.53085091488327,-0.404233130253739],[32.522214955820616,-0.405238818578944],[32.516328893808804,-0.401932359468556],[32.515656238991944,-0.398176972881357],[32.52571013324603,-0.386723073100926],[32.52586973685288,-0.379967095109717],[32.53321315877941,-0.381198314764576],[32.54001983124577,-0.394432064837082],[32.54400974259931,-0.392393030793646],[32.54705450411281,-0.387802397607603],[32.53894032606815,-0.383750166253394],[32.53901134024806,-0.379159375489475],[32.54314198065159,-0.376284622512338],[32.54964576249928,-0.37686892035742],[32.54909372610028,-0.369753686954257],[32.55640775065646,-0.36387843141772],[32.554758585131175,-0.360464507489253],[32.5472353344166,-0.360940233808111],[32.54731624275379,-0.36600727909881],[32.54252974135248,-0.365809272412347],[32.53809285626013,-0.376886263994906],[32.53139472038994,-0.371558489973194],[32.524907456649544,-0.37754145728004],[32.518883130787,-0.376013879026802],[32.513642002466526,-0.370254900089361],[32.51043848625355,-0.371566392964481],[32.51366632320411,-0.392265500833908],[32.498492526876184,-0.408893760591419],[32.503280265605056,-0.411652112879684],[32.50238335662308,-0.419513021397586],[32.492532878425045,-0.415110335763108],[32.49044879534798,-0.411148202704685],[32.47634230039867,-0.416124366804649],[32.46253631459582,-0.412673591496763],[32.46456161896994,-0.417543087616837],[32.47023561972618,-0.420382369654955],[32.46877712551472,-0.422412596061261],[32.48614312361656,-0.423500818249766],[32.4909414936758,-0.426708421845338],[32.48294859640634,-0.436949442781752],[32.48264416497371,-0.445214646824765],[32.48660299271925,-0.450299731174468],[32.49102432349178,-0.447793614390592],[32.490129048165144,-0.451539836177645],[32.48534038487999,-0.457989965122639],[32.480311581985504,-0.456902554267931],[32.479533573521024,-0.462176010844522],[32.468396724074424,-0.471455478344863]]],[[[32.273791646849986,-0.529138961010867],[32.268234403560854,-0.521897660500012],[32.26832830417843,-0.525832361239306],[32.273791646849986,-0.529138961010867]]],[[[32.3110379542387,-0.531242342590762],[32.31907390330261,-0.52806616440131],[32.31549143463823,-0.509307950432681],[32.320573546683825,-0.506730191871048],[32.32267413117956,-0.501304248716711],[32.32557766361629,-0.50342472370043],[32.32578408786812,-0.497765059711221],[32.33229639973,-0.492815774545272],[32.324416753653566,-0.489302320838982],[32.3208648233872,-0.472655384760246],[32.308110377264036,-0.480406949465684],[32.302246599250815,-0.498211816781568],[32.30520222103324,-0.504177257581973],[32.3095391020659,-0.500692077801215],[32.31029831320643,-0.504725831935224],[32.305701935294216,-0.508282788645039],[32.301725142728536,-0.505811920195607],[32.2975917433588,-0.507742925015388],[32.304790533037746,-0.517221331772484],[32.30621323268803,-0.529699771391528],[32.3110379542387,-0.531242342590762]]],[[[32.209409457881094,-0.576976660539807],[32.21348185152033,-0.567436761315356],[32.220311198896226,-0.567365885677403],[32.217652905441156,-0.561211814120378],[32.21220048888091,-0.565118858567632],[32.206269486370466,-0.563276531635795],[32.19905493292418,-0.569096764700167],[32.20237136791319,-0.57167545767952],[32.20455458659959,-0.568863878579019],[32.209409457881094,-0.576976660539807]]],[[[32.25546654420699,-0.590691667982836],[32.25786900866502,-0.58864379823594],[32.25281067191684,-0.587178711262891],[32.250134252458984,-0.590358486486152],[32.25546654420699,-0.590691667982836]]],[[[32.31926754867203,-0.647404442039253],[32.32596638937541,-0.640155566039897],[32.325434168719994,-0.629635700922639],[32.329591579535226,-0.614408982665932],[32.327793527022095,-0.60894668286562],[32.32447855019936,-0.61147961616253],[32.31903929616666,-0.610050541548954],[32.32253560948613,-0.619304170946668],[32.31926754867203,-0.647404442039253]]],[[[32.27258458092668,-0.652805997485637],[32.27788347476392,-0.653597352471999],[32.29217167747627,-0.626738538192384],[32.28910429535506,-0.62365676255301],[32.28384353230296,-0.625479710296846],[32.28288782873688,-0.617430375669066],[32.28101246972733,-0.625569150405727],[32.285500140131745,-0.631759405159596],[32.27579407397745,-0.641828586769008],[32.27258458092668,-0.652805997485637]]],[[[32.30320847807961,-0.670948216584892],[32.315024285651205,-0.646415661475574],[32.31207015043645,-0.640495077880003],[32.29700947259345,-0.666141097158561],[32.29637023355744,-0.676400290327399],[32.2986164112193,-0.672007636053451],[32.30320847807961,-0.670948216584892]]],[[[32.290335661343455,-0.228630142595822],[32.297877047294975,-0.233222810578336],[32.29981545047971,-0.240346847825371],[32.30438051852748,-0.243868628958205],[32.31014200626611,-0.233591648147946],[32.31460059463241,-0.232684516001451],[32.317429797333354,-0.239242780064512],[32.31627839998172,-0.245692852134396],[32.325568719850374,-0.2619716990064],[32.33602253694206,-0.261388324826613],[32.344088954250836,-0.269330353738507],[32.346101675738744,-0.267803263437752],[32.3482952569481,-0.249485605246965],[32.34319792672735,-0.241355181651017],[32.331121488438846,-0.242989637271425],[32.32351385895783,-0.236556927017593],[32.31995848876616,-0.223162166606548],[32.3045590168977,-0.204340893564874],[32.3027082661094,-0.19500680258122],[32.289498639387496,-0.182024923082729],[32.274650585444746,-0.187881707721821],[32.2755998660513,-0.198158808957108],[32.28121018975974,-0.200036647690596],[32.29138433942361,-0.195329743043446],[32.29513163393182,-0.199947496165266],[32.29917513389545,-0.199327693488102],[32.30355669026521,-0.212812321109004],[32.30922637967273,-0.212974286647952],[32.31344881005124,-0.224015357866413],[32.30357072354433,-0.225146849359265],[32.29135563415329,-0.221831237579108],[32.28582404996396,-0.228981886850862],[32.290335661343455,-0.228630142595822]]]]},"properties":{"name":"Kalangala District","id":"JrHILmtK0OU"}},
{"type":"Feature","geometry":{"type":"MultiPolygon","coordinates":[[[[33.53736298817099,0.887317532642867],[33.53380410418052,0.891781170665524],[33.53950772733442,0.906906729955472],[33.55301273936233,0.91948886988075],[33.56361675294669,0.936757636210387],[33.561367441090404,0.953078520731127],[33.565733045449306,0.959356311944585],[33.56239585952635,0.966259611850735],[33.56638561734969,0.982090919374169],[33.55706303460178,0.987837250250103],[33.56526444552123,0.992268809603397],[33.56769225604727,0.998972099209452],[33.565632296472124,1.008201366716683],[33.556221809895575,1.015930427456661],[33.55953624492391,1.020420764836434],[33.568344914575306,1.014784727298539],[33.576814057078984,1.017522992518288],[33.58336529088106,1.022474371614616],[33.5868457777948,1.031718721848573],[33.596700202593254,1.037516152487297],[33.591675890639706,1.048616958230702],[33.58638056923753,1.052474162340864],[33.57787984967061,1.052701081597277],[33.571948437850175,1.058706732533357],[33.574500062605395,1.062878257636094],[33.59270086036983,1.059461892432058],[33.59660826718272,1.076765382705069],[33.60615563744543,1.079868508971686],[33.608339883694036,1.086528752902293],[33.59757257921428,1.092952154652268],[33.60529809309628,1.111804353539405],[33.60353907382579,1.113610678320782],[33.59462863853912,1.107906521236447],[33.59476111849825,1.124226901600096],[33.58824293295712,1.123168906929472],[33.595708888713816,1.138489531278038],[33.59118894870483,1.146309723959825],[33.58839675739624,1.147705771242831],[33.582045255184,1.143388924767116],[33.579944913551095,1.146461875811686],[33.58059899320964,1.16128974604244],[33.57104289912667,1.161129427815039],[33.56720961435457,1.164718686258869],[33.55643138436315,1.151630343143147],[33.54267102755531,1.151187454900447],[33.54287463513969,1.158431412959524],[33.55072945676395,1.171512206311047],[33.54968310456206,1.175470695649758],[33.54014781156149,1.175898902015025],[33.531304544812315,1.170104101580939],[33.52968406000213,1.186057746010689],[33.521877930400514,1.187078993428558],[33.498262072518386,1.173278043391852],[33.495985547177966,1.1750830312185],[33.49806553048083,1.183198604366451],[33.49038303262048,1.168617441891564],[33.5003930587146,1.152096820322587],[33.49617055927222,1.15043349276126],[33.484097691477835,1.157034200534895],[33.480327263345885,1.154534492781017],[33.483656999421385,1.138720981603402],[33.475470525433046,1.139242835428522],[33.4720492424543,1.117413063972958],[33.468820333159904,1.114371539179319],[33.46456260663313,1.11694099499199],[33.46648212539183,1.098905255462937],[33.47202861437647,1.086288941812399],[33.464102249970956,1.082420047970355],[33.44665840772471,1.095820166744896],[33.446860116267025,1.103629962171591],[33.45048760510178,1.108800619257091],[33.448480188551784,1.11085516061991],[33.4404622606026,1.107506718666127],[33.438584848338735,1.111236629966816],[33.44229850197001,1.125303321842312],[33.45337049450909,1.137600715857168],[33.45229781442622,1.143053112841439],[33.4437618910613,1.147376942189298],[33.45238783890706,1.15821953481709],[33.448621291376156,1.169572705314027],[33.454104495912986,1.178550672444083],[33.46744791925776,1.183270970368668],[33.46399234342351,1.196028638697676],[33.47001496061817,1.204917383920524],[33.44987199207796,1.225916331066333],[33.43503504446774,1.224247928722796],[33.42241309601575,1.211086255154763],[33.42044363136394,1.215630998555613],[33.42443624327976,1.226551822741854],[33.421189060034635,1.229689678038958],[33.40556389101456,1.215645836535219],[33.3986,1.2033],[33.3981,1.1913],[33.3923,1.1766],[33.3587,1.128],[33.3587,1.1022],[33.335,1.0773],[33.3549,1.0631],[33.3498,1.0559],[33.352,1.0499],[33.3644,1.0448],[33.3718,1.031],[33.3861,1.0264],[33.3835,0.9996],[33.396,1.004],[33.4175,0.9986],[33.4159,0.9889],[33.411,0.9839],[33.4132,0.98],[33.4085,0.9703],[33.41,0.9635],[33.4053,0.9566],[33.4079,0.9362],[33.3968,0.9082],[33.4106,0.9025],[33.4206,0.903],[33.4255,0.888],[33.4346,0.8793],[33.4418,0.8829],[33.4618,0.8842],[33.4811,0.8701],[33.5028,0.8685],[33.5131,0.8777],[33.53736298817099,0.887317532642867]]],[[[33.600509277691394,1.024129240972713],[33.58855457415718,1.016353820375272],[33.58738715426507,1.009460548616046],[33.600509277691394,1.024129240972713]]]]},"properties":{"name":"Kaliro District","id":"kJCEJnXLgnh"}},
{"type":"Feature","geometry":{"type":"Polygon","coordinates":[[[31.873652161184186,0.001107938696864],[31.858056249898446,0.001217327062632],[31.849290569134702,0.013726228408982],[31.834134761539485,0.002049778813378],[31.829679951617237,0.002474061977562],[31.821115969010332,0.01089771118254],[31.79907367891292,0.020783585296931],[31.7924043508755,0.032723741832839],[31.768516311790226,0.049111249730621],[31.735583055637978,0.058240100234985],[31.73508735261868,0.064579569325099],[31.707957819179146,0.072953317827388],[31.695068263556063,0.07649379422301],[31.69499095140654,0.076499303954487],[31.680293182924885,0.073217273172367],[31.664053149437947,0.064216087393402],[31.652947734745716,0.037688395190078],[31.651201646224052,0.041196333240643],[31.647555972082003,0.041214461654406],[31.6465,0.0395],[31.663,0.0318],[31.6727,0.0106],[31.6871,-0.0003],[31.7002,-0.0319],[31.7052,-0.0713],[31.7023,-0.1006],[31.6925,-0.1465],[31.7047,-0.1815],[31.7062,-0.2107],[31.7194,-0.2304],[31.7224,-0.2469],[31.7222,-0.2497],[31.7212,-0.2542],[31.7211,-0.2544],[31.721,-0.2548],[31.7413,-0.2764],[31.7813,-0.2743],[31.7931,-0.2443],[31.7854,-0.2419],[31.7868,-0.2344],[31.791,-0.2332],[31.7968,-0.2378],[31.8006,-0.2403],[31.8007,-0.2404],[31.8055,-0.2429],[31.8066,-0.2425],[31.8073,-0.241],[31.8076,-0.2401],[31.8108,-0.2336],[31.8126,-0.2329],[31.8128,-0.2329],[31.813,-0.233],[31.8131,-0.2336],[31.8133,-0.234],[31.8136,-0.235],[31.814,-0.2367],[31.8143,-0.237],[31.816,-0.2385],[31.8164,-0.2395],[31.817,-0.2404],[31.8175,-0.2416],[31.8193,-0.2426],[31.8201,-0.2434],[31.8211,-0.2433],[31.8216,-0.2432],[31.8217,-0.2432],[31.8221,-0.2434],[31.8234,-0.2443],[31.8241,-0.2442],[31.8245,-0.2442],[31.825,-0.245],[31.8251,-0.2454],[31.8255,-0.2459],[31.8256,-0.246],[31.826,-0.2466],[31.8267,-0.247],[31.8276,-0.2467],[31.8287,-0.2465],[31.8308,-0.2465],[31.8345,-0.2465],[31.836,-0.2473],[31.8366,-0.2477],[31.8367,-0.2479],[31.8368,-0.2482],[31.837,-0.2491],[31.8376,-0.2497],[31.8383,-0.2503],[31.8391,-0.2513],[31.8399,-0.2525],[31.84,-0.2527],[31.8405,-0.2532],[31.8422,-0.2549],[31.8446,-0.2585],[31.8481,-0.2628],[31.8491,-0.2625],[31.8503,-0.2617],[31.8509,-0.2611],[31.8514,-0.2607],[31.8557,-0.2574],[31.8559,-0.2574],[31.8578,-0.2571],[31.8644,-0.2579],[31.8663,-0.258],[31.8748,-0.2549],[31.8749,-0.2548],[31.8779,-0.2506],[31.8783,-0.2493],[31.8783,-0.2492],[31.8784,-0.2476],[31.8774,-0.2462],[31.8769,-0.246],[31.8768,-0.2454],[31.8776,-0.2444],[31.8786,-0.2434],[31.8794,-0.2432],[31.8799,-0.243],[31.8807,-0.2424],[31.8817,-0.2411],[31.883,-0.2394],[31.8834,-0.2386],[31.8832,-0.2372],[31.8835,-0.2363],[31.8838,-0.2358],[31.885,-0.2333],[31.8851,-0.2318],[31.8845,-0.2318],[31.8839,-0.232],[31.8836,-0.232],[31.8831,-0.2326],[31.8827,-0.2322],[31.8828,-0.2319],[31.8831,-0.2314],[31.8832,-0.231],[31.8834,-0.2304],[31.8831,-0.2298],[31.8829,-0.2294],[31.8827,-0.2291],[31.8821,-0.2286],[31.8821,-0.2282],[31.8821,-0.2279],[31.8828,-0.2267],[31.8839,-0.2257],[31.887,-0.2245],[31.8878,-0.2234],[31.8876,-0.2231],[31.8873,-0.2222],[31.8875,-0.222],[31.8881,-0.2222],[31.8884,-0.2224],[31.8894,-0.2232],[31.8897,-0.2233],[31.8899,-0.2234],[31.89,-0.2234],[31.891,-0.2237],[31.892,-0.2236],[31.8927,-0.2233],[31.8929,-0.223],[31.8932,-0.2228],[31.8937,-0.2224],[31.894,-0.2224],[31.8943,-0.2224],[31.895,-0.2228],[31.8955,-0.2233],[31.8959,-0.2238],[31.8963,-0.2237],[31.8966,-0.2234],[31.8969,-0.2231],[31.8968,-0.2223],[31.8969,-0.2187],[31.8977,-0.2186],[31.8983,-0.2185],[31.9038,-0.2177],[31.9145,-0.2163],[31.9202,-0.2145],[31.9218,-0.2135],[31.9238,-0.212],[31.9351,-0.1989],[31.9366,-0.1964],[31.9401,-0.1923],[31.9421,-0.1902],[31.9455,-0.1872],[31.9488,-0.1845],[31.9497,-0.1835],[31.9509,-0.1818],[31.9517,-0.1804],[31.952937269324327,-0.176978104164296],[31.9573,-0.1738],[31.9579,-0.1731],[31.9581,-0.1729],[31.9582,-0.1728],[31.950538295881728,-0.164878240767425],[31.94308806334566,-0.165848002098531],[31.951428601934275,-0.160952840146703],[31.96359957031537,-0.137382660752466],[31.951759915488587,-0.132188568783106],[31.942325382891564,-0.138181217731097],[31.940695277723897,-0.134695842875257],[31.94544325639501,-0.127608124792103],[31.9179,-0.0892],[31.9021,-0.0395],[31.9154,-0.0174],[31.8891,-0.0168],[31.873652161184186,0.001107938696864]]]},"properties":{"name":"Kalungu District","id":"ahyi8Uq4vaj"}},
{"type":"Feature","geometry":{"type":"MultiPolygon","coordinates":[[[[32.6636,0.304062161836262],[32.66276691691813,0.298087362924191],[32.664894115027856,0.292895350567965],[32.66655929257094,0.293381414921063],[32.6634,0.297],[32.6636,0.304062161836262]]],[[[32.60646145895695,0.250054164175172],[32.6142724941566,0.245174896283114],[32.61689661879035,0.233984688432791],[32.62066540579053,0.233144823669774],[32.6313574220563,0.24757527167789],[32.62693201000533,0.259239993212751],[32.63575602583837,0.250436548264225],[32.63732862747624,0.252691447824424],[32.63471678420922,0.275285300758037],[32.640571435852465,0.280697502697781],[32.637393150495605,0.283654542889149],[32.63942324599061,0.285296236954418],[32.637824837480764,0.291120275992302],[32.64272940505121,0.288421984334854],[32.65168643139393,0.294129597483094],[32.653087909362675,0.290392605348223],[32.65459422174736,0.293105240557347],[32.66112009734421,0.288915620323513],[32.66011327103031,0.299350489250967],[32.66344875893293,0.304909928551554],[32.6615,0.3087],[32.6668,0.315],[32.6654,0.3239],[32.6561,0.3284],[32.646,0.3259],[32.6391,0.3319],[32.6438,0.3346],[32.6373,0.3406],[32.6396,0.3508],[32.6346,0.3649],[32.6343,0.3783],[32.6193,0.3774],[32.6176,0.3877],[32.6107,0.385],[32.6051,0.3907],[32.6065,0.3994],[32.6029,0.4052],[32.5759,0.4004],[32.565,0.4026],[32.5637,0.3875],[32.5497,0.376],[32.5564,0.3583],[32.5536,0.3486],[32.5429,0.3476],[32.529,0.3395],[32.5104,0.3073],[32.5211,0.2985],[32.5276,0.2975],[32.5316,0.2834],[32.5418,0.2713],[32.5651,0.2743],[32.5766,0.2793],[32.5866,0.2677],[32.6015,0.2586],[32.60646145895695,0.250054164175172]]]]},"properties":{"name":"Kampala District","id":"aXmBzv61LbM"}},
{"type":"Feature","geometry":{"type":"MultiPolygon","coordinates":[[[[32.95841345264699,1.203613242165039],[32.95318021774386,1.208642284134583],[32.94152574766912,1.209557244533602],[32.935637728188226,1.222600000077989],[32.9354,1.2226],[32.9394,1.2099],[32.95841345264699,1.203613242165039]]],[[[33.03119628467764,0.826463003660292],[33.02945715842264,0.833320221734533],[33.01021623522214,0.85042729317919],[33.0141,0.8424],[33.0278,0.8331],[33.03119628467764,0.826463003660292]]],[[[33.047639110057226,0.766156557430035],[33.04969581812872,0.769029956571009],[33.04215301933872,0.777834227086611],[33.041,0.7729],[33.047639110057226,0.766156557430035]]],[[[33.03451109426548,1.220019623017867],[33.01369466319739,1.217819700046382],[33.0046797614742,1.209713657176296],[33.00467021617203,1.212769656399767],[32.99731432970279,1.213821121867146],[32.99890674647913,1.205472468908711],[32.970834161029686,1.201721086609449],[32.96547447709919,1.192505245887728],[32.963359514908014,1.199624856180799],[32.964229182916135,1.195023180342958],[32.9664,1.1875],[32.963989210699204,1.175124475069617],[32.96695557871272,1.162855474817687],[32.96781159797045,1.15439168865511],[32.967620926901944,1.153295330084242],[32.9614479867674,1.134343960425986],[32.96114245571736,1.129173569616241],[32.9602,1.115],[32.9416,1.0967],[32.9379,1.0883],[32.94229283201272,1.064477477727759],[32.942958217476225,1.062314901979431],[32.9434,1.0548],[32.9344,1.0287],[32.9362847628645,1.018209945266952],[32.944077984267636,1.010244031511684],[32.9459,0.997386359945678],[32.95041779772377,0.99171935713074],[32.94664828317111,0.982754289087586],[32.947759442124806,0.969581115816755],[32.950143311445224,0.964887582243588],[32.94979818411639,0.953548008264824],[32.953101095157756,0.945457237184958],[32.95998285660247,0.939025268345706],[32.967135016038384,0.938762972040404],[32.96832749015315,0.920002016974562],[32.97700646874497,0.913705170260264],[32.98381007564916,0.899985556901606],[32.99731460957759,0.88577088329071],[33.00762502490807,0.879841507347847],[33.0150696119577,0.849406391942284],[33.03400605282251,0.833274948387691],[33.04126639885482,0.803635947372048],[33.040233272364404,0.792154941871325],[33.046524846757876,0.789893052233868],[33.050259911865254,0.779651472609532],[33.05517959566829,0.744348871746821],[33.05326042523154,0.739097873856061],[33.05048127647984,0.734581276495036],[33.06021226554759,0.698008564219526],[33.05691292635813,0.676125179615149],[33.04954588847767,0.660068257822804],[33.0514,0.6585],[33.0561,0.6577],[33.0572,0.6573],[33.0584,0.657],[33.0593,0.6568],[33.0595,0.6564],[33.0608,0.6563],[33.0617,0.6562],[33.0636,0.6565],[33.066,0.6559],[33.0678,0.6548],[33.0707,0.6554],[33.0743,0.6568],[33.0759,0.6595],[33.076,0.66],[33.0767,0.6625],[33.0785,0.6633],[33.0841,0.6655],[33.0859,0.6662],[33.0868,0.6683],[33.0867,0.6687],[33.0862,0.6716],[33.0862,0.6747],[33.0865,0.6779],[33.0864,0.6799],[33.088,0.679],[33.0901,0.6783],[33.0934,0.6782],[33.094,0.6783],[33.095,0.6787],[33.0996,0.6774],[33.1055,0.6759],[33.1075,0.6773],[33.1085,0.6775],[33.1107,0.6785],[33.1125,0.6782],[33.1138,0.6769],[33.1144,0.6765],[33.1155,0.6749],[33.1159,0.6749],[33.1171,0.6744],[33.1239,0.6713],[33.1247,0.6705],[33.1283,0.6687],[33.1285,0.6686],[33.1304,0.6679],[33.1315,0.6675],[33.1337,0.668],[33.1351,0.6684],[33.1355,0.6687],[33.1367,0.6699],[33.1382,0.6716],[33.1372,0.6755],[33.1362,0.6818],[33.1356,0.6841],[33.1342,0.6878],[33.1343,0.6902],[33.1361,0.6901],[33.1422,0.6883],[33.1451,0.6877],[33.1493,0.6894],[33.1509,0.6895],[33.1511,0.6895],[33.1528,0.6896],[33.159,0.6949],[33.16,0.6948],[33.1653,0.695],[33.1686,0.6951],[33.1705,0.6946],[33.1773,0.6929],[33.1793,0.6928],[33.1856,0.696],[33.1892,0.6984],[33.1893,0.6984],[33.1898,0.696],[33.191,0.6945],[33.1935,0.6933],[33.1936,0.6932],[33.1943,0.6933],[33.1982,0.6925],[33.2,0.691],[33.2009,0.69],[33.201,0.6888],[33.2016,0.688],[33.2016,0.6877],[33.21,0.6819],[33.2232,0.6839],[33.2203,0.7304],[33.2266,0.7342],[33.2246,0.7385],[33.2358,0.7464],[33.2505,0.7649],[33.2544,0.7903],[33.2662,0.7903],[33.2755,0.798],[33.2833,0.836],[33.294,0.8457],[33.305,0.8494],[33.2987,0.8572],[33.2833,0.8634],[33.2918,0.8827],[33.2972,0.9058],[33.2976,0.9237],[33.3037,0.9332],[33.3024,0.9655],[33.3069,0.9843],[33.2821,0.9887],[33.2675,0.9856],[33.2604,0.993],[33.2503,0.9959],[33.2418,0.9956],[33.2334,0.9883],[33.2254,0.9869],[33.1951,1.0143],[33.1781,1.0403],[33.1695,1.0437],[33.1603,1.0411],[33.1518,1.0441],[33.1422,1.0819],[33.1323,1.1074],[33.1247,1.163],[33.1157,1.1679],[33.0921,1.1695],[33.0795,1.1948],[33.0551,1.1986],[33.03451109426548,1.220019623017867]]]]},"properties":{"name":"Kamuli District","id":"oyygQ2STBST"}},
{"type":"Feature","geometry":{"type":"Polygon","coordinates":[[[30.4721,0.1044],[30.4815,0.0951],[30.4875,0.099],[30.4941,0.0974],[30.5001,0.1111],[30.5074,0.1189],[30.5139,0.1227],[30.5219,0.1197],[30.5291,0.123],[30.5423,0.1328],[30.5478,0.1455],[30.5606,0.1475],[30.5644,0.1528],[30.5768,0.1554],[30.5787,0.1591],[30.5954,0.1602],[30.605,0.1653],[30.6073,0.1684],[30.6145,0.1691],[30.6212,0.1643],[30.6257,0.1657],[30.642,0.1795],[30.6458,0.1965],[30.6501,0.1942],[30.6565,0.1958],[30.6693,0.2101],[30.6865,0.2081],[30.7012,0.2016],[30.7125,0.2059],[30.7229,0.1973],[30.7291,0.1958],[30.7429,0.1998],[30.7616,0.1938],[30.7686,0.2028],[30.7731,0.2106],[30.7729,0.2256],[30.787,0.2365],[30.7899,0.254],[30.8018,0.2692],[30.8058,0.2823],[30.8114,0.2848],[30.8116,0.2911],[30.8205,0.2999],[30.8235,0.31],[30.8222,0.3184],[30.8338,0.3315],[30.8505,0.3376],[30.8541,0.3617],[30.8598,0.3709],[30.8528,0.3971],[30.8519,0.4008],[30.8359,0.4037],[30.8256,0.4135],[30.8189,0.4251],[30.8112,0.425],[30.8094,0.4309],[30.7939,0.4319],[30.7846,0.4433],[30.7653,0.4553],[30.7636,0.4623],[30.756,0.4714],[30.737,0.4729],[30.7269,0.4671],[30.6968,0.4653],[30.6912,0.461],[30.6902,0.4432],[30.6674,0.4252],[30.6633,0.4088],[30.6514,0.396],[30.6427,0.3927],[30.6358,0.3774],[30.626,0.3716],[30.6194,0.372],[30.6088,0.3643],[30.5942,0.3727],[30.59,0.3669],[30.5586,0.3447],[30.5582,0.3569],[30.5654,0.3689],[30.5478,0.3911],[30.5463,0.4043],[30.5359,0.3994],[30.5299,0.4063],[30.525,0.4261],[30.5298,0.4336],[30.538,0.4343],[30.5374,0.4403],[30.5404,0.4406],[30.541,0.4462],[30.5444,0.4464],[30.5477,0.4548],[30.5429,0.4585],[30.5421,0.4655],[30.5326,0.4796],[30.5225,0.4805],[30.5154,0.4886],[30.5096,0.4864],[30.4968,0.5009],[30.4969,0.5069],[30.5035,0.5088],[30.5054,0.5125],[30.5073,0.5417],[30.4929,0.5581],[30.4881,0.556],[30.4785,0.5667],[30.4741,0.5654],[30.475,0.5683],[30.4688,0.5742],[30.4643,0.5725],[30.4642,0.5724],[30.4634,0.5724],[30.4629,0.5726],[30.4615,0.5724],[30.4608,0.5723],[30.4599,0.5721],[30.4592,0.5718],[30.4581,0.5713],[30.4573,0.5711],[30.4563,0.5704],[30.4551,0.5702],[30.4543,0.5701],[30.4538,0.5699],[30.4536,0.5698],[30.4531,0.5684],[30.453,0.5669],[30.4533,0.5668],[30.4544,0.5659],[30.4545,0.5653],[30.4543,0.5651],[30.453,0.5647],[30.4515,0.564],[30.4512,0.5639],[30.4504,0.5636],[30.4488,0.5621],[30.4485,0.5618],[30.4479,0.5612],[30.4469,0.5608],[30.4461,0.5604],[30.4443,0.5597],[30.4434,0.5592],[30.4323,0.5528],[30.4288,0.5505],[30.4284,0.5499],[30.4284,0.5471],[30.4279,0.545],[30.428,0.5436],[30.4281,0.5414],[30.4281,0.5411],[30.4273,0.5384],[30.4262,0.5366],[30.4255,0.5359],[30.4242,0.5352],[30.4225,0.5362],[30.4188,0.5358],[30.4182,0.5352],[30.4173,0.5342],[30.4173,0.5335],[30.4173,0.5323],[30.4174,0.5318],[30.4173,0.5294],[30.417,0.529],[30.4151,0.5257],[30.4108,0.5217],[30.4103,0.5213],[30.4066,0.5197],[30.3997,0.5164],[30.3989,0.5159],[30.399,0.515],[30.3971,0.5137],[30.3958,0.5132],[30.395,0.5122],[30.3946,0.5112],[30.3942,0.5107],[30.3943,0.5104],[30.3944,0.5094],[30.3932,0.5075],[30.3915,0.5048],[30.3905,0.504],[30.3899,0.5034],[30.3891,0.5029],[30.3882,0.5028],[30.3878,0.5026],[30.386,0.5018],[30.3847,0.501],[30.3841,0.5008],[30.3836,0.5008],[30.3821,0.5013],[30.3789,0.5008],[30.3767,0.4983],[30.3758,0.4982],[30.374,0.4977],[30.3738,0.4969],[30.374,0.4969],[30.3738,0.4963],[30.3737,0.4959],[30.3734,0.4953],[30.3733,0.4943],[30.3729,0.4935],[30.3725,0.4926],[30.372,0.4917],[30.3711,0.4915],[30.3704,0.4909],[30.3702,0.4905],[30.3699,0.4896],[30.3699,0.4895],[30.3698,0.489],[30.3698,0.4885],[30.3704,0.4876],[30.3707,0.4866],[30.3711,0.4858],[30.3716,0.4854],[30.3719,0.4845],[30.3714,0.4838],[30.3706,0.4822],[30.3705,0.4795],[30.3716,0.4792],[30.372,0.4793],[30.3725,0.4791],[30.3741,0.478],[30.3746,0.4773],[30.3757,0.4754],[30.3752,0.475],[30.3747,0.4744],[30.3745,0.4728],[30.3749,0.4722],[30.3768,0.4703],[30.3777,0.4692],[30.3783,0.4672],[30.3781,0.4669],[30.3777,0.4662],[30.3771,0.4657],[30.3767,0.4655],[30.3765,0.4648],[30.3788,0.4625],[30.3799,0.4608],[30.3798,0.4593],[30.3797,0.4576],[30.3795,0.4567],[30.3793,0.4561],[30.3772,0.4553],[30.378,0.4515],[30.3788,0.4477],[30.3787,0.4469],[30.3787,0.4463],[30.3777,0.4454],[30.3767,0.4447],[30.3755,0.4437],[30.3706,0.4387],[30.3678,0.4353],[30.3668,0.4334],[30.3671,0.4314],[30.3668,0.4299],[30.3629,0.4246],[30.362,0.4228],[30.36,0.4209],[30.3592,0.4204],[30.3587,0.42],[30.3586,0.4198],[30.3584,0.4196],[30.3586,0.4189],[30.3603,0.4152],[30.3612,0.4138],[30.3619,0.4131],[30.3631,0.4122],[30.3633,0.4121],[30.3649,0.4115],[30.3654,0.4113],[30.3665,0.4103],[30.3664,0.4096],[30.3658,0.4083],[30.3656,0.4076],[30.3656,0.4073],[30.3656,0.406],[30.3667,0.4039],[30.3673,0.403],[30.371,0.4006],[30.3736,0.4017],[30.3755,0.4024],[30.3777,0.4028],[30.3784,0.4026],[30.379,0.4022],[30.3795,0.4017],[30.3789,0.3986],[30.3788,0.3984],[30.3789,0.3967],[30.3792,0.3959],[30.3809,0.395],[30.382,0.3947],[30.3852,0.3922],[30.3859,0.3907],[30.3867,0.3891],[30.3872,0.3878],[30.3875,0.3861],[30.3876,0.3857],[30.3877,0.3844],[30.3877,0.384],[30.3877,0.3832],[30.3879,0.3829],[30.3885,0.3817],[30.3895,0.3795],[30.3907,0.3763],[30.3909,0.3751],[30.3917,0.3731],[30.3924,0.3721],[30.3927,0.3714],[30.3928,0.3709],[30.3927,0.3695],[30.3919,0.3686],[30.3896,0.3672],[30.389,0.3669],[30.3875,0.3659],[30.3858,0.3644],[30.3854,0.3632],[30.385,0.3628],[30.3832,0.3603],[30.3822,0.3592],[30.3815,0.3585],[30.3795,0.3573],[30.3788,0.3568],[30.3778,0.3559],[30.3778,0.3544],[30.378,0.354],[30.378,0.3539],[30.3787,0.3535],[30.38,0.3531],[30.381,0.3525],[30.3813,0.3522],[30.3818,0.3505],[30.3823,0.3495],[30.3833,0.3484],[30.3838,0.3467],[30.3844,0.3446],[30.3845,0.3443],[30.3841,0.342],[30.3843,0.3396],[30.3841,0.3384],[30.3833,0.335],[30.3832,0.3349],[30.3826,0.3346],[30.3785,0.3348],[30.3788,0.3325],[30.379,0.3319],[30.3795,0.3304],[30.3795,0.33],[30.3781,0.3282],[30.3789,0.3265],[30.3781,0.3255],[30.3781,0.3248],[30.3786,0.3238],[30.3792,0.3233],[30.3801,0.3224],[30.38,0.3212],[30.3795,0.3208],[30.3778,0.3208],[30.3775,0.32],[30.3774,0.3197],[30.3748,0.3161],[30.3745,0.3146],[30.3735,0.3126],[30.3729,0.312],[30.3697,0.31],[30.3695,0.3098],[30.369,0.3082],[30.3692,0.3064],[30.3695,0.3059],[30.3709,0.3045],[30.3712,0.3044],[30.3716,0.3043],[30.3721,0.3039],[30.3723,0.3024],[30.375,0.3003],[30.3761,0.3009],[30.3767,0.3013],[30.3789,0.3021],[30.3825,0.2987],[30.3834,0.2999],[30.3857,0.3013],[30.3859,0.3001],[30.3857,0.2989],[30.3856,0.2986],[30.3862,0.2953],[30.3865,0.2942],[30.3867,0.2934],[30.3871,0.2926],[30.3884,0.29],[30.3887,0.2838],[30.3886,0.2835],[30.3886,0.2833],[30.3887,0.2826],[30.3887,0.2817],[30.3859,0.2772],[30.3858,0.2765],[30.3857,0.2765],[30.3847,0.2763],[30.3843,0.2765],[30.3839,0.2773],[30.3838,0.2774],[30.3832,0.2777],[30.3813,0.278],[30.3797,0.2781],[30.3792,0.2781],[30.3783,0.2784],[30.3772,0.2787],[30.3756,0.2796],[30.3731,0.2808],[30.3727,0.2808],[30.3713,0.2809],[30.3702,0.2804],[30.3694,0.2801],[30.3691,0.2801],[30.3678,0.2806],[30.3675,0.2808],[30.3666,0.2813],[30.3581,0.278],[30.3555,0.2778],[30.3539,0.2778],[30.3505,0.2766],[30.3492,0.2762],[30.3488,0.2765],[30.3463,0.2783],[30.3439,0.2796],[30.3427,0.2804],[30.3381,0.2767],[30.337,0.2757],[30.3362,0.2754],[30.3342,0.2753],[30.3334,0.2755],[30.3329,0.2756],[30.3317,0.2758],[30.3316,0.2758],[30.3305,0.2752],[30.3298,0.2749],[30.3296,0.2751],[30.3293,0.2753],[30.329,0.2755],[30.3287,0.2757],[30.3281,0.276],[30.3279,0.276],[30.3276,0.2759],[30.3273,0.2758],[30.3268,0.2753],[30.3266,0.2752],[30.3254,0.2749],[30.3247,0.2744],[30.3237,0.2741],[30.3228,0.2747],[30.3222,0.2751],[30.3218,0.2752],[30.3211,0.275],[30.3205,0.2748],[30.3201,0.2746],[30.3194,0.2747],[30.3188,0.275],[30.3174,0.2755],[30.3165,0.2755],[30.3164,0.2754],[30.3151,0.2748],[30.3148,0.2748],[30.3139,0.2749],[30.3134,0.2756],[30.3132,0.2758],[30.3131,0.2759],[30.3128,0.2759],[30.3125,0.2757],[30.3121,0.2753],[30.3119,0.2749],[30.3116,0.2743],[30.3105,0.2739],[30.3099,0.2737],[30.3088,0.2731],[30.3084,0.2731],[30.3081,0.2733],[30.3074,0.2738],[30.3072,0.2738],[30.3065,0.2731],[30.3063,0.2718],[30.3062,0.2709],[30.306,0.2701],[30.3057,0.2689],[30.3055,0.2687],[30.3048,0.2682],[30.3043,0.268],[30.3021,0.2681],[30.3012,0.268],[30.2998,0.2678],[30.2947,0.2667],[30.2943,0.2667],[30.2879,0.2611],[30.2907,0.2252],[30.2871,0.2126],[30.2866,0.2118],[30.2861,0.211],[30.2893,0.2068],[30.2925,0.2084],[30.3018,0.2031],[30.3007,0.1968],[30.3154,0.1933],[30.3241,0.1835],[30.3179,0.1825],[30.3284,0.1696],[30.3394,0.1699],[30.3429,0.1603],[30.3608,0.1566],[30.362,0.1514],[30.3785,0.1488],[30.3826,0.1445],[30.4013,0.1505],[30.4142,0.14],[30.4126,0.1437],[30.4169,0.1607],[30.4497,0.1605],[30.4665,0.1348],[30.4771,0.131],[30.4794,0.1264],[30.4757,0.1228],[30.4796,0.1158],[30.4767,0.1149],[30.4766,0.1081],[30.4721,0.1044]]]},"properties":{"name":"Kamwenge District","id":"uCVQXAdKqL9"}},
{"type":"Feature","geometry":{"type":"Polygon","coordinates":[[[29.72368513244855,-0.437982891871089],[29.70997542199401,-0.445590471869204],[29.676768940603182,-0.448881160994506],[29.6519012485749,-0.460830165360393],[29.6546,-0.4695],[29.671,-0.4745],[29.6709,-0.4822],[29.6764,-0.4942],[29.6681,-0.5013],[29.672,-0.505],[29.671,-0.5174],[29.6739,-0.5221],[29.671,-0.5267],[29.6732,-0.5379],[29.66985444421665,-0.541852665951836],[29.6697,-0.553197266568922],[29.678,-0.5566],[29.6831,-0.5655],[29.6689,-0.5913],[29.6625,-0.5959],[29.6493,-0.5954],[29.6575,-0.6194],[29.6632,-0.6244],[29.6511,-0.6411],[29.6487,-0.6491],[29.6509,-0.6571],[29.6445,-0.6635],[29.6407,-0.6732],[29.6356,-0.6755],[29.6375,-0.6782],[29.6346,-0.6944],[29.6258,-0.7055],[29.6276,-0.7164],[29.6246,-0.7186],[29.6246,-0.724],[29.6295,-0.7286],[29.6307,-0.7327],[29.6279,-0.736],[29.6313,-0.7416],[29.6284,-0.7519],[29.631,-0.7716],[29.6298,-0.7764],[29.6267,-0.7773],[29.6294,-0.7877],[29.6256,-0.7926],[29.6324,-0.7968],[29.63,-0.8058],[29.6384,-0.8166],[29.6401,-0.8298],[29.6299,-0.8472],[29.6261,-0.8619],[29.6301,-0.8819],[29.6282,-0.885],[29.6373,-0.8999],[29.5881,-0.9],[29.5817,-0.904],[29.5821,-0.9189],[29.5892,-0.9232],[29.5927,-0.9322],[29.5864,-0.9423],[29.5899,-0.9456],[29.5943,-0.9666],[29.5928,-0.9728],[29.601,-0.9801],[29.597,-0.987],[29.5896,-0.9801],[29.5854,-0.9818],[29.589,-0.9909],[29.5838,-1.0072],[29.5961,-1.0187],[29.5981,-1.0294],[29.6054,-1.026],[29.6148,-1.0274],[29.6183,-1.0332],[29.6226,-1.0317],[29.6486,-1.0484],[29.6586,-1.0475],[29.6573,-1.0535],[29.6601,-1.0559],[29.6689,-1.0554],[29.6729,-1.0591],[29.6801,-1.0546],[29.683,-1.0609],[29.6899,-1.0574],[29.6963,-1.0613],[29.7055,-1.0569],[29.7124,-1.0592],[29.7136,-1.0641],[29.7219,-1.0712],[29.7353,-1.0713],[29.7446,-1.0784],[29.7521,-1.0787],[29.7585,-1.0652],[29.7657,-1.0634],[29.7551,-1.0486],[29.7533,-1.0314],[29.7645,-1.0289],[29.7589,-1.0246],[29.7505,-1.0252],[29.7498,-1.0212],[29.7422,-1.0171],[29.7376,-1.0103],[29.742,-1.0022],[29.7494,-1.0017],[29.7639,-0.9929],[29.7671,-0.9879],[29.7674,-0.9929],[29.7922,-1.0134],[29.7939,-1.0186],[29.7978,-1.0184],[29.8056,-1.03],[29.824,-1.0286],[29.8341,-1.035],[29.8398,-1.0451],[29.8693,-1.0701],[29.8817,-1.0614],[29.8875,-1.0503],[29.9,-1.0465],[29.9002,-1.0413],[29.8931,-1.0251],[29.8853,-1.0191],[29.8912,-1.007],[29.8702,-0.9903],[29.8565,-0.9704],[29.8593,-0.9624],[29.8512,-0.941],[29.8545,-0.9137],[29.8857,-0.8962],[29.8577,-0.8543],[29.8437,-0.844],[29.8438,-0.8327],[29.8379,-0.815],[29.8264,-0.8099],[29.827,-0.8044],[29.8213,-0.7909],[29.8241,-0.7565],[29.8189,-0.7453],[29.8091,-0.7395],[29.8025,-0.7229],[29.8048,-0.7151],[29.8018,-0.7017],[29.805,-0.6963],[29.8017,-0.6923],[29.8052,-0.6871],[29.7968,-0.6803],[29.794,-0.6711],[29.7891,-0.6719],[29.7873,-0.6645],[29.7776,-0.6545],[29.7879,-0.6416],[29.7988,-0.6357],[29.7987,-0.6305],[29.7937,-0.627],[29.7939,-0.6206],[29.7894,-0.6169],[29.7847,-0.6215],[29.7743,-0.6202],[29.7687,-0.63],[29.7538,-0.6212],[29.7454,-0.6223],[29.7371,-0.6094],[29.7408,-0.6029],[29.7346,-0.5981],[29.7299,-0.586],[29.7241,-0.5834],[29.7253,-0.5778],[29.7218,-0.5724],[29.7249,-0.5681],[29.7206,-0.5667],[29.7181,-0.5537],[29.7253,-0.5451],[29.7263,-0.5391],[29.723,-0.5348],[29.7246,-0.5301],[29.7196,-0.5263],[29.7221,-0.5223],[29.7201,-0.5221],[29.7213,-0.5134],[29.7259,-0.5058],[29.7315,-0.5046],[29.7383,-0.4933],[29.7466,-0.4944],[29.7459,-0.4907],[29.7502,-0.4876],[29.7502,-0.4716],[29.7391,-0.465],[29.7358,-0.4527],[29.72368513244855,-0.437982891871089]]]},"properties":{"name":"Kanungu District","id":"aphcy5JTnd6"}},
{"type":"Feature","geometry":{"type":"Polygon","coordinates":[[[34.4476,1.4766],[34.4438,1.4721],[34.446,1.4611],[34.4366,1.4607],[34.4296,1.4649],[34.4268,1.4628],[34.4306,1.4429],[34.409,1.4498],[34.4034,1.4462],[34.3981,1.4345],[34.393,1.4445],[34.3875,1.4471],[34.3826,1.4424],[34.3752,1.4408],[34.3748,1.4326],[34.3602,1.4241],[34.363,1.413],[34.351,1.4072],[34.3503,1.4018],[34.3538,1.3971],[34.3503,1.3929],[34.3407,1.3944],[34.3313,1.3871],[34.3257,1.3887],[34.3234,1.3774],[34.3079,1.3523],[34.3064,1.3372],[34.3189,1.3122],[34.3278,1.3104],[34.33,1.306],[34.3743,1.2952],[34.3882,1.297],[34.399,1.2948],[34.4043,1.2874],[34.4268,1.2768],[34.4389,1.2649],[34.4521,1.2573],[34.4541,1.253],[34.4681,1.248],[34.4747,1.2488],[34.499,1.2355],[34.5146,1.2182],[34.5366,1.18],[34.5391,1.1837],[34.5388,1.1971],[34.5343,1.2231],[34.5427,1.2389],[34.5338,1.2837],[34.5241,1.2949],[34.5222,1.305],[34.5176,1.3087],[34.5106,1.3262],[34.4916,1.3364],[34.4819,1.3513],[34.4839,1.3827],[34.4769,1.3901],[34.477,1.3985],[34.4832,1.4072],[34.4815,1.4087],[34.4868,1.4199],[34.4858,1.4301],[34.4783,1.439],[34.4804,1.4548],[34.4707,1.4584],[34.4635,1.4729],[34.4594,1.4748],[34.4498,1.4723],[34.4476,1.4766]]]},"properties":{"name":"Kapchorwa District","id":"aginheWSLef"}},
{"type":"Feature","geometry":{"type":"MultiPolygon","coordinates":[[[[33.88683943237672,2.271100000000826],[33.88584355273548,2.265366738921422],[33.875958064062495,2.251722200537286],[33.87531057428762,2.246024953159153],[33.878220640761235,2.236841281527501],[33.8804,2.2388],[33.8765,2.2478],[33.8799,2.2484],[33.8786,2.2506],[33.8842,2.256],[33.8856,2.2545],[33.8884,2.26],[33.8857,2.2616],[33.8908,2.2651],[33.8911,2.2689],[33.88683943237672,2.271100000000826]]],[[[33.904413031935334,2.282886968065839],[33.89071302345332,2.275593488274605],[33.897,2.2745],[33.9005,2.2794],[33.9042,2.2792],[33.904413031935334,2.282886968065839]]],[[[33.90569397128609,2.30821894215244],[33.907610871246035,2.297400000007329],[33.911,2.3027],[33.9088,2.3059],[33.90569397128609,2.30821894215244]]],[[[33.91134897201386,2.123100000002456],[33.898487106978344,2.111322805187096],[33.90186425324099,2.106793848113695],[33.89182208127143,2.094636061706163],[33.8781813547085,2.105978604284374],[33.87473323326104,2.11338679237361],[33.859496187553844,2.120716242181955],[33.860673079592814,2.135057994249743],[33.85712982244719,2.150447520999346],[33.84604738456779,2.157019015701018],[33.83732098672403,2.194496393721517],[33.84420935064646,2.207911962990928],[33.83896246263163,2.232153405343743],[33.82380975196467,2.269802273780387],[33.82984420566697,2.287949757408978],[33.83828403190024,2.29949653341626],[33.82943544451429,2.308151044272854],[33.82924803545229,2.316449077568556],[33.83843699350041,2.327389815820552],[33.836545570837316,2.332067545882789],[33.848587398411155,2.336705786873193],[33.851254212453405,2.340991479042049],[33.84932841036162,2.343241760670818],[33.7535,2.403],[33.7484,2.4104],[33.736,2.4175],[33.7074,2.3955],[33.7071,2.3895],[33.6961,2.3862],[33.688,2.3747],[33.6791,2.3714],[33.6726,2.3598],[33.6741,2.3557],[33.659,2.3538],[33.6549,2.3565],[33.6321,2.3584],[33.6327,2.356],[33.6252,2.3513],[33.6239,2.3418],[33.6199,2.3386],[33.6175,2.3402],[33.6169,2.3362],[33.6123,2.3337],[33.6072,2.3364],[33.5945,2.3285],[33.5875,2.3306],[33.5839,2.327],[33.5806,2.3337],[33.5762,2.3325],[33.5713,2.3366],[33.5685,2.3347],[33.5685,2.3413],[33.5609,2.3534],[33.538,2.3574],[33.535,2.3521],[33.5462,2.3293],[33.5439,2.318],[33.5491,2.2917],[33.5481,2.2834],[33.5354,2.2668],[33.5087,2.2513],[33.4917,2.231],[33.4876,2.2325],[33.4895,2.2294],[33.5039,2.2293],[33.521,2.2112],[33.5346,2.2057],[33.5407,2.1987],[33.5584,2.1937],[33.5679,2.1815],[33.5652,2.1744],[33.5668,2.1673],[33.6104,2.1358],[33.6261,2.1603],[33.6288,2.1708],[33.6394,2.1809],[33.6344,2.1877],[33.6364,2.2021],[33.6462,2.2146],[33.661,2.2222],[33.6729,2.1999],[33.6759,2.1756],[33.687,2.1662],[33.691,2.1551],[33.7063,2.1367],[33.7073,2.1185],[33.7124,2.1046],[33.7226,2.0961],[33.7442,2.0933],[33.7482,2.0824],[33.75,2.0617],[33.7471,2.0567],[33.7348,2.0565],[33.7422,2.0431],[33.7437,2.0332],[33.7363,2.0215],[33.7314,2.0053],[33.7522,1.9885],[33.7558,1.9807],[33.7622,1.9845],[33.7786,1.9844],[33.7835,2.0128],[33.7876,2.0165],[33.7895,2.0143],[33.7981,2.0157],[33.8093,2.0221],[33.8221,2.0158],[33.8292,2.0166],[33.8356,2.0114],[33.8434,1.9933],[33.8506,1.9838],[33.8589,1.9788],[33.8944,1.9766],[33.8967,1.9735],[33.8974,1.9787],[33.8891,1.9911],[33.8939,1.9944],[33.8766,2.0066],[33.8825,2.0075],[33.8855,2.0046],[33.8831,2.0151],[33.8979,2.019],[33.8937,2.023],[33.8956,2.0277],[33.8912,2.0288],[33.8929,2.0328],[33.8889,2.0339],[33.8904,2.0367],[33.9,2.0356],[33.9082,2.0544],[33.9012,2.0585],[33.901,2.0547],[33.8979,2.0546],[33.8923,2.0636],[33.8944,2.0665],[33.8861,2.0678],[33.8853,2.0722],[33.8815,2.0707],[33.8871,2.0797],[33.8926,2.0822],[33.8888,2.0844],[33.8885,2.0903],[33.894,2.095],[33.8979,2.0921],[33.9031,2.1014],[33.9071,2.0986],[33.9113,2.1023],[33.9015,2.111],[33.9068,2.1165],[33.9175,2.1193],[33.91134897201386,2.123100000002456]]],[[[33.900063472263454,2.137036527738801],[33.90762163294882,2.126886531813413],[33.911,2.13],[33.9086,2.1341],[33.900063472263454,2.137036527738801]]],[[[33.8991137031957,2.150586296805456],[33.89927835742889,2.139478357430559],[33.8997,2.1465],[33.9037,2.1486],[33.8991137031957,2.150586296805456]]],[[[33.89775120811334,2.158682930633999],[33.899071280713954,2.15260000000534],[33.9012,2.1546],[33.89775120811334,2.158682930633999]]],[[[33.88606587826032,2.187465878262557],[33.88967872664088,2.185352911477159],[33.89393462873801,2.178359731680197],[33.89166333250354,2.170312898012791],[33.89526043080201,2.163060430808283],[33.8999,2.1655],[33.8936,2.1764],[33.8946,2.1772],[33.8926,2.1822],[33.8948,2.1825],[33.8941,2.1864],[33.88606587826032,2.187465878262557]]],[[[33.85267500323874,2.341142046107308],[33.84461869718934,2.329347431074565],[33.84566526506765,2.28844818384553],[33.842311388424804,2.285403581910025],[33.84875464743884,2.243643468753688],[33.8491144253273,2.20643462601261],[33.85271749203043,2.194446938159111],[33.866240502975565,2.177328908240546],[33.86528001055159,2.17137964231026],[33.870764167384905,2.160700622349411],[33.87496036735185,2.135520564403458],[33.88166725333549,2.131677765889425],[33.888088535665716,2.139465570538159],[33.88948873254111,2.15160913307072],[33.883382257614265,2.188500000000486],[33.882352864447306,2.190141406673878],[33.8823,2.190301358464648],[33.8836,2.1944],[33.8815,2.1992],[33.88,2.1996],[33.8803,2.2018],[33.8827,2.2009],[33.8821,2.2055],[33.8853,2.2088],[33.8797,2.2175],[33.8821,2.2222],[33.8793,2.2266],[33.8834,2.2337],[33.8815,2.237],[33.878281841132434,2.236618158869078],[33.87970316778001,2.231436304816833],[33.87798015241097,2.225072270745517],[33.880458594688854,2.207791309969937],[33.879672791728595,2.199961522309961],[33.87996446209495,2.195133836680626],[33.88128057843903,2.191082945712403],[33.87839003846565,2.194757657806792],[33.87444960788961,2.216651876854078],[33.87048827649664,2.258274324823714],[33.875753800101464,2.294215578621677],[33.88663784636772,2.320232549536668],[33.85267500323874,2.341142046107308]]]]},"properties":{"name":"Kapelebyong District","id":"mvN9LBbpf7X"}},
{"type":"Feature","geometry":{"type":"Polygon","coordinates":[[[33.8235,3.3128],[33.8209,3.3169],[33.8231,3.3224],[33.8145,3.3321],[33.8181,3.3446],[33.8149,3.3577],[33.8057,3.3685],[33.8056,3.3723],[33.8008,3.3748],[33.804,3.3888],[33.7994,3.4078],[33.8035,3.4113],[33.8018,3.4143],[33.8086,3.4295],[33.8031,3.449],[33.8072,3.4612],[33.7973,3.4737],[33.8006,3.488],[33.7987,3.4947],[33.8021,3.4998],[33.8093,3.5021],[33.8138,3.511],[33.8363,3.5065],[33.8427,3.5071],[33.8492,3.5124],[33.8657,3.5102],[33.8756,3.5143],[33.8858,3.5055],[33.8938,3.5042],[33.8973,3.5069],[33.8983,3.5037],[33.9119,3.5021],[33.9194,3.5097],[33.9366,3.5114],[33.9375,3.5147],[33.9484,3.5133],[33.9565,3.5192],[33.9729,3.5241],[33.9797,3.5317],[33.9914,3.557],[33.989,3.5902],[33.9836,3.5919],[33.9755,3.5864],[33.9476,3.5913],[33.9364,3.6024],[33.9395,3.6055],[33.9197,3.6182],[33.9363,3.6295],[33.9443,3.6392],[33.9455,3.6454],[33.9592,3.6571],[33.9775,3.6659],[33.9805,3.67],[33.9779,3.677],[33.9805,3.6897],[34.0028,3.6997],[34.0057,3.7447],[34.0011,3.7614],[34.0033,3.7588],[34.0128,3.7815],[34.0072,3.7874],[34.0085,3.8221],[34.0041,3.8425],[34.0059,3.855],[34.0092,3.8551],[33.8613,4.1033],[33.5153,3.7522],[33.5107,3.752],[33.6025,3.5912],[33.6322,3.5674],[33.6225,3.532],[33.6387,3.5126],[33.6467,3.4955],[33.644,3.4813],[33.6513,3.4755],[33.6654,3.477],[33.685,3.4515],[33.6993,3.4446],[33.7111,3.4231],[33.7211,3.4181],[33.7221,3.4052],[33.7327,3.3929],[33.7318,3.3879],[33.7394,3.383],[33.7424,3.3766],[33.7405,3.3615],[33.8235,3.3128]],[[33.73784719612459,3.677472304014916],[33.72700358784857,3.67883477618261],[33.71668352655061,3.696630875326012],[33.69976090269718,3.710208162433747],[33.70469883658828,3.731351528870333],[33.7124634486736,3.728594065751483],[33.71913144068512,3.7200303348007],[33.72341298292483,3.702391794321002],[33.735222882586015,3.688340654540749],[33.73784719612459,3.677472304014916]]]},"properties":{"name":"Karenga District","id":"Hmh5JQLls1d"}},
{"type":"Feature","geometry":{"type":"MultiPolygon","coordinates":[[[[30.18423862875214,-0.072100000001309],[30.15966082120668,-0.07172875274614],[30.157716313996097,-0.073692673505513],[30.1599,-0.0759],[30.1663,-0.0728],[30.18423862875214,-0.072100000001309]]],[[[30.218281951475465,-0.07548036525721],[30.19857403526897,-0.077234354292311],[30.182991540152216,-0.085691540153776],[30.1845,-0.0885],[30.2021,-0.0781],[30.216,-0.0784],[30.218281951475465,-0.07548036525721]]],[[[29.9132,0.4361],[29.8726,0.3852],[29.8236,0.172],[29.8153,0.1631],[29.7894,0.1695],[29.7848,0.1653],[29.7818,0.168],[29.7732,0.1627],[29.7699,0.1639],[29.7673,0.1482],[29.7499,0.1315],[29.7447,0.1312],[29.7428,0.1263],[29.7355,0.1244],[29.7399,0.12],[29.7341,0.1093],[29.7351,0.0888],[29.7299,0.0799],[29.7172,0.0736],[29.7213,0.0628],[29.7166,0.0535],[29.7198,0.0411],[29.7158,0.0348],[29.7216,0.0309],[29.7211,0.0215],[29.7281,0.0171],[29.723,0.0114],[29.7288,0.0074],[29.7254,-0.0038],[29.7292,-0.0046],[29.7324,-0.0105],[29.7323,-0.021],[29.7413,-0.0232],[29.7444,-0.028],[29.7382,-0.0377],[29.7322,-0.0367],[29.7281,-0.0405],[29.7305,-0.0489],[29.725,-0.0661],[29.727176506869224,-0.076240958786204],[29.745304657761373,-0.076307591536554],[29.754485238230753,-0.081050460550853],[29.785066776748767,-0.128891573361978],[29.804136470790286,-0.116392115191764],[29.80981969048842,-0.116546327976235],[29.81775969291655,-0.138741973843651],[29.81691448827569,-0.147431856317291],[29.81266389583487,-0.152336283833035],[29.82815752951694,-0.170161406826379],[29.83856698077601,-0.172954465178321],[29.8457546016782,-0.166487674102922],[29.85567837159678,-0.165233600882913],[29.87226491208013,-0.148704485585396],[29.86319841244111,-0.144683207600455],[29.865466300181307,-0.138088932469185],[29.883441872504307,-0.146013993641283],[29.892637791250568,-0.142094554459845],[29.902623452362196,-0.14550172653228],[29.90526092135691,-0.141780070903178],[29.911437999676885,-0.141690561244592],[29.911684708699102,-0.154320245266514],[29.903059938987493,-0.167427331649478],[29.899511297599652,-0.180426664299223],[29.89630894181571,-0.183271809226004],[29.892799001730634,-0.175176801351213],[29.885526883294947,-0.18330605871005],[29.885255423576798,-0.205547368067875],[29.902217914882282,-0.194944772632939],[29.89975489524212,-0.184230012738942],[29.90455110091179,-0.178629758344858],[29.91763919469552,-0.175903666182425],[29.924965821619196,-0.170719254302057],[29.944945552054786,-0.180904196512473],[29.95304718840685,-0.181944529363653],[29.958259992289538,-0.167914867077488],[29.984455577475924,-0.166708306503474],[30.00525689039321,-0.139073824945508],[30.01903143706121,-0.132290305513175],[30.03095631335755,-0.131903237367312],[30.040926319143228,-0.127142899843124],[30.055760113023926,-0.106498970066506],[30.064766824418523,-0.104774081098362],[30.078058496977544,-0.108624443936742],[30.079870793652226,-0.097339297790173],[30.090319025050622,-0.086904123203648],[30.102329709162063,-0.095886507207523],[30.11509464974126,-0.088405975788722],[30.12188778834662,-0.077545445993548],[30.133203967523723,-0.072666825781891],[30.143401945286197,-0.072378324827196],[30.149291006772128,-0.067942001462793],[30.149688936681567,-0.061860766622018],[30.155064109284876,-0.063315867374434],[30.153921036431697,-0.043951487362506],[30.147726724211225,-0.027343026408544],[30.150016889160526,-0.020701585942015],[30.14329642202207,-0.01386121603509],[30.130709203731442,-0.012460499014803],[30.13184759766503,-0.004264946650352],[30.13662688068858,-0.002502955907893],[30.134820005885942,0.004373388935255],[30.137604851750215,0.013228630316348],[30.12865133185007,0.02753232171669],[30.123219288134045,0.026791251302435],[30.119114442628742,0.02178531960048],[30.114559325744985,0.022508093061679],[30.09565184602448,0.00905368541172],[30.086950455144073,0.013101538784571],[30.078773540109303,0.032374117063798],[30.07057621211412,0.035843476719472],[30.06106215716444,0.030123803239242],[30.052922927525746,0.019940835319943],[30.042190165160527,0.017320439284738],[30.0280224156367,0.025722824637164],[30.032502761952557,0.033990046177565],[30.043256326409946,0.039547019325658],[30.050722766836607,0.049585449108127],[30.055973292015967,0.066038951916872],[30.081486856201966,0.061378150027598],[30.086692043084167,0.047987762961985],[30.08114221665133,0.037641880541767],[30.082312061763535,0.027648649835121],[30.087280341540463,0.036377110798789],[30.094828325849473,0.038428438865676],[30.103751878064696,0.045955465037595],[30.136695686709654,0.057983642566826],[30.138059285162978,0.062781803187308],[30.14286965805096,0.058733944124697],[30.159113610599395,0.071358237618423],[30.1750992078002,0.073311058429883],[30.19182037184965,0.087083554939718],[30.195218385472778,0.084165051888656],[30.20428234195069,0.087120634106143],[30.211713193352097,0.079566649584728],[30.22104713411038,0.082522253031313],[30.22323580108328,0.077841438289404],[30.242409798212574,0.075981132018938],[30.23982006178192,0.070459513278543],[30.23256405039372,0.072654995500002],[30.230817480587515,0.067865448606412],[30.241196721337595,0.061648757272535],[30.24557824267505,0.064820899297598],[30.24939736827515,0.053787151508643],[30.251715659834773,0.062245736571046],[30.254733509394413,0.057500528184123],[30.2588,0.0788],[30.2641,0.0862],[30.2703,0.1121],[30.2666,0.1148],[30.2638,0.1347],[30.2651,0.1541],[30.2683,0.1573],[30.2658,0.1813],[30.2861,0.211],[30.2866,0.2118],[30.2871,0.2126],[30.2907,0.2252],[30.2879,0.2611],[30.2943,0.2667],[30.2941,0.2669],[30.2939,0.2676],[30.2938,0.2685],[30.2935,0.2696],[30.2933,0.271],[30.2925,0.2712],[30.2926,0.2729],[30.2933,0.2734],[30.2934,0.2741],[30.2934,0.2744],[30.2938,0.2749],[30.2939,0.2757],[30.2938,0.2773],[30.2942,0.2782],[30.2939,0.279],[30.2944,0.2796],[30.2945,0.2801],[30.2948,0.2813],[30.2954,0.2821],[30.2954,0.2823],[30.2967,0.2831],[30.2971,0.2844],[30.2976,0.2852],[30.2973,0.2865],[30.2971,0.2878],[30.2966,0.2888],[30.2951,0.2896],[30.2942,0.2897],[30.2946,0.2903],[30.2954,0.291],[30.2955,0.2913],[30.295,0.2912],[30.2942,0.2908],[30.2941,0.2917],[30.2941,0.2925],[30.2945,0.2931],[30.2951,0.2931],[30.2956,0.2926],[30.2958,0.293],[30.294,0.2942],[30.2933,0.2942],[30.293,0.2946],[30.2939,0.2947],[30.2941,0.2956],[30.2946,0.2958],[30.294,0.2963],[30.2936,0.2958],[30.2934,0.2955],[30.2934,0.2965],[30.2933,0.2966],[30.2931,0.2981],[30.2926,0.2993],[30.292,0.2993],[30.291,0.2994],[30.2916,0.3019],[30.2913,0.3028],[30.2915,0.3028],[30.2924,0.3023],[30.2929,0.3024],[30.2929,0.3029],[30.2924,0.3036],[30.2932,0.3042],[30.2927,0.3048],[30.2934,0.3052],[30.294,0.3063],[30.2937,0.3067],[30.2932,0.3076],[30.2935,0.3083],[30.2934,0.3098],[30.2934,0.3109],[30.293,0.3114],[30.293,0.3122],[30.2928,0.3123],[30.2926,0.3134],[30.2924,0.314],[30.2921,0.3144],[30.2914,0.3143],[30.2908,0.3144],[30.2907,0.3147],[30.2908,0.3151],[30.2903,0.3161],[30.2899,0.3164],[30.2892,0.3172],[30.2891,0.3182],[30.289,0.3188],[30.2886,0.319],[30.288,0.3196],[30.2878,0.3199],[30.2866,0.3208],[30.2864,0.3219],[30.286,0.3219],[30.2856,0.3215],[30.2846,0.3216],[30.2848,0.3223],[30.2849,0.323],[30.2839,0.3243],[30.2839,0.3247],[30.2835,0.3253],[30.2826,0.3258],[30.2831,0.328],[30.2835,0.3297],[30.2845,0.3319],[30.2843,0.3324],[30.2836,0.3325],[30.2828,0.3326],[30.2822,0.3335],[30.2824,0.3348],[30.2827,0.3366],[30.2825,0.3372],[30.282,0.3378],[30.2824,0.3384],[30.283,0.3394],[30.2829,0.3395],[30.2731,0.3361],[30.2573,0.3368],[30.239,0.3423],[30.2287,0.3536],[30.2193,0.356],[30.2147,0.3711],[30.201,0.3755],[30.1891,0.3869],[30.1806,0.3872],[30.179,0.3897],[30.1837,0.4036],[30.1763,0.4246],[30.1635,0.4337],[30.1544,0.4498],[30.1397,0.4574],[30.1372,0.4703],[30.1281,0.4819],[30.1164,0.4775],[30.1118,0.4804],[30.0972,0.4719],[30.0885,0.4752],[30.0817,0.4697],[30.0682,0.4732],[30.0655,0.466],[30.0583,0.4661],[30.051,0.4597],[30.0453,0.4596],[30.0381,0.4547],[30.0323,0.4415],[30.0197,0.4323],[30.0072,0.4306],[30.0012,0.4265],[29.9936,0.4305],[29.9899,0.4267],[29.9817,0.4256],[29.9686,0.4111],[29.9518,0.4004],[29.9349,0.4086],[29.9299,0.4178],[29.917,0.4211],[29.9132,0.4361]]],[[[30.16317727989902,-0.000623494472413],[30.15183771113932,-0.000478911306097],[30.14254647715503,-0.005403521342114],[30.15409046562383,-0.016427593740254],[30.166093939219955,-0.005593392145249],[30.16317727989902,-0.000623494472413]]],[[[30.170888604835135,-0.063705296955768],[30.1734265516614,-0.057172241410136],[30.179005042906475,-0.058943627900828],[30.18090385434928,-0.055880422214172],[30.17156843147017,-0.040455146573644],[30.176967626188,-0.036136003741295],[30.180944496322688,-0.02373833677373],[30.17771590223634,-0.013337528418289],[30.172398723989602,-0.01546097961735],[30.169262872504426,-0.011991036871369],[30.158484270403054,-0.026033046783511],[30.162220261819183,-0.040075299669439],[30.161291397478802,-0.062828259894508],[30.170888604835135,-0.063705296955768]]]]},"properties":{"name":"Kasese District","id":"aa8xVDzSpte"}},
{"type":"Feature","geometry":{"type":"Polygon","coordinates":[[[31.729779572343087,0.243420427659149],[31.827501067113452,0.356281703167025],[31.843636243493233,0.384529179093618],[31.857106701654118,0.396504276286258],[31.91547058488211,0.422333632877092],[31.95801912829242,0.427762953966468],[31.9521,0.4528],[31.9352,0.4747],[31.9349,0.4878],[31.9294,0.4973],[31.9297,0.5088],[31.9184,0.5171],[31.9191,0.5284],[31.9144,0.5335],[31.9196,0.5421],[31.9184,0.5522],[31.9143,0.5581],[31.9148,0.5689],[31.9049,0.5726],[31.8984,0.5814],[31.8804,0.592],[31.9002,0.6114],[31.9032,0.6208],[31.9096,0.6226],[31.9087,0.6377],[31.9174,0.6514],[31.9229,0.6551],[31.9144,0.6737],[31.9043,0.6858],[31.9028,0.6905],[31.9056,0.6965],[31.8937,0.7002],[31.8893,0.7107],[31.9134,0.7357],[31.9111,0.743],[31.899,0.7486],[31.8833,0.7459],[31.8718,0.7551],[31.8653,0.7534],[31.8567,0.7664],[31.8381,0.7736],[31.8233,0.7739],[31.8036,0.7808],[31.7873,0.7772],[31.7809,0.7914],[31.7742,0.7987],[31.7653,0.8027],[31.7476,0.8036],[31.7337,0.7983],[31.7009,0.7941],[31.6975,0.8036],[31.6893,0.8091],[31.6831,0.808],[31.6787,0.8147],[31.6727,0.8152],[31.665,0.8212],[31.6546,0.8158],[31.6587,0.8051],[31.6567,0.7947],[31.6375,0.7745],[31.636,0.7607],[31.6193,0.7626],[31.6106,0.7576],[31.6053,0.7501],[31.594,0.7504],[31.5876,0.7458],[31.5822,0.7326],[31.5823,0.7223],[31.5916,0.7149],[31.6043,0.7111],[31.606,0.699],[31.6007,0.6948],[31.5817,0.6976],[31.5778,0.6859],[31.5778,0.6578],[31.574,0.6483],[31.579,0.6449],[31.5633,0.637],[31.5645,0.6319],[31.5716,0.6327],[31.5778,0.62],[31.5723,0.6001],[31.5721,0.5869],[31.6083,0.5382],[31.6177,0.4811],[31.6279,0.4682],[31.6293,0.4614],[31.6242,0.4362],[31.6157,0.4283],[31.6003,0.3973],[31.5703,0.3677],[31.5816,0.3601],[31.5905,0.3475],[31.606,0.3337],[31.6118,0.3308],[31.6171,0.3346],[31.6283,0.3325],[31.6413,0.3148],[31.6431,0.3066],[31.6559,0.2954],[31.6854,0.2923],[31.6997,0.2852],[31.7205,0.265],[31.729779572343087,0.243420427659149]]]},"properties":{"name":"Kassanda District","id":"Pvl4FVXO0RD"}},
{"type":"Feature","geometry":{"type":"Polygon","coordinates":[[[33.88422525675437,2.188825256756262],[33.8853,2.188001244665742],[33.88606587826032,2.187465878262557],[33.8941,2.1864],[33.8948,2.1825],[33.8926,2.1822],[33.8946,2.1772],[33.8936,2.1764],[33.8999,2.1655],[33.89526043080201,2.163060430808283],[33.89775120811334,2.158682930633999],[33.9012,2.1546],[33.899071280713954,2.15260000000534],[33.8991137031957,2.150586296805456],[33.9037,2.1486],[33.8997,2.1465],[33.89927835742889,2.139478357430559],[33.89945808955295,2.138919363189908],[33.90002620987747,2.137152419760594],[33.900063472263454,2.137036527738801],[33.9086,2.1341],[33.911,2.13],[33.90762163294882,2.126886531813413],[33.90978668472017,2.125000000000804],[33.910862541990674,2.124062541992949],[33.91134897201386,2.123100000002456],[33.9175,2.1193],[33.9068,2.1165],[33.9015,2.111],[33.9113,2.1023],[33.9071,2.0986],[33.9031,2.1014],[33.8979,2.0921],[33.894,2.095],[33.8885,2.0903],[33.8888,2.0844],[33.8926,2.0822],[33.8871,2.0797],[33.8815,2.0707],[33.8853,2.0722],[33.8861,2.0678],[33.8944,2.0665],[33.8923,2.0636],[33.8979,2.0546],[33.901,2.0547],[33.9012,2.0585],[33.9082,2.0544],[33.9,2.0356],[33.8904,2.0367],[33.8889,2.0339],[33.8929,2.0328],[33.8912,2.0288],[33.8956,2.0277],[33.8937,2.023],[33.8979,2.019],[33.8831,2.0151],[33.8855,2.0046],[33.8825,2.0075],[33.8766,2.0066],[33.8939,1.9944],[33.8891,1.9911],[33.8974,1.9787],[33.8967,1.9735],[33.8944,1.9766],[33.8914,1.9659],[33.8872,1.9668],[33.8868,1.9636],[33.8978,1.9533],[33.9017,1.9452],[33.8988,1.945],[33.8955,1.9517],[33.8903,1.9526],[33.8882,1.9452],[33.8942,1.9304],[33.891,1.9308],[33.8843,1.9234],[33.8846,1.9203],[33.8909,1.9178],[33.8993,1.9081],[33.8956,1.9083],[33.8825,1.8969],[33.8809,1.9004],[33.8783,1.896],[33.8756,1.8972],[33.8642,1.8897],[33.8585,1.8806],[33.8575,1.8882],[33.8558,1.8835],[33.8519,1.8821],[33.8456,1.8853],[33.8474,1.8718],[33.8429,1.8706],[33.85,1.8659],[33.8471,1.8605],[33.855,1.8556],[33.8542,1.851],[33.8633,1.8355],[33.8713,1.8314],[33.8662,1.8062],[33.8719,1.8069],[33.8688,1.8037],[33.8712,1.7993],[33.8717,1.7711],[33.8582,1.7542],[33.8279,1.7383],[33.8154,1.7272],[33.8106,1.7153],[33.8104,1.714],[33.8114,1.7106],[33.8139,1.7105],[33.8144,1.7107],[33.8146,1.7068],[33.8145,1.7063],[33.8142,1.7049],[33.8133,1.7028],[33.8127,1.7019],[33.8116,1.7011],[33.8047,1.7003],[33.8031,1.7007],[33.8015,1.7008],[33.8004,1.7006],[33.7994,1.7002],[33.7986,1.6993],[33.7985,1.6988],[33.7987,1.698],[33.7993,1.6971],[33.8011,1.6955],[33.802,1.6952],[33.8028,1.6951],[33.803,1.6951],[33.8035,1.6952],[33.8039,1.6953],[33.805,1.6954],[33.8074,1.6959],[33.8095,1.6968],[33.8112,1.6977],[33.8122,1.6978],[33.8134,1.6977],[33.8145,1.6976],[33.8154,1.6969],[33.8159,1.6955],[33.8159,1.6947],[33.8158,1.6936],[33.8149,1.6908],[33.8117,1.6798],[33.8117,1.6795],[33.8118,1.6789],[33.82242197667804,1.681700000032902],[33.82463242894508,1.686878953243734],[33.8381431270616,1.689015413343981],[33.860613575704164,1.704934209234424],[33.86791719771431,1.698817381991026],[33.87522681446963,1.698652929669617],[33.8821051204529,1.691493990321184],[33.891104249213825,1.707471545799027],[33.896316386704626,1.709565829014036],[33.904989388043596,1.70415358211528],[33.89611463209821,1.692409106009351],[33.89314968642539,1.682375496679151],[33.89756504981882,1.679556722464712],[33.90592238391144,1.683083930917297],[33.90679941048806,1.674530436135815],[33.91374693182827,1.666851308360909],[33.92130405227169,1.66657440500511],[33.92965850348323,1.679653006961526],[33.9401345616471,1.672705998414499],[33.937458860479424,1.663872717425985],[33.94335314445844,1.654629113513354],[33.97788839333569,1.65778598965393],[33.984296582686774,1.666944308209067],[33.980863296735,1.672662760687809],[33.98156876771967,1.677937862616747],[34.004767087324176,1.682245117337581],[34.011264399270274,1.700320938902783],[34.03470461646863,1.715423890470336],[34.04883608235499,1.734537363197189],[34.05068713082463,1.727047336702935],[34.048251593266045,1.703300307016848],[34.03913739166652,1.679538441698574],[34.0745119950043,1.653431575393571],[34.08965110304077,1.651722418253735],[34.09256050625949,1.645406642701592],[34.137753023101055,1.643502349850129],[34.14913540615412,1.677359573578617],[34.15553479973134,1.68113025217867],[34.16718139628021,1.682083502279328],[34.195601074429426,1.675174270657299],[34.208182273351795,1.653022687412236],[34.2222,1.641117879720733],[34.2222,1.6402],[34.22220675625727,1.641112100489716],[34.2223,1.6537],[34.2228,1.8801],[34.2231,1.9836],[34.212,2.1187],[33.9088,2.3059],[33.911,2.3027],[33.907610871246035,2.297400000007329],[33.90871674909387,2.291208304740141],[33.904413031935334,2.282886968065839],[33.9042,2.2792],[33.9005,2.2794],[33.897,2.2745],[33.89071302345332,2.275593488274605],[33.890066918839295,2.275166162328315],[33.88811522613267,2.272784773868676],[33.8875,2.271972325852698],[33.88714233173207,2.271500000000844],[33.88683943237672,2.271100000000826],[33.8911,2.2689],[33.8908,2.2651],[33.8857,2.2616],[33.8884,2.26],[33.8856,2.2545],[33.8842,2.256],[33.8786,2.2506],[33.8799,2.2484],[33.8765,2.2478],[33.8804,2.2388],[33.878220640761235,2.236841281527501],[33.878281841132434,2.236618158869078],[33.8815,2.237],[33.8834,2.2337],[33.8793,2.2266],[33.8821,2.2222],[33.8797,2.2175],[33.8853,2.2088],[33.8821,2.2055],[33.8827,2.2009],[33.8803,2.2018],[33.88,2.1996],[33.8815,2.1992],[33.8836,2.1944],[33.8823,2.190301358464648],[33.88422525675437,2.188825256756262]],[[34.0615596201174,1.763058850944325],[34.05684000250238,1.774679598526455],[34.056644679347244,1.786864524612388],[34.07460531587885,1.76666137498591],[34.07150994012565,1.763350208737967],[34.0615596201174,1.763058850944325]],[[34.137693712558054,2.038908873411059],[34.140486563648025,2.036712528383036],[34.12641671991197,2.017903152525137],[34.10407402291478,2.002863149656643],[34.10209142109785,1.991616384740668],[34.10703062128179,1.958606555102496],[34.103578567939415,1.953778819161158],[34.08333224370907,1.955252371503087],[34.065830251040715,1.947203414078187],[34.063910944807496,1.941133594203164],[34.0660955236895,1.931134802570887],[34.07181546290012,1.928272767722481],[34.063378713896256,1.920152273532259],[34.05930505572024,1.921116767088773],[34.040839276517275,1.912137310663614],[34.035300219260925,1.90565234822535],[34.03527382671328,1.898138189265599],[34.061169211718564,1.895138745624979],[34.037284727544545,1.885694581807145],[34.0322865878669,1.878667899666945],[34.03282228288605,1.871381237753723],[34.03850689367251,1.864852784444216],[34.063242665117116,1.866558580160812],[34.06092409850925,1.858564191149363],[34.04586873814961,1.84409189995212],[34.054260938482635,1.825189641722775],[34.06233623700655,1.824686501647293],[34.08440245501706,1.841323930436447],[34.09433615724189,1.844174242125549],[34.10230007463772,1.843512365948624],[34.11089271675745,1.833821794293479],[34.10741648893691,1.830079962884274],[34.08589438163224,1.829535767453959],[34.07536968307932,1.820052723641205],[34.073928536193776,1.802894317359121],[34.05589745411744,1.792812209759021],[34.05595896973254,1.811817430574149],[34.045563158660535,1.831666106121153],[34.04651499121945,1.837529990415366],[34.04273008948746,1.840124662522254],[34.04049296056321,1.853065597425684],[34.03144086995075,1.85732327195868],[34.02499943094508,1.869757334316604],[34.02401371063588,1.877178549859509],[34.02687908333604,1.882571522304229],[34.02371491717695,1.897569857826535],[34.030463757040366,1.913661313742288],[34.031355879182776,1.930246419944867],[34.05659040524221,1.948994936054443],[34.05938304545303,1.954389187205932],[34.064139920741596,1.954125251889669],[34.06832869561586,1.960055943918624],[34.07382933258144,1.961252361791562],[34.07754515419916,1.969112564417749],[34.085270140383734,1.965594447379841],[34.09816744021434,1.985365727859465],[34.09555050516972,2.002132539860263],[34.121328244388856,2.019798886385547],[34.137693712558054,2.038908873411059]]]},"properties":{"name":"Katakwi District","id":"cSrCFjPKqcG"}},
{"type":"Feature","geometry":{"type":"MultiPolygon","coordinates":[[[[33.0763,0.5609],[33.07554965076356,0.56355874089005],[33.075,0.5642],[33.0737,0.566],[33.0731,0.5667],[33.073,0.5677],[33.0724,0.5703],[33.0719,0.572],[33.0718,0.5722],[33.0719,0.5733],[33.0719,0.5754],[33.0719,0.5755],[33.0718,0.5775],[33.072240817053945,0.580677548842215],[33.0686,0.5826],[33.0672,0.584],[33.0664,0.585],[33.0654,0.5857],[33.0624,0.5879],[33.0571,0.5914],[33.0569,0.5919],[33.0568,0.5925],[33.0563,0.5933],[33.0555,0.5944],[33.0541,0.5946],[33.0532,0.5947],[33.0519,0.5947],[33.0516,0.5948],[33.0503,0.597],[33.0509,0.6002],[33.05102818504234,0.602038416369318],[33.0526,0.6154],[33.052,0.6167],[33.0518,0.6172],[33.0514,0.6181],[33.0517,0.6193],[33.052404240028594,0.620945088056486],[33.0522,0.6264],[33.0511,0.6281],[33.051,0.6282],[33.0504,0.6288],[33.049,0.6335],[33.0488,0.634],[33.0471,0.6358],[33.0465,0.6364],[33.0456,0.6371],[33.0448,0.6377],[33.0441,0.6387],[33.0441,0.6388],[33.0439,0.6392],[33.0439,0.6394],[33.044,0.6409],[33.0443,0.6421],[33.0437,0.6472],[33.0435,0.6481],[33.044,0.649],[33.04988128732924,0.675227591595669],[33.056066081214986,0.682474408322061],[33.05736213546067,0.700265373205536],[33.05386532651806,0.708920352113389],[33.05131633201791,0.721255383440068],[33.04817792357711,0.732185282387425],[33.04735028759788,0.737328262127504],[33.05156429844351,0.742035701572542],[33.05040909067738,0.747190908095032],[33.05019496678159,0.751050332195062],[33.04749370590822,0.762808670671157],[33.047639110057226,0.766156557430035],[33.041,0.7729],[33.04215301933872,0.777834227086611],[33.04337754242106,0.782283686384772],[33.0382,0.791095109000787],[33.03766718328633,0.796830491991805],[33.0375,0.798344550016153],[33.037423669416,0.799005322343211],[33.037251771964655,0.799807087868642],[33.032248401066795,0.821730596386393],[33.0314,0.825759398792118],[33.031300942904394,0.826098114191305],[33.031283396206376,0.826158113287452],[33.03119628467764,0.826463003660292],[33.0278,0.8331],[33.0141,0.8424],[33.01021623522214,0.85042729317919],[33.008408046243,0.861064942260041],[33.00600912331339,0.864809004539375],[33.00275840463869,0.869726641138829],[33.00347924005677,0.876180665002252],[33.00290217682554,0.877089115873753],[32.977028467757634,0.899255517000344],[32.96384539274336,0.914581517313746],[32.959687960632834,0.937194320210594],[32.946418635053575,0.939712113803177],[32.94426002496548,0.945945093571401],[32.94645988061332,0.960737155980793],[32.94175271728394,0.97602613863648],[32.939014914448286,1.012240094570676],[32.92889648814106,1.026576147232028],[32.92886933777902,1.034952229022347],[32.93780330574885,1.064392542836141],[32.93191730892929,1.080560747109981],[32.931206395478185,1.09266032967664],[32.93618406844293,1.101905341383995],[32.955278478214304,1.122554969601823],[32.95580798329952,1.139229389361205],[32.962576666827864,1.156639836224048],[32.95819269296068,1.181204253000989],[32.96046164225053,1.189746608158761],[32.95841345264699,1.203613242165039],[32.9394,1.2099],[32.9354,1.2226],[32.935782987775774,1.228912865674943],[32.9358,1.229190088534925],[32.935,1.2366],[32.92268562003049,1.255915747598767],[32.918596599081816,1.261503968767767],[32.9175861250134,1.262682854445835],[32.91407035237597,1.267487518109986],[32.8948,1.3],[32.86568139933915,1.331134142172596],[32.86391103131228,1.320838086784545],[32.8734852956896,1.309001408372504],[32.88267800810011,1.303011166695532],[32.883021738506336,1.299089483544746],[32.86333187727314,1.303824719684701],[32.84922522310406,1.323499665139149],[32.85022520437652,1.343018566771295],[32.84294993797023,1.359571426324817],[32.84243118599632,1.371056565171257],[32.838033878119695,1.377466511592113],[32.840197726811354,1.386508512271019],[32.836788253045505,1.398629295410702],[32.82949178566542,1.405131744823439],[32.819575145323434,1.407986804917946],[32.79957101783695,1.407022199068618],[32.79686935125008,1.411140702461519],[32.78965688473849,1.412933098848753],[32.78929388135058,1.422876500211608],[32.77920851595133,1.426458803823311],[32.76945425840219,1.419464085308204],[32.73734858205616,1.419646389843374],[32.71499072469352,1.404594080918346],[32.716791159145885,1.390168057386669],[32.733650661938505,1.401551926221055],[32.742845312323155,1.404345425081691],[32.747775576571215,1.39747435636893],[32.75089725955236,1.382709985935927],[32.75637585229571,1.380764849193671],[32.765198599087455,1.391486655733073],[32.76572831302306,1.398110660906643],[32.76975384500464,1.392363271027934],[32.80482698563152,1.393603943655705],[32.77318612310071,1.388934721228907],[32.767386195631914,1.384660206975057],[32.775530025653886,1.380589195608341],[32.77311016233259,1.37533141629235],[32.78527125408185,1.378053775772168],[32.78693448300804,1.369289169711851],[32.77682012992743,1.360829118082881],[32.772539586871524,1.345754964074686],[32.77319265639789,1.337119762637671],[32.77970932677311,1.332531734484549],[32.77755649337147,1.325640120788354],[32.78281841029116,1.319872718160305],[32.78426956403598,1.300358879347798],[32.78925087857999,1.29681449459584],[32.80601757792956,1.263062093449171],[32.80639035667231,1.232021396865661],[32.81512133776334,1.22671780285727],[32.81691435089844,1.222002908671673],[32.806274970056684,1.211537067868233],[32.80444551122888,1.199433733682118],[32.806714156822814,1.173206279211274],[32.81857964707011,1.159815764156201],[32.8155914103951,1.139672477700463],[32.821381416707766,1.134643431167194],[32.82295167174303,1.128619200829069],[32.81215741328957,1.124109323563536],[32.808174160049994,1.115164747177872],[32.809478115160026,1.096332741385462],[32.80121043312706,1.07643395718654],[32.80439826394055,1.057299274981218],[32.81123386675192,1.051573932918882],[32.80489529077752,1.045882549965816],[32.801358848435875,1.048339497462599],[32.79222604380323,1.030628111893841],[32.79629942967362,1.029429901886415],[32.7957671150325,1.016875143937428],[32.80028062370245,1.006388840327009],[32.792741585651584,0.984136995536242],[32.80505120263363,0.974809761063218],[32.79580603228899,0.973222834421902],[32.7952888403132,0.960865983433046],[32.799472580347235,0.958601880531767],[32.804000489182265,0.94952776743964],[32.80391429686872,0.938866726134192],[32.81941432302703,0.925552567225535],[32.81925596787921,0.913267814018052],[32.82576943038211,0.905564688185422],[32.82211210080423,0.896653536209781],[32.81536580592389,0.898881649329408],[32.80885144936947,0.912835549276352],[32.79826690082743,0.912430386307438],[32.80023863105944,0.896537613861212],[32.810652197458396,0.883756114137661],[32.81069540097342,0.873590973795466],[32.82205491839275,0.85856348643429],[32.8209600422584,0.8538280483353],[32.81219037375613,0.858113193835702],[32.81486019000631,0.848299607434982],[32.82474839917303,0.840361390544931],[32.82697197368751,0.828193783323756],[32.840736899639225,0.819326353186129],[32.844992968340065,0.82280773787713],[32.84229869858821,0.814221215765626],[32.85458405077954,0.802900440512859],[32.85519896300665,0.791869299433318],[32.85228090006928,0.789353207634234],[32.837437434695985,0.802315676790595],[32.829593160519934,0.804219237351882],[32.843978999219026,0.779621440300676],[32.858987387900285,0.770113575636558],[32.86001755901126,0.762203185592787],[32.86544194957737,0.757467395136569],[32.872724325952795,0.739003540431965],[32.86960164761064,0.732608722110153],[32.88701203657099,0.72131451546754],[32.89006036036413,0.713855106047413],[32.88008799383769,0.713044275462162],[32.88228026645134,0.705729040633906],[32.91170607975675,0.695561108851754],[32.90568553976698,0.686875594995589],[32.877757490027946,0.689611194770348],[32.87801020194729,0.680798867785873],[32.88378273133636,0.675863153403203],[32.89529518075993,0.679002542397986],[32.907620311544086,0.674319974940293],[32.91216297118675,0.66795161522944],[32.9244566253621,0.66205157189675],[32.92817526633774,0.652905095432359],[32.939066605932105,0.643640808132526],[32.938596252749726,0.637245777033225],[32.946967666793405,0.634358651464483],[32.95170355260617,0.618510656519015],[32.96222181346211,0.608344120264565],[32.96473183233303,0.600785399393424],[32.974012285900365,0.599097564330619],[32.98074010445742,0.590230669509308],[32.987093290566136,0.561998150911037],[32.98509342512179,0.554324400270643],[32.9952,0.5501],[33.006,0.5397],[33.022,0.5303],[33.0364,0.5077],[33.0467,0.5037],[33.0533,0.5046],[33.0618,0.5111],[33.07,0.5098],[33.0751,0.5139],[33.0803,0.5385],[33.0847,0.5462],[33.0846,0.5462],[33.0836,0.5461],[33.0827,0.5466],[33.0824,0.5477],[33.0818,0.5504],[33.0809,0.5521],[33.0816,0.5534],[33.0806,0.5538],[33.0788,0.5546],[33.0779,0.555],[33.0762,0.5561],[33.0752,0.5566],[33.075,0.5573],[33.0751,0.5575],[33.0758,0.56],[33.0763,0.5609]]],[[[32.942958217476225,1.062314901979431],[32.93384943687479,1.031282535316689],[32.9362847628645,1.018209945266952],[32.9344,1.0287],[32.9434,1.0548],[32.942958217476225,1.062314901979431]]],[[[32.96114245571736,1.129173569616241],[32.960523558773254,1.120012760832263],[32.936761515049525,1.091267454884955],[32.937162332165826,1.078018576304522],[32.94229283201272,1.064477477727759],[32.9379,1.0883],[32.9416,1.0967],[32.9602,1.115],[32.96114245571736,1.129173569616241]]],[[[32.964229182916135,1.195023180342958],[32.963989210699204,1.175124475069617],[32.9664,1.1875],[32.964229182916135,1.195023180342958]]]]},"properties":{"name":"Kayunga District","id":"ykxQEnZGXkj"}},
{"type":"Feature","geometry":{"type":"Polygon","coordinates":[[[31.2886,0.7398],[31.2658,0.7512],[31.2547,0.7622],[31.2453,0.7619],[31.2381,0.7705],[31.2291,0.775],[31.228,0.7825],[31.2156,0.7997],[31.213,0.8126],[31.2055,0.8275],[31.2022,0.8282],[31.1963,0.8412],[31.192,0.8426],[31.1906,0.8496],[31.1943,0.8542],[31.1844,0.8656],[31.1842,0.8734],[31.1672,0.8795],[31.1614,0.9069],[31.1335,0.9251],[31.1302,0.9379],[31.1226,0.9418],[31.1182,0.9525],[31.1189,0.9568],[31.1231,0.9591],[31.1203,0.9711],[31.1235,0.9732],[31.121,0.9934],[31.1253,0.9964],[31.1214,1.0004],[31.1199,1.0103],[31.1107,1.0024],[31.0927,1.0007],[31.0825,1.0038],[31.0748,0.9995],[31.0677,0.9903],[31.0607,0.9877],[31.0544,0.9785],[31.0355,0.9746],[31.0331,0.967],[31.0273,0.9656],[31.0236,0.9701],[30.9921,0.9524],[30.9845,0.9466],[30.9837,0.9376],[30.981,0.9355],[30.958,0.9607],[30.953,0.9505],[30.9354,0.9298],[30.9283,0.9095],[30.9075,0.9056],[30.8874,0.8934],[30.8859,0.8911],[30.8913,0.8858],[30.8865,0.8743],[30.8793,0.868],[30.8862,0.863],[30.8784,0.8558],[30.871,0.8536],[30.8697,0.844],[30.8588,0.8393],[30.8524,0.842],[30.8418,0.8369],[30.8353,0.8421],[30.829,0.8393],[30.831,0.8262],[30.8383,0.8295],[30.8445,0.8281],[30.8444,0.812],[30.8517,0.8041],[30.8771,0.7873],[30.891,0.774],[30.898,0.774],[30.9002,0.7679],[30.9069,0.764],[30.9082,0.7626],[30.9085,0.7623],[30.9158,0.7573],[30.9168,0.7607],[30.9264,0.7357],[30.9279,0.7229],[30.9337,0.7198],[30.9386,0.7114],[30.9546,0.7059],[31.001,0.6772],[31.036,0.6647],[31.0462,0.6574],[31.0512,0.6617],[31.0791,0.6453],[31.0922,0.6426],[31.0957,0.6363],[31.1047,0.6361],[31.1055,0.6483],[31.1141,0.6499],[31.1197,0.6573],[31.1249,0.6575],[31.1298,0.6536],[31.1363,0.6585],[31.1513,0.6609],[31.1786,0.6536],[31.1907,0.6452],[31.2088,0.6385],[31.2156,0.6319],[31.2367,0.6419],[31.2625,0.6793],[31.2733,0.6823],[31.274,0.696],[31.2897,0.7145],[31.2868,0.7336],[31.2886,0.7398]]]},"properties":{"name":"Kibaale District","id":"tM3DsJxMaMX"}},
{"type":"Feature","geometry":{"type":"Polygon","coordinates":[[[31.9096,0.6226],[31.9317,0.6313],[31.9378,0.6386],[31.9599,0.6378],[31.9666,0.6466],[31.9774,0.6468],[31.9781,0.6507],[31.9887,0.6594],[32.0005,0.655],[32.0071,0.6322],[32.0051,0.6137],[32.0137,0.6042],[32.0151,0.629],[32.0196,0.636],[32.0275,0.6396],[32.0332,0.652],[32.0379,0.6505],[32.0399,0.6552],[32.0525,0.6509],[32.0716,0.6675],[32.0862,0.672],[32.0936,0.6792],[32.1009,0.6821],[32.1215,0.6817],[32.1375,0.6943],[32.1503,0.6873],[32.16,0.6874],[32.1717,0.6822],[32.1786,0.6839],[32.1893,0.6945],[32.1894,0.7149],[32.1939,0.7214],[32.1956,0.7349],[32.2015,0.7418],[32.1991,0.743],[32.2061,0.7776],[32.2121,0.7853],[32.2092,0.8079],[32.1937,0.8199],[32.1761,0.8625],[32.1554,0.8825],[32.1318,0.8962],[32.0974,0.9036],[32.0642,0.904],[32.0335,0.9142],[32.0209,0.9219],[32.0116,0.9355],[32.0055,0.955],[32.0057,0.9711],[31.9995,0.9916],[32.0025,1.0026],[32.0016,1.0207],[31.9598,1.0651],[31.9286,1.0832],[31.9178,1.1019],[31.9114,1.1063],[31.9066,1.0835],[31.8964,1.0822],[31.8929,1.0786],[31.8857,1.0617],[31.8791,1.0562],[31.8764,1.0403],[31.8694,1.0397],[31.8617,1.0328],[31.8533,1.0359],[31.8459,1.0349],[31.8116,0.9834],[31.782,0.9537],[31.7531,0.9379],[31.7561,0.9297],[31.7484,0.9202],[31.7462,0.9088],[31.7528,0.9034],[31.7452,0.886],[31.749,0.8851],[31.7464,0.8792],[31.7349,0.8857],[31.7173,0.8861],[31.699,0.8813],[31.6806,0.8854],[31.6787,0.8882],[31.6754,0.8824],[31.6813,0.8714],[31.6779,0.8484],[31.6639,0.8343],[31.6546,0.8158],[31.665,0.8212],[31.6727,0.8152],[31.6787,0.8147],[31.6831,0.808],[31.6893,0.8091],[31.6975,0.8036],[31.7009,0.7941],[31.7337,0.7983],[31.7476,0.8036],[31.7653,0.8027],[31.7742,0.7987],[31.7809,0.7914],[31.7873,0.7772],[31.8036,0.7808],[31.8233,0.7739],[31.8381,0.7736],[31.8567,0.7664],[31.8653,0.7534],[31.8718,0.7551],[31.8833,0.7459],[31.899,0.7486],[31.9111,0.743],[31.9134,0.7357],[31.8893,0.7107],[31.8937,0.7002],[31.9056,0.6965],[31.9028,0.6905],[31.9043,0.6858],[31.9144,0.6737],[31.9229,0.6551],[31.9174,0.6514],[31.9087,0.6377],[31.9096,0.6226]]]},"properties":{"name":"Kiboga District","id":"GLHh0BXys9w"}},
{"type":"Feature","geometry":{"type":"Polygon","coordinates":[[[33.7087512205786,1.117900000040573],[33.703976588637424,1.116152685211424],[33.697153980553985,1.119507784458089],[33.69043935279627,1.116299247547958],[33.682463448995506,1.122028488545577],[33.67638010012391,1.118368846368555],[33.67586004584155,1.111486448208982],[33.66692199547851,1.115424922426795],[33.658180352422185,1.113569224242241],[33.6602309042126,1.104339457553001],[33.653558153962194,1.102398448213538],[33.647808785495485,1.107703056784811],[33.64735570165725,1.101024430879764],[33.663897704712376,1.08028778150242],[33.673921100626146,1.082124009963921],[33.674997061752876,1.075585302987593],[33.678669124109355,1.073172704794176],[33.69051521601055,1.082188951593784],[33.69333235746556,1.08000043752227],[33.687940389467656,1.06017146660799],[33.69599416066268,1.061537106840386],[33.7004323102773,1.066324577895587],[33.7066831344676,1.058644563939406],[33.72208256858896,1.067443295517224],[33.73758698903144,1.071104001161813],[33.74254751992559,1.066272803145105],[33.73687866927311,1.059332093371005],[33.71350399543406,1.048114189393762],[33.70623902173283,1.039543635354112],[33.71562960006468,1.028359376363398],[33.712369880958605,1.020406186497346],[33.70737371864701,1.021819412496597],[33.70834934601298,1.011160900187096],[33.71072327763532,1.006549729248654],[33.720883252896925,1.007729757701161],[33.735776420868746,0.999861291711724],[33.732737802688156,0.988182890036899],[33.73989457360971,0.983314261355725],[33.73771371590825,0.976756011030535],[33.742741183585906,0.975117475878637],[33.754256313818836,0.978498289249271],[33.754927632527064,0.973830144718993],[33.760768263831125,0.971521969307123],[33.773669637988775,0.977408264529192],[33.770632721609864,0.988101887298067],[33.78304224181782,0.987339065846848],[33.78518513765104,0.992133166025756],[33.782975268593276,0.998719498799591],[33.787628312433235,1.000627175686743],[33.79209162949853,0.993678446279263],[33.79841356051628,1.000606458679123],[33.8055907749429,1.002061160797028],[33.80513239162447,0.992671124053626],[33.79407228043754,0.98223425588223],[33.79204810794529,0.975875107931956],[33.80319312638779,0.970317962556948],[33.8161010119614,0.980175389857265],[33.818939218790014,0.968369195825405],[33.82505174972014,0.971452507158565],[33.82965688447689,0.979864461930915],[33.83907283515914,0.978749405175692],[33.84647547756949,0.985857919586178],[33.843325802617315,0.973573847140426],[33.83747315647773,0.967450960068022],[33.85210589976062,0.96809862520513],[33.85540430683833,0.971019735501804],[33.85967707746694,0.966585975623776],[33.86501871079974,0.970972041750724],[33.8662698366465,0.985083864326859],[33.874419399829705,0.985579781792928],[33.8864,0.9903],[33.9,1.011],[33.9128,1.0189],[33.9209,1.0339],[33.9373,1.0507],[33.9277,1.0639],[33.8976,1.0634],[33.9167,1.0877],[33.9241,1.1031],[33.9279,1.1046],[33.9258,1.1183],[33.9333,1.1361],[33.9283,1.1549],[33.9322,1.1654],[33.9233,1.1626],[33.8908,1.1417],[33.8813,1.1395],[33.8718,1.1418],[33.8648,1.1498],[33.8558,1.1539],[33.8525,1.161],[33.842,1.168],[33.8372,1.168],[33.8185,1.1352],[33.8124,1.1138],[33.7942,1.0961],[33.7835,1.0899],[33.7764,1.0916],[33.7709,1.1068],[33.7625,1.1132],[33.7428,1.1115],[33.73,1.1174],[33.7087512205786,1.117900000040573]]]},"properties":{"name":"Kibuku District","id":"Oyxwe3iDqpR"}},
{"type":"Feature","geometry":{"type":"MultiPolygon","coordinates":[[[[31.416996774616283,1.269951936422259],[31.40077596832168,1.270353710133699],[31.4151,1.2692],[31.4161,1.2691],[31.416996774616283,1.269951936422259]]],[[[30.9498,1.5292],[30.93647698071176,1.533167738365739],[30.935377219490555,1.531841802103648],[30.935171076544552,1.531329353559782],[30.934123851261813,1.530177545161083],[30.9277130785504,1.516476010053992],[30.92103922165874,1.479761186216642],[30.913627086838503,1.465248102666586],[30.881909248986528,1.437077619852398],[30.87567600163826,1.435468144325405],[30.86405627177368,1.419773482645868],[30.852371557031507,1.411071485830804],[30.85260809165158,1.405370871933781],[30.842468531001813,1.397943762760784],[30.83476267670207,1.371512725561438],[30.81836105868129,1.346184989997256],[30.78315455306048,1.321359008196365],[30.773379339428157,1.304457378396067],[30.759926572006037,1.29869600040758],[30.753187781045273,1.289885883137911],[30.749867014381714,1.275033749678024],[30.74408571093936,1.265331327917901],[30.734634660743875,1.258682191957311],[30.726285959772387,1.257673119891565],[30.728908724198025,1.248457318971995],[30.71725452417834,1.23272877048513],[30.711364566740436,1.214831798095137],[30.71346844400903,1.212721050133011],[30.719234407269063,1.21597500382344],[30.720516149291612,1.207706122902424],[30.711620201674386,1.193032016834627],[30.70428053844723,1.18708801227439],[30.700955913868924,1.178009404034815],[30.687352468415657,1.16326619937192],[30.677891841781868,1.144663782761817],[30.665553089087705,1.135300122733951],[30.661986183451454,1.12272327742355],[30.667211670062443,1.12133677356284],[30.66420051382081,1.119599771635307],[30.6776,1.1083],[30.7045,1.1069],[30.7237,1.0869],[30.7379,1.0805],[30.7449,1.0727],[30.7537,1.071],[30.76,1.0723],[30.7584,1.0785],[30.7648,1.0801],[30.7663,1.0894],[30.7723,1.0933],[30.7869,1.1173],[30.7951,1.1211],[30.8028,1.1203],[30.8137,1.1059],[30.8182,1.1072],[30.8336,1.1238],[30.8505,1.1353],[30.8542,1.142],[30.8671,1.1487],[30.8763,1.1484],[30.8812,1.1421],[30.8905,1.1457],[30.9015,1.1276],[30.9093,1.1216],[30.9207,1.1182],[30.9227,1.1234],[30.9513,1.1249],[30.9694,1.134],[30.9734,1.1283],[30.9799,1.1327],[30.9981,1.1284],[31.0053,1.1378],[31.0378,1.1363],[31.0465,1.1418],[31.0527,1.1566],[31.0589,1.1609],[31.0753,1.1521],[31.0844,1.1416],[31.0906,1.1501],[31.105,1.1549],[31.1064,1.1679],[31.1184,1.1694],[31.1161,1.181],[31.1303,1.1921],[31.1527,1.1909],[31.1746,1.1811],[31.1835,1.1812],[31.2024,1.1925],[31.2145,1.2143],[31.2214,1.218],[31.2396,1.2172],[31.26,1.2018],[31.2739,1.1977],[31.2861,1.2011],[31.2925,1.2082],[31.3188,1.2369],[31.3678,1.2386],[31.37291669014342,1.247116690144206],[31.368561541841196,1.247470539503867],[31.382961574713374,1.270582611413486],[31.39859313176929,1.277258478070575],[31.4167,1.2786],[31.4164,1.2797],[31.415,1.2818],[31.414,1.2826],[31.4138,1.2838],[31.4144,1.2858],[31.4158,1.2881],[31.4162,1.2917],[31.4159,1.2948],[31.4148,1.2999],[31.4132,1.3049],[31.4126,1.3058],[31.4112,1.3117],[31.4117,1.3143],[31.4125,1.3176],[31.4126,1.3203],[31.4122,1.3238],[31.41,1.3271],[31.4072,1.3275],[31.4045,1.3304],[31.4049,1.3366],[31.4047,1.3377],[31.4046,1.3381],[31.4049,1.341],[31.4056,1.3423],[31.4076,1.3445],[31.4087,1.3467],[31.4086,1.3478],[31.4081,1.3514],[31.4079,1.3536],[31.4073,1.3546],[31.407,1.3553],[31.4054,1.3609],[31.405,1.3614],[31.4046,1.3617],[31.4038,1.3619],[31.4022,1.3621],[31.4017,1.3621],[31.3906,1.3611],[31.3899,1.3622],[31.387,1.3622],[31.3831,1.36],[31.3801,1.3595],[31.3781,1.3614],[31.3754,1.3627],[31.375,1.3627],[31.373,1.3622],[31.3699,1.3611],[31.3662,1.3595],[31.3645,1.3586],[31.3641,1.3582],[31.3628,1.3566],[31.3624,1.3569],[31.3599,1.3589],[31.3588,1.3629],[31.3545,1.3682],[31.3503,1.3723],[31.3446,1.3687],[31.3439,1.3685],[31.3432,1.3683],[31.3427,1.3686],[31.3419,1.3693],[31.3399,1.3709],[31.3379,1.3706],[31.3376,1.3704],[31.337,1.3699],[31.3363,1.3698],[31.3356,1.3694],[31.3352,1.369],[31.3344,1.3678],[31.3324,1.3649],[31.3312,1.3644],[31.3243,1.3638],[31.3237,1.3635],[31.3215,1.3623],[31.3208,1.3622],[31.3194,1.3623],[31.3186,1.363],[31.3183,1.3643],[31.3181,1.365],[31.3172,1.3654],[31.3154,1.3657],[31.3147,1.3663],[31.314,1.3665],[31.3135,1.3666],[31.3119,1.3666],[31.3114,1.3667],[31.3113,1.3668],[31.3095,1.3679],[31.3086,1.3684],[31.308,1.3685],[31.3072,1.3683],[31.306,1.3689],[31.3054,1.3689],[31.3051,1.3691],[31.3033,1.369],[31.3026,1.3685],[31.3022,1.3684],[31.3009,1.3674],[31.2996,1.3674],[31.2996,1.3675],[31.2991,1.3682],[31.2984,1.3689],[31.2979,1.369],[31.2975,1.3693],[31.2966,1.3695],[31.2964,1.3696],[31.2954,1.3708],[31.2952,1.3712],[31.295,1.3716],[31.2948,1.3719],[31.2943,1.3726],[31.294,1.3729],[31.2937,1.3731],[31.2928,1.3743],[31.2911,1.3763],[31.2907,1.3766],[31.2905,1.3767],[31.2899,1.3775],[31.2896,1.3783],[31.2888,1.3792],[31.2876,1.3802],[31.2871,1.3811],[31.2866,1.382],[31.2844,1.383],[31.2822,1.3835],[31.2803,1.3835],[31.2793,1.3838],[31.2791,1.384],[31.2789,1.3845],[31.2786,1.3856],[31.2784,1.386],[31.2781,1.3871],[31.278,1.3882],[31.2779,1.3887],[31.2776,1.3894],[31.2774,1.3898],[31.2764,1.3906],[31.2756,1.3916],[31.2753,1.392],[31.2746,1.3927],[31.2733,1.3935],[31.2726,1.3942],[31.2722,1.3953],[31.2718,1.3966],[31.2712,1.3993],[31.271,1.3998],[31.2705,1.4015],[31.269,1.4029],[31.2677,1.4034],[31.2673,1.4036],[31.2675,1.404],[31.2677,1.4056],[31.2678,1.4067],[31.2686,1.4075],[31.2694,1.4078],[31.2695,1.41],[31.2698,1.412],[31.2704,1.4133],[31.271,1.4147],[31.2713,1.416],[31.2722,1.4179],[31.2717,1.4203],[31.2717,1.4212],[31.2715,1.4223],[31.2714,1.423],[31.2714,1.4233],[31.2714,1.4252],[31.2717,1.4272],[31.2718,1.429],[31.2722,1.4311],[31.2728,1.4319],[31.2737,1.433],[31.2751,1.4349],[31.2765,1.4372],[31.2767,1.4378],[31.2768,1.4381],[31.2773,1.4388],[31.2776,1.4393],[31.2786,1.4406],[31.2797,1.4424],[31.2799,1.4428],[31.2802,1.4439],[31.2802,1.444],[31.2804,1.4449],[31.2808,1.4458],[31.2811,1.4466],[31.2816,1.4473],[31.2822,1.448],[31.2827,1.4492],[31.2827,1.4497],[31.2825,1.4505],[31.2825,1.4507],[31.2826,1.451],[31.2828,1.453],[31.2832,1.4539],[31.2837,1.4546],[31.2841,1.4555],[31.2856,1.4572],[31.2877,1.459],[31.289,1.4606],[31.2864,1.4625],[31.2856,1.4636],[31.2844,1.4645],[31.2835,1.4648],[31.2819,1.466],[31.2806,1.4676],[31.2799,1.4687],[31.2789,1.4698],[31.2786,1.4702],[31.278,1.4717],[31.2774,1.4728],[31.2766,1.4738],[31.2761,1.4742],[31.2752,1.4746],[31.2724,1.4764],[31.2718,1.4768],[31.2712,1.4768],[31.2707,1.4768],[31.2703,1.477],[31.2696,1.4773],[31.2673,1.4777],[31.2657,1.4778],[31.2648,1.4778],[31.2644,1.4777],[31.2635,1.4778],[31.2622,1.4777],[31.2615,1.4776],[31.26,1.4772],[31.2592,1.4771],[31.2589,1.4771],[31.2578,1.4774],[31.2572,1.4775],[31.2569,1.4777],[31.2556,1.4781],[31.2549,1.4784],[31.2545,1.4793],[31.2541,1.4795],[31.2505,1.483],[31.2498,1.4837],[31.2479,1.4847],[31.2461,1.4863],[31.2445,1.488],[31.2432,1.4885],[31.2423,1.4884],[31.2407,1.4888],[31.2402,1.4893],[31.2398,1.4893],[31.2394,1.49],[31.2384,1.49],[31.2368,1.49],[31.2352,1.4907],[31.2345,1.4909],[31.2326,1.4914],[31.2318,1.4915],[31.2308,1.4928],[31.2291,1.4924],[31.2277,1.4937],[31.222,1.4958],[31.2213,1.4965],[31.2205,1.4971],[31.2194,1.4982],[31.2189,1.4985],[31.2183,1.4989],[31.2174,1.4996],[31.2162,1.5005],[31.2126,1.5023],[31.2099,1.5029],[31.2077,1.5031],[31.2057,1.5028],[31.2022,1.5005],[31.2,1.499],[31.1989,1.4982],[31.1959,1.4957],[31.1926,1.4932],[31.1922,1.4929],[31.1909,1.4922],[31.1883,1.4907],[31.1857,1.4906],[31.1849,1.4908],[31.1847,1.491],[31.1827,1.4924],[31.182,1.4931],[31.1817,1.4938],[31.1806,1.4948],[31.1797,1.4948],[31.1792,1.4949],[31.1784,1.495],[31.178,1.4952],[31.1766,1.4963],[31.1763,1.496],[31.176,1.496],[31.1751,1.4963],[31.1747,1.4965],[31.1742,1.4967],[31.1735,1.4966],[31.1722,1.4968],[31.1719,1.4968],[31.1717,1.497],[31.1713,1.4974],[31.1711,1.4972],[31.1705,1.497],[31.1703,1.4971],[31.1699,1.4972],[31.1696,1.4972],[31.1692,1.4969],[31.169,1.497],[31.1685,1.4973],[31.1681,1.4973],[31.1677,1.4972],[31.1672,1.4972],[31.1669,1.4969],[31.1668,1.4968],[31.1665,1.497],[31.166,1.4984],[31.1656,1.4988],[31.165,1.4988],[31.1644,1.4988],[31.1642,1.4988],[31.1635,1.4991],[31.1633,1.4991],[31.1631,1.4993],[31.1631,1.4995],[31.1627,1.5],[31.1627,1.5002],[31.1623,1.5008],[31.1619,1.5015],[31.1615,1.5016],[31.161,1.5018],[31.1609,1.502],[31.1602,1.5029],[31.1598,1.5035],[31.1589,1.5038],[31.1581,1.5042],[31.1576,1.5046],[31.1571,1.505],[31.1527,1.5052],[31.1521,1.5054],[31.1518,1.5055],[31.1514,1.5055],[31.1511,1.5058],[31.1504,1.5067],[31.1491,1.508],[31.1489,1.5085],[31.1487,1.5087],[31.1481,1.509],[31.1475,1.509],[31.147,1.5095],[31.1468,1.5099],[31.1466,1.51],[31.1461,1.5098],[31.1459,1.5097],[31.1456,1.5099],[31.1455,1.5102],[31.1453,1.5106],[31.1451,1.5107],[31.1444,1.5108],[31.1434,1.5112],[31.1432,1.5114],[31.1424,1.5118],[31.1418,1.5117],[31.1414,1.5112],[31.1412,1.5112],[31.1408,1.5112],[31.1406,1.5113],[31.1405,1.5117],[31.1405,1.5122],[31.1403,1.5124],[31.1401,1.5125],[31.1394,1.5124],[31.1391,1.5122],[31.1388,1.5124],[31.1383,1.5128],[31.1378,1.5129],[31.1376,1.5128],[31.1369,1.5125],[31.1361,1.5127],[31.1344,1.5127],[31.1337,1.5128],[31.1333,1.5136],[31.1332,1.514],[31.1332,1.5142],[31.1334,1.5146],[31.1337,1.5149],[31.1339,1.5153],[31.1339,1.5155],[31.1337,1.516],[31.1335,1.5161],[31.1331,1.5161],[31.1326,1.5164],[31.1318,1.5164],[31.1316,1.516],[31.1315,1.5157],[31.1312,1.5153],[31.1307,1.5147],[31.1301,1.514],[31.1289,1.5136],[31.1282,1.5129],[31.1278,1.5126],[31.1276,1.5117],[31.1275,1.5115],[31.1271,1.5113],[31.1266,1.5106],[31.1257,1.5104],[31.1251,1.5105],[31.1243,1.511],[31.1235,1.5108],[31.1231,1.5115],[31.123,1.5119],[31.1229,1.5121],[31.1228,1.5124],[31.1224,1.5125],[31.1222,1.5128],[31.1222,1.5135],[31.122,1.5141],[31.1218,1.5158],[31.121,1.5167],[31.1204,1.517],[31.1204,1.5174],[31.1201,1.5179],[31.1199,1.5181],[31.1199,1.5185],[31.1206,1.5196],[31.1207,1.52],[31.1204,1.5205],[31.1194,1.5217],[31.1188,1.5219],[31.118,1.5222],[31.1166,1.5223],[31.1167,1.5215],[31.1168,1.5211],[31.117,1.5204],[31.1168,1.5193],[31.1158,1.5186],[31.115,1.5181],[31.1144,1.5174],[31.1133,1.5162],[31.1127,1.5147],[31.1125,1.5137],[31.1124,1.5129],[31.1112,1.5123],[31.1102,1.5121],[31.1098,1.5116],[31.1098,1.5113],[31.1097,1.5086],[31.1097,1.5082],[31.11,1.5078],[31.1111,1.5075],[31.1116,1.5071],[31.1125,1.507],[31.1138,1.5073],[31.1143,1.508],[31.1148,1.5091],[31.1152,1.5098],[31.1154,1.5099],[31.1159,1.5099],[31.1169,1.5101],[31.1174,1.5097],[31.1173,1.5094],[31.1172,1.5088],[31.1172,1.5085],[31.1176,1.5069],[31.1174,1.506],[31.1169,1.5051],[31.1167,1.505],[31.1164,1.5038],[31.1155,1.5032],[31.115,1.5031],[31.1155,1.5022],[31.1161,1.5018],[31.1163,1.5016],[31.117,1.5012],[31.1184,1.5006],[31.1191,1.5003],[31.1198,1.4994],[31.1203,1.4989],[31.1209,1.4988],[31.1216,1.4988],[31.1221,1.4989],[31.1233,1.4984],[31.1236,1.498],[31.1242,1.4973],[31.1259,1.4963],[31.1266,1.4963],[31.1291,1.4958],[31.1306,1.4948],[31.1307,1.4938],[31.1311,1.4937],[31.1313,1.4934],[31.1308,1.4932],[31.1307,1.4928],[31.1314,1.4925],[31.1307,1.4923],[31.1307,1.4921],[31.1316,1.4912],[31.1322,1.4903],[31.1323,1.4898],[31.1315,1.4892],[31.1313,1.488],[31.1312,1.4864],[31.1321,1.486],[31.1331,1.4856],[31.1342,1.4846],[31.1339,1.4837],[31.1327,1.4832],[31.1322,1.4832],[31.1313,1.482],[31.1315,1.4816],[31.132,1.4816],[31.1352,1.4796],[31.1366,1.4793],[31.137,1.4793],[31.1355,1.4764],[31.1346,1.4759],[31.1324,1.4745],[31.1309,1.473],[31.1304,1.4719],[31.1299,1.4695],[31.1291,1.4634],[31.1261,1.4597],[31.1245,1.4587],[31.1239,1.4557],[31.1221,1.453],[31.1222,1.4521],[31.128,1.4494],[31.1309,1.4436],[31.1303,1.4413],[31.1295,1.4391],[31.1297,1.4355],[31.1284,1.4275],[31.1282,1.4266],[31.1273,1.4246],[31.1265,1.4221],[31.1253,1.4206],[31.123,1.4202],[31.1201,1.4209],[31.1176,1.422],[31.1162,1.4221],[31.1128,1.4162],[31.1118,1.4124],[31.1101,1.4082],[31.1083,1.4054],[31.1075,1.4036],[31.1069,1.4029],[31.1059,1.4019],[31.105,1.4016],[31.1009,1.4004],[31.0988,1.3997],[31.0976,1.3997],[31.0936,1.4027],[31.0896,1.4017],[31.0875,1.3998],[31.085,1.3986],[31.0785,1.397],[31.0761,1.3973],[31.0727,1.3982],[31.072,1.3974],[31.0709,1.3966],[31.0695,1.3962],[31.0684,1.3954],[31.0655,1.3944],[31.0631,1.3939],[31.0604,1.3947],[31.0568,1.395],[31.0519,1.3956],[31.0503,1.395],[31.0479,1.3926],[31.0449,1.3868],[31.0442,1.3863],[31.0389,1.3888],[31.0376,1.3899],[31.0363,1.3918],[31.0319,1.3936],[31.0309,1.3938],[31.0278,1.3923],[31.0267,1.391],[31.0248,1.3899],[31.0239,1.3889],[31.0227,1.3886],[31.0227,1.3889],[31.0225,1.3896],[31.0216,1.3934],[31.021,1.3963],[31.0208,1.3967],[31.0205,1.3966],[31.0202,1.3963],[31.0197,1.3963],[31.0187,1.3959],[31.0181,1.3964],[31.0156,1.3972],[31.0139,1.3984],[31.0125,1.4007],[31.0118,1.4017],[31.0113,1.4021],[31.0116,1.4028],[31.0104,1.4056],[31.0035,1.4082],[31.0023,1.4098],[31.0019,1.4107],[31.0006,1.4116],[31.0004,1.4119],[30.9998,1.4131],[30.9994,1.4139],[30.999,1.4139],[30.9986,1.4133],[30.9981,1.4135],[30.9978,1.4174],[30.9975,1.4179],[30.9974,1.418],[30.9971,1.4179],[30.9958,1.4166],[30.9949,1.4167],[30.9925,1.4182],[30.9929,1.4203],[30.9934,1.4221],[30.9934,1.4225],[30.9923,1.4229],[30.9913,1.4233],[30.9904,1.424],[30.9902,1.4249],[30.9898,1.4252],[30.9892,1.425],[30.989,1.425],[30.9891,1.4258],[30.9891,1.4263],[30.9882,1.4262],[30.9867,1.4257],[30.9848,1.4255],[30.9844,1.4256],[30.983,1.4263],[30.983,1.4265],[30.9833,1.4287],[30.983,1.431],[30.9826,1.4326],[30.9826,1.4329],[30.9831,1.4335],[30.9831,1.435],[30.9832,1.4356],[30.9826,1.4375],[30.9824,1.4393],[30.9821,1.4413],[30.9822,1.4424],[30.9816,1.4458],[30.981,1.4468],[30.9808,1.4476],[30.9811,1.4489],[30.9824,1.4511],[30.9831,1.4535],[30.9837,1.4544],[30.9841,1.4556],[30.985,1.4583],[30.985,1.4588],[30.9849,1.4593],[30.9842,1.4603],[30.9845,1.4609],[30.9843,1.4618],[30.9844,1.4627],[30.9839,1.4635],[30.9838,1.4643],[30.9827,1.4657],[30.9823,1.4668],[30.9814,1.469],[30.981,1.4699],[30.981,1.4703],[30.9825,1.4723],[30.9835,1.4731],[30.9833,1.475],[30.9828,1.4754],[30.9824,1.4764],[30.9833,1.4767],[30.9841,1.4772],[30.9845,1.4782],[30.9861,1.4799],[30.9897,1.481],[30.9902,1.4811],[30.9906,1.4813],[30.9912,1.4819],[30.9913,1.4833],[30.9915,1.484],[30.9916,1.4849],[30.9917,1.4852],[30.9913,1.4866],[30.9912,1.4877],[30.9906,1.489],[30.9904,1.4905],[30.9907,1.4909],[30.9908,1.4912],[30.9909,1.4918],[30.9914,1.4935],[30.9918,1.4943],[30.9925,1.4945],[30.9931,1.4948],[30.9935,1.4954],[30.9943,1.4965],[30.9945,1.4969],[30.9952,1.4993],[30.9946,1.5015],[30.9947,1.502],[30.9941,1.5029],[30.9928,1.5035],[30.9898,1.5043],[30.9876,1.5059],[30.9813,1.5078],[30.9806,1.5082],[30.9779,1.5097],[30.9756,1.5136],[30.975,1.514],[30.9739,1.5141],[30.9722,1.5148],[30.9708,1.5146],[30.969,1.5146],[30.966,1.5146],[30.9651,1.5148],[30.9636,1.5144],[30.9632,1.5143],[30.9616,1.5158],[30.9606,1.5166],[30.9592,1.5168],[30.9585,1.5172],[30.9569,1.5191],[30.957,1.5204],[30.9568,1.5226],[30.9561,1.5229],[30.9558,1.5232],[30.9549,1.524],[30.9539,1.5259],[30.9523,1.5272],[30.9522,1.5274],[30.952,1.5279],[30.9506,1.5285],[30.9498,1.5292]]]]},"properties":{"name":"Kikuube District","id":"L5WBetpBpY3"}},
{"type":"Feature","geometry":{"type":"MultiPolygon","coordinates":[[[[32.10699144759628,1.738898757836644],[32.099563042978765,1.730447397547748],[32.095729975459285,1.699540294869926],[32.101,1.7279],[32.10699144759628,1.738898757836644]]],[[[32.172591837452366,1.777800000010806],[32.16466774679645,1.777034521760513],[32.130891573205666,1.751655612175938],[32.127556096942996,1.746683744979529],[32.11605933730525,1.742519917471459],[32.1242,1.7448],[32.1332,1.7498],[32.1534,1.7627],[32.1655,1.7765],[32.172591837452366,1.777800000010806]]],[[[32.276728170562826,1.826144126982082],[32.27541615503477,1.812594725785635],[32.27185892752909,1.807875546383152],[32.268202170003576,1.805489471258206],[32.25866698270158,1.805460424443214],[32.23290669706893,1.7912943043795],[32.21651880694526,1.794611023720916],[32.207038272380146,1.784825542704044],[32.1756043049389,1.777727089013845],[32.1946,1.782],[32.2063,1.7815],[32.2168,1.7934],[32.2354,1.7902],[32.2569,1.8027],[32.2684,1.8052],[32.272,1.8067],[32.278,1.8137],[32.276728170562826,1.826144126982082]]],[[[32.340729019542344,1.87001294158493],[32.3412589289101,1.859778357094293],[32.33671186849917,1.85358113014861],[32.30074352958607,1.838152467118521],[32.2804835564565,1.841214810430725],[32.27592002709121,1.832363419190442],[32.2827,1.8387],[32.2999,1.8367],[32.3376,1.8519],[32.3436,1.8603],[32.340729019542344,1.87001294158493]]],[[[32.35914401372778,1.956949550505833],[32.36235184889014,1.946835001396006],[32.34447046965351,1.931909670229191],[32.34045373697446,1.92362169562289],[32.342988292489004,1.898049028838281],[32.3382268000766,1.883661398694105],[32.33940338602854,1.874587133105826],[32.3442,1.8956],[32.3424,1.9234],[32.3445,1.9291],[32.353,1.9344],[32.363,1.9466],[32.3633,1.9537],[32.35914401372778,1.956949550505833]]],[[[32.340265173969236,1.999773131894985],[32.33487577473597,1.988695637483327],[32.33584862139735,1.977226645958316],[32.33136091714575,1.970507742984813],[32.334499851785274,1.959150815364584],[32.3336,1.9675],[32.3391,1.9771],[32.3367,1.9905],[32.340265173969236,1.999773131894985]]],[[[32.093672413753254,1.646575862126632],[32.08841153236526,1.652986360220011],[32.087800368561176,1.661341268394167],[32.09244909522262,1.680091738637549],[32.08899240833186,1.710657688879674],[32.091211279229384,1.728795589008907],[32.09869683276485,1.744898136902684],[32.12238762458538,1.753060847195913],[32.16814209416081,1.785892112660114],[32.20621478697509,1.7908000186909],[32.20823775505551,1.796303062731838],[32.217957238070326,1.800587058091652],[32.23233781610259,1.797943740501513],[32.26898917210492,1.814466162766341],[32.27120641345696,1.840348776454101],[32.273837891987874,1.844425865239567],[32.29469929322442,1.843822816386676],[32.334795648511594,1.859734643374729],[32.33841711506337,1.923931879625058],[32.34104758644449,1.931269421563407],[32.356032025533,1.942483980877561],[32.35987789817733,1.949618445085115],[32.354609039218666,1.955322867452415],[32.3413279717937,1.95545699323641],[32.336246799910896,1.956916320511263],[32.330706441476124,1.95938922327355],[32.329283901294744,1.971208861431307],[32.33312954675502,1.977935706859478],[32.33211329016734,1.98690216037276],[32.33965043699634,2.013574300871378],[32.34162203996139,2.042326894416963],[32.347202162871774,2.058648698752068],[32.349158931947606,2.075451884052022],[32.34713991439532,2.080057940230111],[32.34603308758025,2.080677941666373],[32.325918174520396,2.104631397762879],[32.32685861907302,2.128267930847859],[32.315318576196354,2.140026149849121],[32.31727492486652,2.170410398323692],[32.311014787870874,2.199885362203843],[32.298291564595516,2.210693639669273],[32.27817875485713,2.237445057439066],[32.2569,2.2531],[32.2548,2.2526],[32.2521,2.2509],[32.2507,2.2486],[32.2507,2.2468],[32.2504,2.2468],[32.248,2.2443],[32.2418,2.2415],[32.2415,2.2416],[32.2391,2.2425],[32.2349,2.2434],[32.2336,2.2436],[32.2308,2.2441],[32.2301,2.2446],[32.2298,2.2449],[32.228,2.2457],[32.2263,2.2463],[32.2237,2.2464],[32.2236,2.2464],[32.2229,2.2464],[32.2221,2.2443],[32.2216,2.2438],[32.2197,2.243],[32.2183,2.2429],[32.2135,2.2404],[32.2131,2.2378],[32.2112,2.2365],[32.206,2.2314],[32.1983,2.2263],[32.1969,2.2259],[32.1926,2.2238],[32.1904,2.2177],[32.1892,2.217],[32.1838,2.2172],[32.1785,2.2178],[32.176,2.2183],[32.1746,2.2183],[32.1726,2.2196],[32.1707,2.2208],[32.1616,2.2221],[32.1497,2.2215],[32.1476,2.223],[32.14686096713189,2.226051745460147],[32.1427,2.2335],[32.137,2.2362],[32.1345,2.2388],[32.13401578661821,2.239430535433633],[32.13305382210718,2.240461222995013],[32.1305,2.2418],[32.1297,2.2425],[32.1287,2.2431],[32.1278,2.243],[32.1264,2.2425],[32.1238,2.2435],[32.1218,2.2451],[32.1203,2.2458],[32.1194,2.2459],[32.1104,2.2447],[32.098439381843555,2.250177720461613],[32.0922,2.2547],[32.0901,2.256],[32.0868,2.2601],[32.085748805865016,2.261279416917855],[32.0848,2.2627],[32.0812,2.2646],[32.0776,2.2668],[32.0752,2.2689],[32.0688,2.2731],[32.0621,2.2763],[32.0565,2.2804],[32.0544,2.2816],[32.0506,2.2831],[32.0419,2.2841],[32.0329,2.2772],[32.0279,2.2762],[32.0247,2.2777],[32.0236,2.2798],[32.0131,2.3065],[32.008,2.3091],[32.0024,2.3097],[32.0001,2.3098],[31.9955,2.3116],[31.9936,2.3145],[31.9909,2.3175],[31.9896,2.3184],[31.9847,2.3176],[31.9831,2.3174],[31.9813,2.3176],[31.9803,2.3179],[31.979,2.3187],[31.9785,2.3197],[31.9784,2.3203],[31.97855539055041,2.321404019481727],[31.9755,2.3264],[31.9743,2.3271],[31.9734,2.3272],[31.9726,2.3268],[31.9711,2.325],[31.9678,2.3253],[31.9659,2.3266],[31.9633,2.3311],[31.9625,2.3324],[31.961876916409114,2.334303876219289],[31.9586,2.3382],[31.955,2.341],[31.9539,2.3408],[31.9534,2.3406],[31.9512,2.3399],[31.95,2.3392],[31.9481,2.339],[31.9472,2.3391],[31.9443,2.3391],[31.9427,2.3388],[31.9417,2.3392],[31.9416,2.3413],[31.9427,2.3421],[31.9437,2.3426],[31.940188164259908,2.343838999368763],[31.9368,2.3432],[31.9358,2.3439],[31.9347,2.3463],[31.9351,2.3479],[31.93385638223709,2.349700781432577],[31.933,2.3507],[31.931622542160348,2.353409740363703],[31.92855348262611,2.35782754123547],[31.9283,2.358],[31.9278,2.359],[31.9265,2.3608],[31.9257,2.3612],[31.9239,2.3621],[31.921,2.3632],[31.9197,2.3649],[31.9171,2.3658],[31.9154,2.3654],[31.9143,2.3647],[31.913,2.3637],[31.9117,2.3614],[31.9099,2.3595],[31.9055,2.3598],[31.9022,2.3616],[31.9016,2.3619],[31.9001,2.3626],[31.899,2.3624],[31.8969,2.3611],[31.8965,2.3607],[31.8949,2.3605],[31.8943,2.3605],[31.8924,2.3601],[31.8911,2.3598],[31.8895,2.3605],[31.8871,2.3629],[31.8857,2.3628],[31.8834,2.3629],[31.8821,2.3631],[31.8811,2.363],[31.8781,2.3619],[31.8722,2.36],[31.8706,2.3592],[31.8697,2.3592],[31.8652,2.3614],[31.8581,2.3664],[31.8547,2.364],[31.8549,2.3632],[31.854,2.3611],[31.8527,2.36],[31.8513,2.3593],[31.8495,2.359],[31.8488,2.3594],[31.8468,2.3611],[31.842,2.3643],[31.8407,2.3645],[31.8373,2.3661],[31.836,2.3671],[31.8332,2.3692],[31.8308,2.3673],[31.8288,2.3659],[31.827,2.3656],[31.8255,2.3655],[31.8242,2.365],[31.8226,2.3644],[31.8212,2.3638],[31.8137,2.3594],[31.8105,2.3589],[31.807,2.3568],[31.8054,2.3553],[31.8034,2.3537],[31.8015,2.3514],[31.7986,2.3486],[31.798,2.3471],[31.7972,2.3461],[31.7945,2.3443],[31.7918,2.343],[31.7907,2.3428],[31.7898,2.3427],[31.789,2.3425],[31.786891159020097,2.341209989203405],[31.7849,2.3366],[31.7852,2.3356],[31.7852,2.3337],[31.7847,2.3332],[31.783,2.3327],[31.7805,2.3314],[31.7762,2.3316],[31.7726,2.3291],[31.7717,2.3287],[31.7691,2.3271],[31.7665,2.3234],[31.7647,2.3202],[31.7635,2.3162],[31.7599,2.3127],[31.7593,2.3124],[31.7557,2.3102],[31.7531,2.3087],[31.7526,2.3081],[31.751,2.3055],[31.7512,2.3031],[31.7507,2.3023],[31.7504,2.3019],[31.7504,2.3017],[31.746,2.049],[31.7433,2.0332],[31.7482,2.024],[31.7531,2.0222],[31.7547,2.0124],[31.758,2.0126],[31.7587,2.0017],[31.7556,1.9981],[31.7577,1.995],[31.7633,1.9953],[31.7672,1.9846],[31.8821,1.9649],[31.8808,1.9601],[31.8868,1.9521],[31.8866,1.9461],[31.896,1.9323],[31.8964,1.917],[31.9038,1.916],[31.9126,1.9055],[31.9216,1.9072],[31.9136,1.8959],[31.9054,1.8969],[31.8982,1.8914],[31.8934,1.8729],[31.8772,1.852],[31.8831,1.8354],[31.8861,1.8338],[31.8862,1.8247],[31.891,1.8182],[31.886,1.8062],[31.9096,1.7845],[31.9061,1.7738],[31.908,1.7687],[31.9141,1.7652],[31.9102,1.7389],[31.9196,1.7288],[31.9136,1.7133],[31.9141,1.6861],[31.9039,1.6648],[31.9096,1.6594],[31.9316,1.6548],[31.9665,1.6401],[31.9713,1.6327],[31.975,1.6172],[31.983,1.613],[32.0002,1.6179],[32.013,1.6273],[32.0342,1.6283],[32.0495,1.6231],[32.0717,1.6259],[32.0844,1.6337],[32.0834,1.6388],[32.0905,1.6409],[32.093672413753254,1.646575862126632]]]]},"properties":{"name":"Kiryandongo District","id":"B0G9cqixld8"}},
{"type":"Feature","geometry":{"type":"Polygon","coordinates":[[[29.8192,-1.3105],[29.8189,-1.3007],[29.812,-1.2836],[29.7858,-1.2432],[29.7865,-1.2355],[29.7822,-1.225],[29.7763,-1.2166],[29.7684,-1.2148],[29.7518,-1.1948],[29.7562,-1.1916],[29.7648,-1.1924],[29.7699,-1.1882],[29.7883,-1.1928],[29.7929,-1.1913],[29.78,-1.173],[29.7513,-1.1527],[29.7516,-1.1451],[29.7435,-1.1354],[29.7409,-1.1269],[29.7278,-1.1245],[29.7339,-1.1027],[29.7381,-1.0972],[29.743,-1.0985],[29.7473,-1.0943],[29.7521,-1.0787],[29.7446,-1.0784],[29.7353,-1.0713],[29.7219,-1.0712],[29.7136,-1.0641],[29.7124,-1.0592],[29.7055,-1.0569],[29.6963,-1.0613],[29.6899,-1.0574],[29.683,-1.0609],[29.6801,-1.0546],[29.6729,-1.0591],[29.6689,-1.0554],[29.6601,-1.0559],[29.6573,-1.0535],[29.6586,-1.0475],[29.6486,-1.0484],[29.6226,-1.0317],[29.6183,-1.0332],[29.6148,-1.0274],[29.6054,-1.026],[29.5981,-1.0294],[29.5961,-1.0187],[29.5838,-1.0072],[29.5824,-1.02],[29.5897,-1.0529],[29.582,-1.1046],[29.5779,-1.1105],[29.5802,-1.118],[29.5757,-1.1291],[29.5797,-1.1476],[29.5853,-1.1555],[29.5768,-1.1705],[29.5792,-1.1795],[29.5722,-1.1862],[29.5842,-1.2041],[29.6074,-1.2217],[29.6026,-1.2247],[29.6066,-1.2327],[29.6042,-1.2442],[29.5956,-1.2505],[29.5922,-1.2704],[29.5984,-1.3017],[29.6063,-1.3175],[29.5896,-1.3883],[29.6151,-1.3863],[29.6377,-1.3884],[29.6442,-1.3831],[29.6755,-1.382],[29.688,-1.367],[29.6892,-1.3614],[29.6985,-1.3579],[29.7081,-1.3503],[29.7108,-1.3444],[29.7278,-1.3402],[29.7557,-1.3447],[29.7649,-1.3518],[29.7743,-1.3656],[29.7949,-1.3722],[29.7946,-1.3492],[29.807,-1.3299],[29.8177,-1.3274],[29.8192,-1.3105]],[[29.644981555683163,-1.232142867992435],[29.653473058252207,-1.225975450024097],[29.64767917707602,-1.191115623593867],[29.670326976740533,-1.188481060655522],[29.679353049170636,-1.211840914390773],[29.677938945646563,-1.224816465484641],[29.671121999223363,-1.242103288622892],[29.67298862901248,-1.256370961089498],[29.666784641751526,-1.264400975931146],[29.649198035893885,-1.250118679447652],[29.644981555683163,-1.232142867992435]]]},"properties":{"name":"Kisoro District","id":"aPhSZRinfbg"}},
{"type":"Feature","geometry":{"type":"Polygon","coordinates":[[[30.254733509394413,0.057500528184123],[30.275879101198026,0.053598570731744],[30.288697897968298,0.043929428128643],[30.299701644915594,0.046613877957159],[30.303072639091397,0.04400224999461],[30.303123852927452,0.039339043418523],[30.29611232361806,0.030301641667828],[30.297917099223664,0.01144107838032],[30.287879280442624,-0.005612046147564],[30.276894987132646,-0.012778358377006],[30.272466436792318,-0.03076193123669],[30.267018742377456,-0.03425005498399],[30.26063081954629,-0.044859198102566],[30.252304557382676,-0.047678378291416],[30.241537809128854,-0.059073298558813],[30.24109922227458,-0.062082516487877],[30.24587512557013,-0.065489638236174],[30.242664105263824,-0.066085887089969],[30.241991067679024,-0.072610392440369],[30.2319950140825,-0.079703575873387],[30.218281951475465,-0.07548036525721],[30.216,-0.0784],[30.2123,-0.1034],[30.2179,-0.1031],[30.2314,-0.1138],[30.2385,-0.1256],[30.2415,-0.1226],[30.2461,-0.1241],[30.2514,-0.1187],[30.2755,-0.1129],[30.2802,-0.117],[30.2919,-0.1181],[30.3063,-0.1304],[30.322,-0.1335],[30.3372,-0.1425],[30.3481,-0.1405],[30.3517,-0.1492],[30.3566,-0.1523],[30.3781,-0.1441],[30.3801,-0.1526],[30.3888,-0.1619],[30.3926,-0.1737],[30.3991,-0.1785],[30.4157,-0.1826],[30.432,-0.1803],[30.4417,-0.1667],[30.4657,-0.1527],[30.4481,-0.1429],[30.4308,-0.1389],[30.4216,-0.1291],[30.424,-0.115],[30.4163,-0.1016],[30.4194,-0.0864],[30.4095,-0.0627],[30.4101,-0.0492],[30.3944,-0.0213],[30.3892,-0.018],[30.3847,-0.0027],[30.4016,0.014],[30.4064,0.0244],[30.4148,0.026],[30.4224,0.0326],[30.423,0.0379],[30.4281,0.0374],[30.4277,0.0463],[30.4353,0.0472],[30.4452,0.0587],[30.452,0.0615],[30.4561,0.073],[30.4506,0.0748],[30.4534,0.0958],[30.4721,0.1044],[30.4766,0.1081],[30.4767,0.1149],[30.4796,0.1158],[30.4757,0.1228],[30.4794,0.1264],[30.4771,0.131],[30.4665,0.1348],[30.4497,0.1605],[30.4169,0.1607],[30.4126,0.1437],[30.4142,0.14],[30.4013,0.1505],[30.3826,0.1445],[30.3785,0.1488],[30.362,0.1514],[30.3608,0.1566],[30.3429,0.1603],[30.3394,0.1699],[30.3284,0.1696],[30.3179,0.1825],[30.3241,0.1835],[30.3154,0.1933],[30.3007,0.1968],[30.3018,0.2031],[30.2925,0.2084],[30.2893,0.2068],[30.2861,0.211],[30.2658,0.1813],[30.2683,0.1573],[30.2651,0.1541],[30.2638,0.1347],[30.2666,0.1148],[30.2703,0.1121],[30.2641,0.0862],[30.2588,0.0788],[30.254733509394413,0.057500528184123]]]},"properties":{"name":"Kitagwenda District","id":"qKmESX5Owwr"}},
{"type":"Feature","geometry":{"type":"Polygon","coordinates":[[[31.0459,3.3223],[31.0505,3.3245],[31.0588,3.3627],[31.0643,3.3756],[31.0685,3.3705],[31.0808,3.3763],[31.0821,3.3875],[31.0853,3.3901],[31.0835,3.3937],[31.0804,3.3935],[31.0874,3.4002],[31.0904,3.4204],[31.0964,3.4334],[31.1026,3.4379],[31.0934,3.4442],[31.0898,3.4557],[31.0923,3.4618],[31.0923,3.4729],[31.0892,3.4758],[31.0943,3.5252],[31.0864,3.5437],[31.0896,3.5533],[31.0872,3.5585],[31.092,3.5687],[31.0911,3.5789],[31.0996,3.591],[31.1005,3.7359],[31.0944,3.7393],[31.0916,3.7344],[31.0888,3.7416],[31.0847,3.7394],[31.0802,3.7429],[31.0696,3.7426],[31.059,3.7336],[31.0637,3.7296],[31.0607,3.7192],[31.0228,3.6933],[31.0196,3.6935],[31.0168,3.7001],[31.0084,3.7062],[31.0007,3.7087],[30.9809,3.7014],[30.9729,3.692],[30.9674,3.673],[30.9559,3.6686],[30.948,3.6534],[30.9493,3.6333],[30.9404,3.6264],[30.9392,3.619],[30.9311,3.6196],[30.9267,3.6158],[30.9211,3.5994],[30.9099,3.5951],[30.9034,3.5746],[30.8877,3.5539],[30.8621,3.482],[30.8711,3.4797],[30.8788,3.4816],[30.8805,3.4885],[30.8931,3.4991],[30.9032,3.5003],[30.9123,3.5056],[30.9366,3.5065],[30.9407,3.4993],[30.9383,3.4931],[30.9437,3.4658],[30.9374,3.4598],[30.9358,3.4419],[30.9386,3.4013],[30.919,3.3853],[30.918,3.3693],[30.9312,3.3559],[30.9322,3.3503],[30.9375,3.3495],[30.9367,3.3431],[30.9419,3.3355],[30.9465,3.332],[30.947,3.3356],[30.9516,3.3348],[30.9576,3.329],[30.9628,3.3292],[30.9621,3.3256],[30.9731,3.3333],[30.9833,3.3238],[30.9887,3.3383],[31.0101,3.3315],[31.0417,3.3326],[31.0457,3.3291],[31.0459,3.3223]]]},"properties":{"name":"Koboko District","id":"iqsaGItA68C"}},
{"type":"Feature","geometry":{"type":"Polygon","coordinates":[[[32.803,2.502],[32.792,2.4831],[32.7747,2.4737],[32.7487,2.4719],[32.7304,2.4647],[32.7163,2.4674],[32.7071,2.4732],[32.6934,2.47],[32.7073,2.4582],[32.7034,2.4464],[32.695,2.4375],[32.6974,2.4331],[32.694,2.4274],[32.6958,2.4188],[32.6935,2.4151],[32.6799,2.4168],[32.6612,2.3949],[32.651,2.3972],[32.6405,2.3812],[32.6149,2.3619],[32.6171,2.3493],[32.6145,2.3399],[32.624,2.3359],[32.6209,2.3267],[32.6262,2.3223],[32.6461,2.3225],[32.6625,2.3041],[32.6551,2.2928],[32.6543,2.2743],[32.6397,2.2563],[32.6278,2.258],[32.6089,2.2516],[32.5867,2.2329],[32.5768,2.2186],[32.5802,2.2119],[32.5941,2.2091],[32.5959,2.1992],[32.6061,2.1938],[32.6182,2.1738],[32.6329,2.1714],[32.6264,2.1622],[32.6247,2.1446],[32.631,2.1368],[32.6418,2.1367],[32.6468,2.1317],[32.6556,2.1302],[32.663,2.1353],[32.6757,2.1364],[32.6964,2.1316],[32.7088,2.1499],[32.7232,2.1468],[32.724,2.1336],[32.7406,2.1321],[32.7526,2.1371],[32.7747,2.1373],[32.7797,2.1337],[32.7827,2.1169],[32.7992,2.0857],[32.8133,2.0976],[32.8195,2.0988],[32.8284,2.0918],[32.8487,2.1047],[32.8513,2.0876],[32.8601,2.0783],[32.873,2.0846],[32.8774,2.0885],[32.8802,2.0913],[32.8809,2.0919],[32.8878,2.0948],[32.8903,2.096],[32.8921,2.0972],[32.894,2.0983],[32.895,2.0993],[32.8955,2.0995],[32.8957,2.0997],[32.897,2.1006],[32.8979,2.1009],[32.8987,2.1013],[32.8992,2.1017],[32.8991,2.1024],[32.898,2.1034],[32.8976,2.1041],[32.8975,2.1059],[32.8974,2.1072],[32.8972,2.1088],[32.8971,2.1096],[32.8971,2.1101],[32.8979,2.1111],[32.8984,2.1114],[32.8999,2.1128],[32.9013,2.1136],[32.902,2.1143],[32.9054,2.1166],[32.9094,2.1199],[32.9137,2.1232],[32.9206,2.1291],[32.9213,2.1297],[32.9217,2.1304],[32.9233,2.1314],[32.9244,2.1322],[32.9248,2.1331],[32.9243,2.1359],[32.9244,2.1381],[32.9245,2.1396],[32.9241,2.1456],[32.9236,2.1478],[32.9215,2.1537],[32.9212,2.1543],[32.916,2.1693],[32.9155,2.1709],[32.9149,2.1725],[32.9131,2.173],[32.9117,2.1738],[32.9101,2.1753],[32.9096,2.1763],[32.9091,2.1766],[32.9082,2.1774],[32.9061,2.1782],[32.9048,2.1782],[32.9046,2.1782],[32.9034,2.1776],[32.9029,2.1772],[32.9016,2.177],[32.899,2.1772],[32.8979,2.1788],[32.8975,2.1798],[32.897,2.181],[32.895,2.1826],[32.8941,2.1827],[32.8934,2.1831],[32.8916,2.1833],[32.8906,2.1844],[32.8903,2.1859],[32.8896,2.1872],[32.888,2.1892],[32.8852,2.1908],[32.8843,2.1913],[32.8828,2.1918],[32.8826,2.1918],[32.8819,2.1915],[32.8815,2.1916],[32.8808,2.1912],[32.8795,2.1906],[32.8782,2.1914],[32.8773,2.1922],[32.8765,2.1928],[32.8756,2.194],[32.8752,2.1942],[32.874,2.1941],[32.8736,2.1942],[32.8724,2.1944],[32.8711,2.1945],[32.8693,2.195],[32.8685,2.1952],[32.8639,2.1993],[32.8639,2.201],[32.8633,2.2059],[32.8565,2.2092],[32.8457,2.213],[32.8404,2.2149],[32.836,2.2164],[32.8352,2.2166],[32.8329,2.2169],[32.8323,2.2174],[32.8318,2.2175],[32.83,2.2183],[32.8281,2.2181],[32.8268,2.2179],[32.8255,2.2178],[32.8253,2.2177],[32.8241,2.2178],[32.8216,2.219],[32.8211,2.2194],[32.8208,2.2213],[32.8204,2.2219],[32.8204,2.223],[32.8211,2.2249],[32.8218,2.2259],[32.8225,2.2272],[32.8225,2.2286],[32.8225,2.2292],[32.8224,2.2305],[32.8223,2.231],[32.8213,2.2333],[32.8197,2.2365],[32.8168,2.2414],[32.8149,2.2439],[32.8145,2.2443],[32.8116,2.247],[32.8115,2.2471],[32.8109,2.2476],[32.8105,2.2482],[32.8105,2.2488],[32.8105,2.2501],[32.8107,2.2526],[32.8114,2.256],[32.8116,2.2566],[32.8127,2.2619],[32.813,2.2644],[32.8139,2.2669],[32.8153,2.2688],[32.8166,2.2705],[32.8181,2.2727],[32.8184,2.275],[32.8187,2.2766],[32.8187,2.2769],[32.8187,2.2789],[32.8186,2.2793],[32.8182,2.282],[32.8181,2.282],[32.8176,2.2825],[32.8167,2.2839],[32.8165,2.2852],[32.816,2.2869],[32.8161,2.2883],[32.8166,2.2904],[32.8165,2.2911],[32.8162,2.2923],[32.8162,2.2935],[32.8163,2.294],[32.8165,2.2945],[32.8178,2.2972],[32.8176,2.2981],[32.8175,2.2991],[32.8179,2.3],[32.8186,2.3012],[32.8189,2.3035],[32.8188,2.3045],[32.8185,2.3066],[32.8181,2.3071],[32.8166,2.3087],[32.8149,2.311],[32.8143,2.3121],[32.8124,2.3131],[32.811,2.3149],[32.8103,2.3165],[32.8095,2.3184],[32.8095,2.3205],[32.8101,2.3237],[32.8101,2.3246],[32.8104,2.3256],[32.8113,2.3258],[32.8115,2.3255],[32.8116,2.3251],[32.8117,2.3249],[32.8123,2.3251],[32.8126,2.3258],[32.8134,2.3258],[32.8135,2.3252],[32.8133,2.3247],[32.8135,2.3244],[32.8138,2.3245],[32.8146,2.3253],[32.8167,2.325],[32.8171,2.3245],[32.8172,2.3243],[32.8176,2.3239],[32.8178,2.3239],[32.8192,2.3235],[32.8198,2.3237],[32.8209,2.3237],[32.8213,2.3232],[32.8218,2.3229],[32.8223,2.3228],[32.8228,2.3222],[32.8227,2.3217],[32.8226,2.3214],[32.8226,2.3213],[32.8229,2.3211],[32.8231,2.3208],[32.8232,2.3207],[32.8233,2.3207],[32.8236,2.3214],[32.8247,2.3213],[32.8262,2.3215],[32.8272,2.3215],[32.8273,2.3214],[32.8276,2.3213],[32.8277,2.3212],[32.8278,2.3211],[32.8281,2.3201],[32.8282,2.3201],[32.8283,2.3202],[32.8299,2.3203],[32.8301,2.3203],[32.8303,2.3203],[32.8309,2.3197],[32.8311,2.3195],[32.8312,2.3194],[32.8328,2.3172],[32.833,2.3166],[32.8325,2.3159],[32.8332,2.3142],[32.8335,2.3139],[32.8335,2.3132],[32.8343,2.3121],[32.8346,2.3111],[32.8348,2.3096],[32.8352,2.3092],[32.8362,2.3078],[32.8366,2.3076],[32.8376,2.3071],[32.8377,2.3066],[32.8383,2.3062],[32.839,2.3064],[32.8389,2.3057],[32.8389,2.3052],[32.8406,2.3044],[32.8407,2.3034],[32.8412,2.3034],[32.843,2.3034],[32.8441,2.304],[32.845,2.3045],[32.8453,2.3044],[32.8461,2.3043],[32.8472,2.3037],[32.8478,2.3031],[32.8483,2.3023],[32.849,2.3016],[32.8502,2.3011],[32.8503,2.3011],[32.8569,2.3175],[32.8596,2.3245],[32.8665,2.3241],[32.8761,2.3277],[32.8795,2.3256],[32.8801,2.3261],[32.8826,2.3266],[32.884,2.3266],[32.8847,2.3267],[32.8853,2.3272],[32.8855,2.3279],[32.8909,2.3304],[32.9022,2.3317],[32.9095,2.3343],[32.914,2.3469],[32.9147,2.3478],[32.915,2.3484],[32.915,2.3504],[32.9162,2.3529],[32.9171,2.3547],[32.9182,2.3567],[32.9185,2.3579],[32.9185,2.3587],[32.9188,2.3619],[32.9189,2.3645],[32.9188,2.3659],[32.9188,2.368],[32.919,2.3692],[32.9189,2.3702],[32.9174,2.3728],[32.9179,2.3749],[32.9182,2.3777],[32.9184,2.3793],[32.9206,2.3848],[32.9209,2.3858],[32.9211,2.3867],[32.9193,2.3903],[32.9186,2.391],[32.9183,2.3913],[32.9174,2.3922],[32.9165,2.3933],[32.9161,2.3938],[32.9156,2.3944],[32.9149,2.3946],[32.9139,2.3948],[32.913,2.3954],[32.9133,2.3959],[32.9134,2.3964],[32.9134,2.397],[32.9123,2.3989],[32.9121,2.4],[32.9122,2.4021],[32.9123,2.4027],[32.9127,2.4036],[32.913,2.405],[32.9135,2.4064],[32.9132,2.4069],[32.9117,2.4081],[32.9104,2.4096],[32.9103,2.4108],[32.9103,2.413],[32.9095,2.4146],[32.9088,2.4167],[32.9083,2.4187],[32.9082,2.4192],[32.9069,2.4232],[32.9063,2.4256],[32.9057,2.4271],[32.9045,2.4289],[32.9034,2.4315],[32.9027,2.4332],[32.9013,2.4356],[32.9002,2.4372],[32.8998,2.4378],[32.899,2.439],[32.8985,2.4394],[32.8974,2.4402],[32.8967,2.4407],[32.8958,2.4416],[32.8954,2.4422],[32.8943,2.4434],[32.8931,2.4442],[32.8883,2.4447],[32.887,2.4446],[32.8839,2.4462],[32.8832,2.4471],[32.8823,2.4492],[32.883,2.4521],[32.8827,2.4536],[32.8818,2.4569],[32.8821,2.4591],[32.8821,2.4607],[32.8816,2.4624],[32.8812,2.4633],[32.8802,2.4637],[32.8797,2.4639],[32.8791,2.4643],[32.8785,2.465],[32.878,2.4664],[32.8783,2.4684],[32.8782,2.4694],[32.8778,2.4702],[32.8778,2.4706],[32.878,2.471],[32.8782,2.4714],[32.8766,2.4738],[32.8761,2.4743],[32.876,2.4756],[32.8758,2.4763],[32.8751,2.4768],[32.8743,2.4784],[32.8743,2.4798],[32.8746,2.4804],[32.8745,2.482],[32.8738,2.4832],[32.8726,2.4843],[32.8713,2.4844],[32.8712,2.485],[32.8711,2.4853],[32.8706,2.4855],[32.8704,2.4863],[32.8698,2.4871],[32.8698,2.4876],[32.8701,2.4885],[32.8696,2.4892],[32.8697,2.49],[32.8704,2.4937],[32.8698,2.4949],[32.8692,2.4955],[32.8692,2.4962],[32.869,2.4966],[32.8684,2.4971],[32.8684,2.4976],[32.8686,2.4989],[32.8685,2.4997],[32.8671,2.5045],[32.8667,2.5048],[32.866,2.5054],[32.8658,2.5056],[32.8661,2.5069],[32.8655,2.5075],[32.8641,2.5082],[32.8635,2.508],[32.8631,2.5078],[32.8621,2.5069],[32.8617,2.5068],[32.8609,2.5064],[32.8597,2.5056],[32.8586,2.5048],[32.8584,2.5045],[32.8582,2.5041],[32.8576,2.5034],[32.8572,2.5029],[32.8568,2.5027],[32.8565,2.5025],[32.8562,2.5022],[32.8546,2.5016],[32.8541,2.5015],[32.8539,2.5014],[32.853,2.5011],[32.8523,2.5004],[32.8521,2.5],[32.8513,2.4997],[32.851,2.4994],[32.8509,2.4992],[32.8503,2.4989],[32.8496,2.4982],[32.8489,2.4976],[32.8479,2.4973],[32.8466,2.4969],[32.8446,2.4964],[32.8392,2.496],[32.8383,2.4958],[32.8348,2.4954],[32.8344,2.4957],[32.833,2.4966],[32.8325,2.4968],[32.8322,2.4969],[32.831,2.4972],[32.8307,2.4976],[32.8306,2.4981],[32.8304,2.4985],[32.8302,2.4988],[32.8297,2.5],[32.8295,2.5007],[32.8294,2.5011],[32.8294,2.5013],[32.8297,2.5019],[32.8297,2.5022],[32.8296,2.5027],[32.8295,2.5029],[32.8296,2.504],[32.8298,2.5044],[32.8298,2.505],[32.8294,2.5056],[32.829,2.5062],[32.828,2.508],[32.8279,2.5086],[32.8275,2.5104],[32.8272,2.5122],[32.8266,2.5142],[32.8264,2.5149],[32.8263,2.5151],[32.8262,2.5166],[32.826,2.517],[32.8258,2.5178],[32.8255,2.5185],[32.8254,2.5195],[32.8247,2.5184],[32.8218,2.5174],[32.8202,2.5171],[32.8194,2.5164],[32.8188,2.516],[32.8184,2.516],[32.8177,2.5156],[32.817,2.5153],[32.8157,2.5134],[32.8149,2.5134],[32.8143,2.5127],[32.8138,2.5125],[32.8131,2.5123],[32.8125,2.5115],[32.8116,2.5105],[32.8104,2.5102],[32.8095,2.5101],[32.8086,2.5101],[32.8082,2.509],[32.8076,2.5074],[32.8074,2.5071],[32.8058,2.5058],[32.8054,2.505],[32.8047,2.5044],[32.8042,2.5038],[32.8038,2.5031],[32.803,2.5021],[32.803,2.502]]]},"properties":{"name":"Kole District","id":"Y4LV8xqkv6J"}},
{"type":"Feature","geometry":{"type":"MultiPolygon","coordinates":[[[[33.792749285923925,1.321193238154344],[33.78574749578686,1.323057598755633],[33.78562666570643,1.319665946605594],[33.792749285923925,1.321193238154344]]],[[[33.745220237608336,1.358560119112522],[33.74079762670994,1.349924648324585],[33.74600050093546,1.347017427410369],[33.75111765024393,1.348576929059654],[33.75062258690106,1.342615167853381],[33.74165956350579,1.339311141505842],[33.74015630128355,1.335737663922119],[33.75024413862063,1.341392030508085],[33.74474933984123,1.328114594581837],[33.75030396477995,1.320002447358131],[33.7592664391224,1.323646001165921],[33.77453736132543,1.32289152549625],[33.783632097828274,1.327327614134479],[33.81476551635757,1.323148254644424],[33.82542769779333,1.309256907787617],[33.83763149190643,1.30806183333717],[33.835878338233826,1.299818699521666],[33.845936959142385,1.289182562598369],[33.850076273674304,1.288491114709894],[33.85710161020437,1.276942338310163],[33.86545412405783,1.273295869829316],[33.88421136712387,1.271824829920103],[33.88278716402152,1.282798912644418],[33.9072510532825,1.266742752777229],[33.92202662036769,1.263011034947381],[33.9366,1.2768],[33.9545,1.2789],[33.9767,1.2914],[33.9837,1.3024],[33.9934,1.3052],[34.0082,1.3196],[34.0103,1.343],[34.0239,1.3654],[34.0147,1.3911],[34.0251,1.4161],[34.0236,1.4263],[34.0126,1.4407],[34.0088,1.4522],[34.0202,1.4534],[34.0283,1.4587],[34.0438,1.478],[34.0471,1.4934],[34.0542,1.5],[34.0863,1.5165],[34.1055,1.5373],[34.1073,1.5587],[34.1133,1.5704],[34.1219,1.5756],[34.2295,1.5794],[34.2291,1.6372],[34.229,1.6401],[34.22347664103732,1.640168224053713],[34.22796931935363,1.635820448314518],[34.224946102301914,1.630631232775795],[34.19001064365235,1.626866870032082],[34.154943183836785,1.630592311499146],[34.14485587663561,1.635707643711039],[34.137753023101055,1.643502349850129],[34.09256050625949,1.645406642701592],[34.09352100030495,1.633512086289047],[34.07957257443952,1.626940395739059],[34.062005885459065,1.628349595576014],[34.03989206806138,1.640046316248714],[34.02512406828437,1.63725176768949],[34.01110135662312,1.641882479327687],[34.00672581391711,1.638228770123832],[34.003874961321436,1.627607561417275],[33.99155912601006,1.624546573717863],[33.986514052801105,1.618741029827769],[33.97850348179671,1.620533482184117],[33.97498109355521,1.617379576979035],[33.98023311646762,1.58708566492555],[33.97693368233813,1.584769783567565],[33.97279356667853,1.585574853554559],[33.962716321938494,1.603386847842848],[33.95718949198993,1.601540684627674],[33.95531978619751,1.594248524502363],[33.950827169064844,1.592178519645496],[33.946304925792944,1.592892420652091],[33.939966477501066,1.600097949891599],[33.92915463021163,1.5981941900103],[33.92203554219043,1.611259935973938],[33.922260195820996,1.619815996214974],[33.91850383227134,1.628475934760029],[33.91015358896354,1.622571798927334],[33.900816679294415,1.623976173181402],[33.89785038707707,1.618896905055699],[33.8991,1.5978],[33.887,1.5819],[33.8656,1.5207],[33.8515,1.4936],[33.844,1.4895],[33.8278,1.4568],[33.8105,1.4421],[33.8024,1.4169],[33.7896,1.3982],[33.7906,1.3933],[33.8039,1.3771],[33.808,1.3655],[33.8058,1.3611],[33.7983,1.3553],[33.7694,1.3661],[33.745220237608336,1.358560119112522]],[[34.117527457754726,1.576419350424233],[34.10687972898002,1.589476950204045],[34.09539274065163,1.596490046979856],[34.08901818910087,1.60930824279524],[34.09361915327626,1.621743445133655],[34.10008105635467,1.627257433310672],[34.09942635448903,1.619583759830261],[34.10682557691619,1.619373921344517],[34.12181211775213,1.633122137197242],[34.12858297129093,1.632412776068589],[34.13280130651493,1.627148756582917],[34.13858226539881,1.635467290879917],[34.148047197967415,1.62745412967431],[34.16002287461157,1.622817980550852],[34.199207822773225,1.617969910757174],[34.21343311892859,1.61259194127104],[34.21916371597118,1.605068273577319],[34.217514848933455,1.59920317393033],[34.212615612935494,1.598060743058877],[34.16982892638825,1.595568279025863],[34.149472137759034,1.597877360679565],[34.135237575431894,1.589177941405929],[34.13004263350281,1.580520895842418],[34.12133452993787,1.582560883501984],[34.117527457754726,1.576419350424233]]]]},"properties":{"name":"Kumi District","id":"saT18HClZoz"}},
{"type":"Feature","geometry":{"type":"Polygon","coordinates":[[[32.577025822768675,1.679321215785784],[32.58357415249645,1.679555484559647],[32.59108324434966,1.686768389902271],[32.5966354046466,1.686610950302798],[32.60708282248284,1.697714925792038],[32.604506010889615,1.705611312180187],[32.615777484904946,1.707421036020661],[32.61682652689595,1.714692231087252],[32.62668252734283,1.724246167051005],[32.63938625029716,1.725754964685264],[32.64442379010857,1.736407696038708],[32.66927517994984,1.75404696839193],[32.66777458607813,1.760273350670392],[32.671297051260815,1.772870055386336],[32.66917712809153,1.806043598023758],[32.67243621192513,1.813234637068587],[32.680756667133004,1.816110559796672],[32.68822120301124,1.813069787266558],[32.6911615274614,1.808336403908581],[32.68623077591262,1.805043544423319],[32.68395063596503,1.810309398848215],[32.67892816428861,1.798167045880608],[32.69004212241525,1.7867823651426],[32.68816738194598,1.777509060222373],[32.6909664128934,1.753401569273936],[32.70242341932101,1.762813840065296],[32.70245508503573,1.772162048793107],[32.70787481666268,1.785271328007821],[32.72141411803305,1.779505903931887],[32.72703598007761,1.785300300620377],[32.73147148741917,1.801662400294725],[32.7335866942086,1.80318998056095],[32.73882400496655,1.797197020687364],[32.743303195648835,1.797463984483477],[32.74887903930294,1.811905972948342],[32.753236243720096,1.80864366813688],[32.75917782652506,1.811829630725982],[32.756836857511566,1.832059286660673],[32.765799168401955,1.83192902136847],[32.76928986912907,1.841839777918135],[32.769505731344736,1.858700575155056],[32.77739024588878,1.868283371609195],[32.77641070886531,1.852929386942749],[32.78087776270087,1.848035438929238],[32.797888361747646,1.854391403181063],[32.80830994571127,1.872376640517647],[32.81887587172117,1.857581968904541],[32.827803353776204,1.856056155545899],[32.83112976811535,1.860280097035195],[32.835411560010705,1.852129276776812],[32.83875666678584,1.851758086155135],[32.844883269035336,1.8538086717762],[32.845758553427316,1.869640191326522],[32.855713397385905,1.867667059286493],[32.861658461577434,1.863812871355584],[32.85411987401034,1.854812851318883],[32.859320210753964,1.837751118919059],[32.86804404528893,1.837609012613921],[32.878015252589385,1.848289661442296],[32.877432091378864,1.829555981183018],[32.88010728983664,1.825143673255962],[32.887156018141106,1.82285575488225],[32.8942492911917,1.832134380272702],[32.902216391647336,1.822361306246322],[32.90631561339646,1.821321096296944],[32.914690313426036,1.829107205558016],[32.92109627298157,1.830315868705117],[32.9165722946461,1.847434681381955],[32.924436498337386,1.851313178940897],[32.92913898931456,1.85868402442612],[32.93015011827566,1.883205397030192],[32.93634666561814,1.876721047744455],[32.942032974951836,1.876492239068234],[32.944209738078804,1.886303728374404],[32.95300165709883,1.899685086118099],[32.9515,1.9068],[32.9585,1.9404],[32.9502,1.9479],[32.9381,1.953],[32.9315,1.9629],[32.9218,1.9668],[32.9177,1.9762],[32.9043,1.9639],[32.8934,1.962],[32.8695,1.9459],[32.8672,1.9496],[32.8664,1.9722],[32.8605,1.9895],[32.8845,2.0021],[32.8935,2.0154],[32.8879,2.0451],[32.8942,2.0713],[32.8926,2.073],[32.8918,2.0736],[32.8886,2.075],[32.8882,2.0753],[32.8875,2.076],[32.8864,2.0765],[32.8831,2.0773],[32.8817,2.0776],[32.8795,2.0785],[32.8786,2.0793],[32.8782,2.0797],[32.878,2.0802],[32.8773,2.0817],[32.8769,2.0822],[32.8755,2.0831],[32.873,2.0846],[32.8601,2.0783],[32.8513,2.0876],[32.8487,2.1047],[32.8284,2.0918],[32.8195,2.0988],[32.8133,2.0976],[32.7992,2.0857],[32.7827,2.1169],[32.7797,2.1337],[32.7747,2.1373],[32.7526,2.1371],[32.7406,2.1321],[32.724,2.1336],[32.7232,2.1468],[32.7088,2.1499],[32.6964,2.1316],[32.6757,2.1364],[32.663,2.1353],[32.6556,2.1302],[32.6468,2.1317],[32.6418,2.1367],[32.631,2.1368],[32.6247,2.1446],[32.6205,2.1249],[32.5969,2.1181],[32.6012,2.0923],[32.5956,2.0746],[32.6061,2.0659],[32.6172,2.0645],[32.6153,2.0514],[32.6225,2.0382],[32.6186,2.0294],[32.6209,2.0235],[32.6385,2.0225],[32.6512,2.0287],[32.6627,2.0216],[32.6546,1.9727],[32.6579,1.9585],[32.6554,1.9464],[32.6574,1.9296],[32.6479,1.9245],[32.6359,1.9228],[32.6071,1.9038],[32.5955,1.9005],[32.6013,1.8913],[32.5726,1.8792],[32.5495,1.8756],[32.5268,1.8575],[32.5436,1.8358],[32.5377,1.8286],[32.538,1.8144],[32.5472,1.7927],[32.5557,1.7878],[32.5543,1.7456],[32.5682,1.7339],[32.5678,1.7027],[32.5708,1.6933],[32.5761,1.6895],[32.577025822768675,1.679321215785784]]]},"properties":{"name":"Kwania District","id":"gCN6sU5BjlR"}},
{"type":"Feature","geometry":{"type":"Polygon","coordinates":[[[34.4267,1.558048759280283],[34.45127970068445,1.560775223095764],[34.457930716210896,1.553366701648569],[34.44324619735447,1.535730729781677],[34.44116795592037,1.521447403330423],[34.4323,1.522198521547935],[34.4463,1.5032],[34.4444,1.4952],[34.4414,1.4941],[34.4482,1.4818],[34.4476,1.4766],[34.4498,1.4723],[34.4594,1.4748],[34.4635,1.4729],[34.4707,1.4584],[34.4804,1.4548],[34.4783,1.439],[34.4858,1.4301],[34.4868,1.4199],[34.4815,1.4087],[34.4832,1.4072],[34.477,1.3985],[34.4769,1.3901],[34.4839,1.3827],[34.4819,1.3513],[34.4916,1.3364],[34.5106,1.3262],[34.5176,1.3087],[34.5222,1.305],[34.5241,1.2949],[34.5338,1.2837],[34.5427,1.2389],[34.5343,1.2231],[34.5388,1.1971],[34.5391,1.1837],[34.5366,1.18],[34.5249,1.1576],[34.5235,1.1444],[34.5268,1.13],[34.5269,1.1291],[34.5264,1.1191],[34.5378,1.1137],[34.5343,1.1036],[34.5752,1.0995],[34.5598,1.1271],[34.554,1.1478],[34.5568,1.1533],[34.5547,1.1573],[34.5584,1.1712],[34.559,1.203],[34.5547,1.2122],[34.5525,1.2293],[34.5599,1.2463],[34.5675,1.2537],[34.5643,1.2654],[34.5681,1.2935],[34.5858,1.3134],[34.5925,1.3308],[34.6003,1.3384],[34.6492,1.3545],[34.6625,1.3522],[34.6742,1.3645],[34.6789,1.3746],[34.6946,1.3821],[34.6979,1.3885],[34.7077,1.3935],[34.7109,1.4026],[34.723,1.4147],[34.7232,1.4376],[34.7181,1.4482],[34.7222,1.4548],[34.7201,1.467],[34.7261,1.4696],[34.7232,1.4748],[34.7115,1.4784],[34.7116,1.4987],[34.702,1.5013],[34.7,1.5242],[34.6864,1.5246],[34.6805,1.5278],[34.6755,1.524],[34.6713,1.5251],[34.6709,1.5219],[34.6593,1.5237],[34.6554,1.534],[34.6307,1.5461],[34.6253,1.5558],[34.6232,1.5691],[34.6178,1.5767],[34.6132,1.5738],[34.5954,1.5783],[34.5933,1.5847],[34.5857,1.5858],[34.575,1.5792],[34.5687,1.5805],[34.5623,1.5883],[34.5463,1.5938],[34.5457,1.5981],[34.5212,1.5999],[34.5166,1.5959],[34.4994,1.5949],[34.4979,1.6014],[34.4953,1.602],[34.4888,1.599],[34.4863,1.5862],[34.4718,1.5879],[34.4701,1.5843],[34.4652,1.5845],[34.464,1.5786],[34.4599,1.5788],[34.4612,1.5767],[34.4581,1.5731],[34.4534,1.573],[34.4539,1.5708],[34.4475,1.5735],[34.4452,1.5707],[34.4401,1.572],[34.4341,1.569],[34.436,1.5676],[34.4314,1.5643],[34.4324,1.5619],[34.4267,1.558048759280283]]]},"properties":{"name":"Kween District","id":"h1O9AvNR4jS"}},
{"type":"Feature","geometry":{"type":"Polygon","coordinates":[[[31.40077596832168,1.270353710133699],[31.38418029250138,1.259561994286616],[31.37291669014342,1.247116690144206],[31.3678,1.2386],[31.3188,1.2369],[31.2925,1.2082],[31.2971,1.2072],[31.3027,1.1977],[31.3203,1.1977],[31.3332,1.1927],[31.3421,1.1861],[31.3515,1.1721],[31.3781,1.1579],[31.3833,1.1565],[31.3958,1.163],[31.4161,1.1587],[31.4219,1.1507],[31.4262,1.1227],[31.4392,1.1087],[31.4508,1.1013],[31.4629,1.0788],[31.4687,1.0734],[31.4769,1.0717],[31.4861,1.0576],[31.5132,1.0472],[31.5153,1.0399],[31.5271,1.0282],[31.5266,1.0111],[31.5173,0.9961],[31.511,0.9936],[31.5092,0.9878],[31.5002,0.9832],[31.4905,0.9824],[31.4853,0.9735],[31.4693,0.9678],[31.4552,0.9572],[31.4467,0.9565],[31.4326,0.9492],[31.4303,0.9384],[31.4349,0.9293],[31.4357,0.9161],[31.454,0.8943],[31.4493,0.8777],[31.4494,0.865],[31.4643,0.8642],[31.4708,0.8607],[31.5093,0.8648],[31.5433,0.8567],[31.5746,0.8546],[31.5861,0.8492],[31.5956,0.8398],[31.6174,0.8335],[31.6204,0.8276],[31.629,0.8318],[31.6546,0.8158],[31.6639,0.8343],[31.6779,0.8484],[31.6813,0.8714],[31.6754,0.8824],[31.6787,0.8882],[31.6806,0.8854],[31.699,0.8813],[31.7173,0.8861],[31.7349,0.8857],[31.7464,0.8792],[31.749,0.8851],[31.7452,0.886],[31.7528,0.9034],[31.7462,0.9088],[31.7484,0.9202],[31.7561,0.9297],[31.7531,0.9379],[31.782,0.9537],[31.8116,0.9834],[31.8459,1.0349],[31.8533,1.0359],[31.8617,1.0328],[31.8694,1.0397],[31.8764,1.0403],[31.8791,1.0562],[31.8857,1.0617],[31.8929,1.0786],[31.8964,1.0822],[31.9066,1.0835],[31.9114,1.1063],[31.9085,1.1103],[31.9081,1.1277],[31.9141,1.1405],[31.9135,1.1573],[31.9038,1.1643],[31.8993,1.1741],[31.9056,1.1849],[31.9102,1.2054],[31.8931,1.2292],[31.884,1.2521],[31.8721,1.2709],[31.8602,1.2777],[31.8415,1.3291],[31.8235,1.3509],[31.8215,1.3591],[31.8075,1.3542],[31.7935,1.3547],[31.7756,1.343],[31.7729,1.3345],[31.7662,1.3336],[31.7535,1.3243],[31.7442,1.3257],[31.739,1.3232],[31.7255,1.3272],[31.7178,1.3335],[31.6952,1.3341],[31.6889,1.3369],[31.6797,1.3346],[31.6663,1.3431],[31.651,1.3473],[31.6104,1.3417],[31.583,1.3571],[31.5823,1.3574],[31.5795,1.3594],[31.578,1.3613],[31.5776,1.3619],[31.5729,1.3621],[31.5706,1.3632],[31.5684,1.3642],[31.566,1.365],[31.563,1.3653],[31.5616,1.3651],[31.56,1.3641],[31.5593,1.3638],[31.5582,1.3637],[31.5581,1.3637],[31.5573,1.3636],[31.5552,1.3639],[31.5528,1.3643],[31.5524,1.3644],[31.5503,1.3647],[31.5484,1.3645],[31.5452,1.3639],[31.5434,1.3634],[31.5407,1.3623],[31.54,1.362],[31.538,1.3623],[31.5378,1.3623],[31.5365,1.3624],[31.5351,1.3624],[31.5309,1.3616],[31.5273,1.359],[31.5259,1.3579],[31.5222,1.3547],[31.5195,1.3517],[31.5166,1.3486],[31.5142,1.346],[31.5137,1.3452],[31.511,1.3396],[31.5101,1.338],[31.5088,1.3367],[31.506,1.3329],[31.5037,1.3294],[31.5028,1.3283],[31.5015,1.327],[31.5005,1.3259],[31.4988,1.3249],[31.4956,1.3233],[31.493512771254036,1.322102249324633],[31.491322716963587,1.320220228219507],[31.4827,1.3149],[31.4786,1.3132],[31.4778,1.313],[31.4766,1.3125],[31.4755,1.3121],[31.4728,1.3112],[31.4709,1.3107],[31.4698,1.3105],[31.4688,1.31],[31.4656,1.3085],[31.4635,1.3071],[31.463008956088636,1.306608956120575],[31.46258185178515,1.306128827290386],[31.4617,1.3051],[31.459000131205265,1.28081545536846],[31.449472710100505,1.273896711987168],[31.4457,1.2722],[31.4447,1.2716],[31.4421,1.2704],[31.4405,1.2698],[31.4356,1.2695],[31.4341,1.2696],[31.4328,1.2696],[31.4302,1.2697],[31.4289,1.2697],[31.4272,1.2695],[31.4254,1.2693],[31.4229,1.2691],[31.4227,1.2691],[31.4216,1.2691],[31.4206,1.2691],[31.4192,1.2691],[31.4177,1.269],[31.4166,1.269],[31.4151,1.2692],[31.40077596832168,1.270353710133699]]]},"properties":{"name":"Kyankwanzi District","id":"IVuiLJYABw6"}},
{"type":"Feature","geometry":{"type":"Polygon","coordinates":[[[30.9081,0.7627],[30.9067,0.7639],[30.9047,0.7604],[30.9023,0.7501],[30.913,0.7135],[30.9211,0.7037],[30.9195,0.6929],[30.9258,0.6751],[30.9226,0.6457],[30.916,0.6381],[30.9011,0.6294],[30.8966,0.6311],[30.8883,0.6263],[30.8729,0.6254],[30.848,0.6042],[30.8462,0.599],[30.8391,0.5955],[30.8429,0.5838],[30.8515,0.579],[30.8533,0.5725],[30.8731,0.5608],[30.8793,0.5289],[30.8726,0.5208],[30.8719,0.4972],[30.8592,0.4701],[30.8589,0.4617],[30.8676,0.4443],[30.8516,0.4195],[30.8528,0.3971],[30.8598,0.3709],[30.8541,0.3617],[30.8505,0.3376],[30.8338,0.3315],[30.8222,0.3184],[30.8235,0.31],[30.8205,0.2999],[30.8116,0.2911],[30.8114,0.2848],[30.8058,0.2823],[30.8018,0.2692],[30.7899,0.254],[30.787,0.2365],[30.7729,0.2256],[30.7731,0.2106],[30.7686,0.2028],[30.7909,0.2113],[30.8331,0.1978],[30.8616,0.1997],[30.8798,0.2072],[30.8855,0.204],[30.8915,0.2049],[30.895,0.1998],[30.9105,0.2073],[30.9279,0.2],[30.9553,0.1997],[30.982,0.193],[30.9994,0.1935],[31.0134,0.1983],[31.0193,0.1975],[31.0281,0.2117],[31.0232,0.228],[31.0598,0.2545],[31.063,0.2622],[31.0787,0.2769],[31.1075,0.2953],[31.1152,0.3081],[31.1163,0.3172],[31.1388,0.3361],[31.1432,0.3536],[31.1233,0.3812],[31.1248,0.3843],[31.1138,0.4119],[31.1188,0.4222],[31.1178,0.4277],[31.1416,0.453],[31.1387,0.4741],[31.1453,0.4971],[31.1417,0.5],[31.1423,0.5082],[31.1543,0.503],[31.1691,0.5079],[31.2017,0.5072],[31.2182,0.5172],[31.2407,0.521],[31.2484,0.5275],[31.2487,0.5306],[31.2432,0.5326],[31.2413,0.5379],[31.2435,0.5445],[31.2507,0.5468],[31.2512,0.5544],[31.2568,0.5648],[31.2583,0.5822],[31.2554,0.6038],[31.2352,0.6145],[31.2156,0.6319],[31.2088,0.6385],[31.1907,0.6452],[31.1786,0.6536],[31.1513,0.6609],[31.1363,0.6585],[31.1298,0.6536],[31.1249,0.6575],[31.1197,0.6573],[31.1141,0.6499],[31.1055,0.6483],[31.1047,0.6361],[31.0957,0.6363],[31.0922,0.6426],[31.0791,0.6453],[31.0512,0.6617],[31.0462,0.6574],[31.036,0.6647],[31.001,0.6772],[30.9546,0.7059],[30.9386,0.7114],[30.9337,0.7198],[30.9279,0.7229],[30.9264,0.7357],[30.9168,0.7607],[30.9158,0.7573],[30.9085,0.7623],[30.9081,0.7627]]]},"properties":{"name":"Kyegegwa District","id":"a9tQqo1rSj7"}},
{"type":"Feature","geometry":{"type":"Polygon","coordinates":[[[30.4643,0.5725],[30.4688,0.5742],[30.475,0.5683],[30.4741,0.5654],[30.4785,0.5667],[30.4881,0.556],[30.4929,0.5581],[30.5073,0.5417],[30.5054,0.5125],[30.5035,0.5088],[30.4969,0.5069],[30.4968,0.5009],[30.5096,0.4864],[30.5154,0.4886],[30.5225,0.4805],[30.5326,0.4796],[30.5421,0.4655],[30.5429,0.4585],[30.5477,0.4548],[30.5444,0.4464],[30.541,0.4462],[30.5404,0.4406],[30.5374,0.4403],[30.538,0.4343],[30.5298,0.4336],[30.525,0.4261],[30.5299,0.4063],[30.5359,0.3994],[30.5463,0.4043],[30.5478,0.3911],[30.5654,0.3689],[30.5582,0.3569],[30.5586,0.3447],[30.59,0.3669],[30.5942,0.3727],[30.6088,0.3643],[30.6194,0.372],[30.626,0.3716],[30.6358,0.3774],[30.6427,0.3927],[30.6514,0.396],[30.6633,0.4088],[30.6674,0.4252],[30.6902,0.4432],[30.6912,0.461],[30.6968,0.4653],[30.7269,0.4671],[30.737,0.4729],[30.756,0.4714],[30.7636,0.4623],[30.7653,0.4553],[30.7846,0.4433],[30.7939,0.4319],[30.8094,0.4309],[30.8112,0.425],[30.8189,0.4251],[30.8256,0.4135],[30.8359,0.4037],[30.8519,0.4008],[30.8528,0.3971],[30.8516,0.4195],[30.8676,0.4443],[30.8589,0.4617],[30.8592,0.4701],[30.8719,0.4972],[30.8726,0.5208],[30.8793,0.5289],[30.8731,0.5608],[30.8533,0.5725],[30.8515,0.579],[30.8429,0.5838],[30.8391,0.5955],[30.8462,0.599],[30.848,0.6042],[30.8729,0.6254],[30.8883,0.6263],[30.8966,0.6311],[30.9011,0.6294],[30.916,0.6381],[30.9226,0.6457],[30.9258,0.6751],[30.9195,0.6929],[30.9211,0.7037],[30.913,0.7135],[30.9023,0.7501],[30.9047,0.7604],[30.9067,0.7639],[30.9081,0.7627],[30.9082,0.7626],[30.9069,0.764],[30.9002,0.7679],[30.898,0.774],[30.891,0.774],[30.8771,0.7873],[30.8517,0.8041],[30.8444,0.812],[30.8445,0.8281],[30.8383,0.8295],[30.831,0.8262],[30.829,0.8393],[30.7963,0.8374],[30.7893,0.8336],[30.7808,0.8454],[30.7732,0.844],[30.7624,0.8504],[30.7608,0.8598],[30.7505,0.8607],[30.7459,0.8577],[30.7388,0.8618],[30.7354,0.8712],[30.7282,0.8714],[30.7273,0.8783],[30.7059,0.8849],[30.703,0.8826],[30.6893,0.8852],[30.68,0.8831],[30.6729,0.8875],[30.671,0.8843],[30.6647,0.8906],[30.6556,0.8937],[30.6519,0.8933],[30.6508,0.886],[30.644,0.8897],[30.6453,0.8934],[30.6387,0.8899],[30.6369,0.8951],[30.6308,0.8922],[30.6237,0.8959],[30.6165,0.9063],[30.5985,0.9081],[30.5731,0.9195],[30.5714,0.9255],[30.5615,0.9323],[30.5613,0.9405],[30.5532,0.9334],[30.5497,0.9303],[30.5472,0.9274],[30.5331,0.928],[30.5305,0.927],[30.5295,0.925],[30.5276,0.9234],[30.5232,0.9179],[30.5217,0.9145],[30.521,0.9134],[30.5198,0.9123],[30.519,0.9098],[30.518,0.9083],[30.5147,0.9053],[30.5139,0.9034],[30.5119,0.9004],[30.5099,0.8988],[30.5081,0.8981],[30.5058,0.9004],[30.5045,0.8984],[30.5044,0.8981],[30.5005,0.8903],[30.4947,0.8819],[30.4925,0.8754],[30.4914,0.8737],[30.4913,0.8731],[30.4882,0.8698],[30.4873,0.8692],[30.4851,0.8648],[30.4844,0.8635],[30.4833,0.8612],[30.4819,0.853],[30.482,0.8525],[30.4821,0.8503],[30.4811,0.8472],[30.4794,0.8453],[30.48,0.8437],[30.4807,0.8435],[30.4862,0.8423],[30.4865,0.8421],[30.487,0.8418],[30.4871,0.8417],[30.4891,0.8413],[30.4909,0.8408],[30.4928,0.8379],[30.4898,0.8322],[30.4875,0.8283],[30.4873,0.8281],[30.4851,0.8228],[30.4843,0.8218],[30.483,0.8198],[30.4829,0.8195],[30.4816,0.8169],[30.481,0.8154],[30.4805,0.8143],[30.4781,0.8082],[30.4758,0.805],[30.4735,0.8043],[30.4692,0.7946],[30.4663,0.7902],[30.4652,0.7888],[30.4637,0.787],[30.4618,0.7843],[30.4609,0.7824],[30.4603,0.7813],[30.4584,0.7784],[30.457,0.7768],[30.4528,0.7748],[30.452,0.7742],[30.4517,0.7724],[30.4511,0.7714],[30.4488,0.7687],[30.4459,0.7677],[30.4449,0.7667],[30.4417,0.766],[30.441,0.7657],[30.4355,0.7645],[30.4338,0.7643],[30.431,0.7642],[30.4274,0.7656],[30.4252,0.7661],[30.4244,0.7649],[30.4246,0.7633],[30.4256,0.7616],[30.4256,0.7594],[30.425,0.7571],[30.4273,0.7538],[30.4303,0.7486],[30.4302,0.7473],[30.4295,0.7451],[30.4294,0.7444],[30.4301,0.7419],[30.4305,0.7413],[30.4316,0.7397],[30.4321,0.7393],[30.4329,0.738],[30.4331,0.7371],[30.4331,0.7348],[30.433,0.7343],[30.4316,0.7304],[30.4312,0.7288],[30.4315,0.727],[30.4317,0.7267],[30.4334,0.725],[30.435,0.722],[30.4352,0.7151],[30.4337,0.7099],[30.4276,0.6901],[30.4262,0.6883],[30.4247,0.6855],[30.4236,0.6797],[30.4229,0.6779],[30.4226,0.6774],[30.4205,0.6743],[30.4192,0.6734],[30.4153,0.6707],[30.4119,0.6703],[30.4116,0.67],[30.4111,0.6673],[30.4095,0.6672],[30.4076,0.6667],[30.409,0.6652],[30.4091,0.6651],[30.4096,0.6633],[30.4093,0.6629],[30.4086,0.6617],[30.4084,0.6605],[30.4084,0.6601],[30.4045,0.6597],[30.404,0.6589],[30.4038,0.6576],[30.4039,0.657],[30.4013,0.6559],[30.4002,0.6554],[30.4,0.6553],[30.3999,0.6552],[30.3968,0.6517],[30.397,0.6486],[30.3981,0.6473],[30.3982,0.6454],[30.3978,0.6449],[30.3966,0.6433],[30.3973,0.6393],[30.4002,0.6378],[30.4013,0.6378],[30.4014,0.6378],[30.4015,0.6367],[30.4023,0.6362],[30.4031,0.6366],[30.4032,0.6365],[30.4059,0.6344],[30.4057,0.6341],[30.405,0.6334],[30.4048,0.6329],[30.405,0.6322],[30.4052,0.6313],[30.4046,0.6297],[30.4046,0.6292],[30.4049,0.6287],[30.4051,0.6286],[30.4061,0.6281],[30.4071,0.6282],[30.408,0.6277],[30.4084,0.627],[30.4087,0.627],[30.4111,0.6272],[30.4116,0.6269],[30.412,0.6267],[30.4127,0.625],[30.4124,0.6237],[30.4125,0.6233],[30.413,0.6221],[30.4134,0.6217],[30.4145,0.6207],[30.4147,0.6205],[30.4149,0.6203],[30.4148,0.6185],[30.4147,0.6182],[30.4147,0.6173],[30.414,0.6171],[30.414,0.6166],[30.414,0.6163],[30.414,0.6159],[30.4138,0.6153],[30.4139,0.6146],[30.4136,0.6135],[30.4136,0.6128],[30.4136,0.6127],[30.4135,0.6122],[30.4134,0.6119],[30.4135,0.6118],[30.4136,0.6117],[30.4138,0.6114],[30.4139,0.6112],[30.4141,0.6108],[30.4144,0.6107],[30.4147,0.6108],[30.4151,0.611],[30.4169,0.6117],[30.4176,0.611],[30.4181,0.6107],[30.4196,0.6103],[30.4204,0.6096],[30.4207,0.6088],[30.4221,0.6075],[30.4233,0.6074],[30.424,0.6067],[30.4246,0.6064],[30.4252,0.6063],[30.4262,0.6055],[30.4266,0.6049],[30.4272,0.6044],[30.4282,0.6053],[30.4289,0.6059],[30.4294,0.6054],[30.4291,0.6051],[30.4286,0.6048],[30.4289,0.6031],[30.4294,0.6025],[30.4305,0.6021],[30.4312,0.6019],[30.4317,0.6011],[30.4327,0.6012],[30.434,0.6016],[30.4346,0.6019],[30.4357,0.6018],[30.4359,0.6022],[30.4368,0.6027],[30.4371,0.6031],[30.4373,0.6033],[30.4374,0.6039],[30.4374,0.6042],[30.4377,0.6044],[30.4383,0.6043],[30.44,0.6045],[30.4405,0.6044],[30.4412,0.6045],[30.4413,0.6047],[30.4415,0.6052],[30.4417,0.605],[30.4421,0.6044],[30.4433,0.6048],[30.4447,0.6046],[30.4451,0.6039],[30.4451,0.6035],[30.4453,0.6028],[30.4454,0.6023],[30.4455,0.6021],[30.4456,0.6018],[30.4456,0.6006],[30.4457,0.6002],[30.446,0.599],[30.4464,0.5976],[30.4472,0.5947],[30.4469,0.5937],[30.4462,0.5935],[30.4453,0.5932],[30.4451,0.5928],[30.4467,0.5926],[30.4466,0.5916],[30.4468,0.5914],[30.4475,0.5907],[30.4476,0.5903],[30.4468,0.5891],[30.4473,0.5881],[30.4478,0.5877],[30.4478,0.5868],[30.4476,0.5853],[30.4456,0.5849],[30.4467,0.5841],[30.4479,0.5831],[30.448,0.5828],[30.4496,0.5826],[30.4529,0.5826],[30.4528,0.5819],[30.4526,0.5809],[30.4532,0.5791],[30.4539,0.5781],[30.4543,0.578],[30.455,0.579],[30.4559,0.5809],[30.4583,0.5802],[30.46,0.5791],[30.4612,0.5785],[30.4627,0.577],[30.4643,0.5761],[30.4649,0.5754],[30.4643,0.5725]]]},"properties":{"name":"Kyenjojo District","id":"O9MoQcpZ4uA"}},
{"type":"Feature","geometry":{"type":"MultiPolygon","coordinates":[[[[31.560429323516512,-0.932583197883506],[31.571067123421255,-0.94211716507359],[31.579262775404693,-0.95913138788252],[31.583900066191106,-0.978569262678527],[31.578631342241138,-0.985836101192591],[31.585971986348895,-0.993944969705088],[31.58776431022656,-1.001264809297599],[31.800086273107638,-0.99940000091366],[31.80117152798854,-0.997339972920577],[31.79267962819878,-0.982671221953246],[31.794386798514903,-0.975314785807914],[31.80896515263198,-0.962013142218806],[31.802715214582015,-0.955157429084247],[31.81073923280958,-0.940168803936047],[31.810519114821386,-0.930881084807363],[31.80384986242631,-0.924133135500772],[31.798341578290607,-0.91124172814921],[31.799306110201293,-0.894265593048099],[31.805445252232964,-0.870132239388683],[31.796718382621815,-0.864722133548633],[31.780232239851266,-0.846411127899075],[31.773842283684367,-0.843813265723067],[31.763440244090916,-0.844869791133128],[31.753764698055743,-0.852842796743632],[31.73903557377857,-0.837442731042384],[31.738141543068657,-0.797786729624664],[31.761808219108858,-0.739747409239861],[31.7468,-0.7305],[31.7286,-0.7107],[31.7201,-0.6981],[31.7181,-0.6832],[31.7148,-0.6813],[31.7167,-0.6785],[31.7104,-0.6651],[31.7084,-0.6631],[31.7076,-0.6604],[31.7074,-0.6601],[31.7072,-0.6598],[31.7062,-0.6595],[31.7054,-0.6596],[31.705,-0.6595],[31.7047,-0.6596],[31.7039,-0.6596],[31.7035,-0.6596],[31.6999,-0.6567],[31.6798,-0.625],[31.6763,-0.6038],[31.6789,-0.5932],[31.6874,-0.584],[31.683,-0.5822],[31.6827,-0.5813],[31.6868,-0.5631],[31.6913,-0.557],[31.6833,-0.5487],[31.7082,-0.5331],[31.7071,-0.5318],[31.7001,-0.5273],[31.6998,-0.5271],[31.6989,-0.5264],[31.6903,-0.5246],[31.6844,-0.524],[31.6837,-0.5236],[31.6828,-0.5233],[31.6822,-0.523],[31.681,-0.5226],[31.6789,-0.5207],[31.6778,-0.5173],[31.6772,-0.5163],[31.6769,-0.516],[31.676,-0.5151],[31.6695,-0.5154],[31.6683,-0.5152],[31.6676,-0.5149],[31.6582,-0.4996],[31.6589,-0.492],[31.6656,-0.483],[31.6668,-0.4592],[31.6666,-0.4591],[31.6662,-0.4587],[31.666,-0.4586],[31.6637,-0.4584],[31.6625,-0.4577],[31.6615,-0.4554],[31.6602,-0.4529],[31.6596,-0.451],[31.6587,-0.4483],[31.6585,-0.4473],[31.6582,-0.4465],[31.6582,-0.4463],[31.6577,-0.445],[31.6577,-0.4447],[31.6573,-0.4439],[31.6555,-0.4425],[31.6549,-0.442],[31.6538,-0.4416],[31.6528,-0.4412],[31.6515,-0.4407],[31.6499,-0.4402],[31.6485,-0.4399],[31.6478,-0.4398],[31.6451,-0.4397],[31.6406,-0.4403],[31.6396,-0.4403],[31.6371,-0.4407],[31.6327,-0.4413],[31.6283,-0.4422],[31.6214,-0.4442],[31.6204,-0.444],[31.6171,-0.443],[31.6139,-0.4412],[31.6135,-0.4409],[31.6114,-0.4391],[31.6103,-0.4383],[31.6055,-0.4353],[31.6035,-0.434],[31.5962,-0.4313],[31.5905,-0.443],[31.5859,-0.4446],[31.5748,-0.4574],[31.5696,-0.4769],[31.5639,-0.4823],[31.5364,-0.4973],[31.5228,-0.4995],[31.4782,-0.5437],[31.4668,-0.5475],[31.4612,-0.5544],[31.4426,-0.5565],[31.4385,-0.5625],[31.4444,-0.5861],[31.44,-0.5981],[31.476,-0.6145],[31.4798,-0.6321],[31.4892,-0.6385],[31.4895,-0.6658],[31.5025,-0.6742],[31.4997,-0.6848],[31.5197,-0.7028],[31.5034,-0.7209],[31.5107,-0.7224],[31.5061,-0.7349],[31.4802,-0.7335],[31.4787,-0.7364],[31.4777,-0.7448],[31.4898,-0.7629],[31.4828,-0.7876],[31.4831,-0.799],[31.4874,-0.8074],[31.5042,-0.8093],[31.5321,-0.8039],[31.5626,-0.7755],[31.576,-0.786],[31.5858,-0.8644],[31.5853,-0.888],[31.5795,-0.9067],[31.560429323516512,-0.932583197883506]]],[[[31.54012605841591,-0.99611142690529],[31.525405388470727,-0.958631015635761],[31.518828067223062,-0.980657821618647],[31.517762210231385,-1.001015779472015],[31.538857220071073,-1.001197378510305],[31.54012605841591,-0.99611142690529]]]]},"properties":{"name":"Kyotera District","id":"REJuxCmTwXG"}},
{"type":"Feature","geometry":{"type":"Polygon","coordinates":[[[32.6996,3.1874],[32.7032,3.1866],[32.7033,3.1894],[32.7068,3.1867],[32.7089,3.1898],[32.7055,3.2001],[32.7097,3.2147],[32.7149,3.2202],[32.7148,3.2386],[32.7193,3.2449],[32.7119,3.2632],[32.7179,3.2918],[32.7155,3.2967],[32.6959,3.3109],[32.6946,3.3154],[32.7024,3.3165],[32.7131,3.3238],[32.7313,3.3552],[32.7293,3.3831],[32.7344,3.3999],[32.7472,3.3858],[32.7682,3.3787],[32.7976,3.3871],[32.8835,3.3938],[32.9048,3.4186],[32.916,3.4144],[32.9143,3.4251],[32.9168,3.4271],[32.94,3.4382],[32.9506,3.436],[32.9507,3.4445],[32.9659,3.4572],[32.968,3.4707],[32.9812,3.48],[33.0038,3.4796],[33.0126,3.496],[33.0292,3.5019],[33.0323,3.5096],[33.0443,3.5222],[33.0776,3.513],[33.0928,3.5021],[33.1087,3.4968],[33.1242,3.5007],[33.1333,3.5099],[33.1487,3.5071],[33.1629,3.5162],[33.1836,3.522],[33.1982,3.5216],[33.2391,3.5127],[33.2712,3.5139],[33.2679,3.5299],[33.2759,3.5609],[33.2897,3.5714],[33.3065,3.5729],[33.3074,3.5752],[33.294,3.624],[33.2938,3.6427],[33.3029,3.6703],[33.3183,3.6896],[33.3126,3.7058],[33.3218,3.7167],[33.3259,3.7167],[33.3297,3.7234],[33.3268,3.7425],[33.3301,3.7532],[33.3282,3.7641],[33.1796,3.7761],[33.0285,3.8909],[32.9019,3.8129],[32.721,3.7651],[32.416,3.7429],[32.1979,3.5978],[32.1956,3.5947],[32.2098,3.5893],[32.2152,3.5739],[32.2145,3.5669],[32.2187,3.5615],[32.2091,3.5473],[32.2091,3.5376],[32.2022,3.5206],[32.2012,3.5042],[32.201,3.5041],[32.1987,3.5006],[32.2011,3.488],[32.2083,3.4822],[32.2181,3.48],[32.2187,3.4702],[32.223,3.4648],[32.2203,3.4557],[32.2295,3.437],[32.2699,3.4183],[32.2683,3.4064],[32.2729,3.3884],[32.2786,3.3707],[32.2909,3.3551],[32.2893,3.3495],[32.2926,3.3426],[32.304,3.3368],[32.315,3.3217],[32.3262,3.3226],[32.3352,3.3275],[32.3442,3.3232],[32.3601,3.301],[32.3631,3.2991],[32.3658,3.2987],[32.3712,3.2986],[32.3738,3.2973],[32.3777,3.2955],[32.3789,3.2943],[32.3811,3.2923],[32.3829,3.2907],[32.3839,3.2877],[32.3844,3.2869],[32.3868,3.2846],[32.3884,3.2807],[32.3882,3.2766],[32.3917,3.2691],[32.3951,3.2636],[32.3955,3.2614],[32.3977,3.2589],[32.4012,3.2582],[32.4043,3.2549],[32.4064,3.2536],[32.411,3.2507],[32.4163,3.2472],[32.4178,3.2473],[32.418,3.2473],[32.4194,3.2476],[32.4202,3.2475],[32.4221,3.2474],[32.4264,3.2452],[32.428,3.2434],[32.4315,3.2412],[32.4335,3.2412],[32.4361,3.241],[32.4375,3.2406],[32.4405,3.2385],[32.4418,3.2382],[32.4474,3.2362],[32.4472,3.2331],[32.4464,3.2311],[32.4502,3.2303],[32.4505,3.2304],[32.4546,3.2303],[32.4555,3.2303],[32.4578,3.2308],[32.4585,3.2303],[32.4591,3.2272],[32.4637,3.2246],[32.4676,3.2227],[32.4682,3.222],[32.4674,3.2193],[32.4673,3.2183],[32.4685,3.2167],[32.4725,3.2146],[32.4784,3.2126],[32.4822,3.2085],[32.4863,3.2047],[32.4878,3.2043],[32.4912,3.1999],[32.4906,3.1945],[32.4899,3.1915],[32.4915,3.1865],[32.4957,3.1861],[32.4964,3.1855],[32.4961,3.1821],[32.4949,3.1796],[32.4957,3.1763],[32.4969,3.1749],[32.4989,3.1713],[32.4998,3.1687],[32.5006,3.1668],[32.5046,3.1639],[32.5058,3.1638],[32.5112,3.1609],[32.548,3.1557],[32.5547,3.1621],[32.5938,3.1521],[32.614,3.1523],[32.6243,3.1548],[32.6283,3.1592],[32.6379,3.1568],[32.64,3.1596],[32.6518,3.1616],[32.6621,3.1706],[32.6684,3.1685],[32.6723,3.1742],[32.6856,3.1694],[32.684,3.1747],[32.6865,3.1824],[32.6977,3.1873],[32.6987,3.1874],[32.6996,3.1874]],[[33.03173840180041,3.668842348934735],[33.02136832246929,3.673598521476887],[33.013600491932,3.687909800739131],[33.02254553916692,3.687884173900526],[33.03840140627211,3.677554854238321],[33.04341735218749,3.678984039533534],[33.04824253867195,3.686056232731793],[33.05056865521417,3.685137839303477],[33.04811417695505,3.669622479203966],[33.03173840180041,3.668842348934735]]]},"properties":{"name":"Lamwo District","id":"xy0M4HhjXtD"}},
{"type":"Feature","geometry":{"type":"Polygon","coordinates":[[[32.9973,2.3317],[32.9926,2.3362],[32.9825,2.3352],[32.9715,2.3387],[32.9698,2.349],[32.9631,2.3522],[32.9403,2.3574],[32.9185,2.3579],[32.9182,2.3567],[32.9171,2.3547],[32.9162,2.3529],[32.915,2.3504],[32.915,2.3484],[32.9147,2.3478],[32.914,2.3469],[32.9095,2.3343],[32.9022,2.3317],[32.8909,2.3304],[32.8855,2.3279],[32.8853,2.3272],[32.8847,2.3267],[32.884,2.3266],[32.8826,2.3266],[32.8801,2.3261],[32.8795,2.3256],[32.8761,2.3277],[32.8665,2.3241],[32.8596,2.3245],[32.8569,2.3175],[32.8503,2.3011],[32.8502,2.3011],[32.849,2.3016],[32.8483,2.3023],[32.8478,2.3031],[32.8472,2.3037],[32.8461,2.3043],[32.8453,2.3044],[32.845,2.3045],[32.8441,2.304],[32.843,2.3034],[32.8412,2.3034],[32.8407,2.3034],[32.8406,2.3044],[32.8389,2.3052],[32.8389,2.3057],[32.839,2.3064],[32.8383,2.3062],[32.8377,2.3066],[32.8376,2.3071],[32.8366,2.3076],[32.8362,2.3078],[32.8352,2.3092],[32.8348,2.3096],[32.8346,2.3111],[32.8343,2.3121],[32.8335,2.3132],[32.8335,2.3139],[32.8332,2.3142],[32.8325,2.3159],[32.833,2.3166],[32.8328,2.3172],[32.8312,2.3194],[32.8311,2.3195],[32.8309,2.3197],[32.8303,2.3203],[32.8301,2.3203],[32.8299,2.3203],[32.8283,2.3202],[32.8282,2.3201],[32.8281,2.3201],[32.8278,2.3211],[32.8277,2.3212],[32.8276,2.3213],[32.8273,2.3214],[32.8272,2.3215],[32.8262,2.3215],[32.8247,2.3213],[32.8236,2.3214],[32.8233,2.3207],[32.8232,2.3207],[32.8231,2.3208],[32.8229,2.3211],[32.8226,2.3213],[32.8226,2.3214],[32.8227,2.3217],[32.8228,2.3222],[32.8223,2.3228],[32.8218,2.3229],[32.8213,2.3232],[32.8209,2.3237],[32.8198,2.3237],[32.8192,2.3235],[32.8178,2.3239],[32.8176,2.3239],[32.8172,2.3243],[32.8171,2.3245],[32.8167,2.325],[32.8146,2.3253],[32.8138,2.3245],[32.8135,2.3244],[32.8133,2.3247],[32.8135,2.3252],[32.8134,2.3258],[32.8126,2.3258],[32.8123,2.3251],[32.8117,2.3249],[32.8116,2.3251],[32.8115,2.3255],[32.8113,2.3258],[32.8104,2.3256],[32.8101,2.3246],[32.8101,2.3237],[32.8095,2.3205],[32.8095,2.3184],[32.8103,2.3165],[32.811,2.3149],[32.8124,2.3131],[32.8143,2.3121],[32.8149,2.311],[32.8166,2.3087],[32.8181,2.3071],[32.8185,2.3066],[32.8188,2.3045],[32.8189,2.3035],[32.8186,2.3012],[32.8179,2.3],[32.8175,2.2991],[32.8176,2.2981],[32.8178,2.2972],[32.8165,2.2945],[32.8163,2.294],[32.8162,2.2935],[32.8162,2.2923],[32.8165,2.2911],[32.8166,2.2904],[32.8161,2.2883],[32.816,2.2869],[32.8165,2.2852],[32.8167,2.2839],[32.8176,2.2825],[32.8181,2.282],[32.8182,2.282],[32.8186,2.2793],[32.8187,2.2789],[32.8187,2.2769],[32.8187,2.2766],[32.8184,2.275],[32.8181,2.2727],[32.8166,2.2705],[32.8153,2.2688],[32.8139,2.2669],[32.813,2.2644],[32.8127,2.2619],[32.8116,2.2566],[32.8114,2.256],[32.8107,2.2526],[32.8105,2.2501],[32.8105,2.2488],[32.8105,2.2482],[32.8109,2.2476],[32.8115,2.2471],[32.8116,2.247],[32.8145,2.2443],[32.8149,2.2439],[32.8168,2.2414],[32.8197,2.2365],[32.8213,2.2333],[32.8223,2.231],[32.8224,2.2305],[32.8225,2.2292],[32.8225,2.2286],[32.8225,2.2272],[32.8218,2.2259],[32.8211,2.2249],[32.8204,2.223],[32.8204,2.2219],[32.8208,2.2213],[32.8211,2.2194],[32.8216,2.219],[32.8241,2.2178],[32.8253,2.2177],[32.8255,2.2178],[32.8268,2.2179],[32.8281,2.2181],[32.83,2.2183],[32.8318,2.2175],[32.8323,2.2174],[32.8329,2.2169],[32.8352,2.2166],[32.836,2.2164],[32.8404,2.2149],[32.8457,2.213],[32.8565,2.2092],[32.8633,2.2059],[32.8639,2.201],[32.8639,2.1993],[32.8685,2.1952],[32.8693,2.195],[32.8711,2.1945],[32.8724,2.1944],[32.8736,2.1942],[32.874,2.1941],[32.8752,2.1942],[32.8756,2.194],[32.8765,2.1928],[32.8773,2.1922],[32.8782,2.1914],[32.8795,2.1906],[32.8808,2.1912],[32.8815,2.1916],[32.8819,2.1915],[32.8826,2.1918],[32.8828,2.1918],[32.8843,2.1913],[32.8852,2.1908],[32.888,2.1892],[32.8896,2.1872],[32.8903,2.1859],[32.8906,2.1844],[32.8916,2.1833],[32.8934,2.1831],[32.8941,2.1827],[32.895,2.1826],[32.897,2.181],[32.8975,2.1798],[32.8979,2.1788],[32.899,2.1772],[32.9016,2.177],[32.9029,2.1772],[32.9034,2.1776],[32.9046,2.1782],[32.9048,2.1782],[32.9061,2.1782],[32.9082,2.1774],[32.9091,2.1766],[32.9096,2.1763],[32.9101,2.1753],[32.9117,2.1738],[32.9131,2.173],[32.9149,2.1725],[32.9155,2.1709],[32.916,2.1693],[32.9212,2.1543],[32.9499,2.1817],[32.949,2.1945],[32.9573,2.1935],[32.9708,2.2007],[32.9728,2.207],[32.9687,2.2132],[32.9765,2.2247],[32.9766,2.2255],[32.978,2.2285],[32.9831,2.2289],[32.9842,2.2287],[32.9848,2.2288],[32.9856,2.2293],[32.9893,2.2309],[32.9896,2.2306],[32.9903,2.2337],[32.9903,2.234],[32.9898,2.2349],[32.9894,2.2353],[32.9875,2.2378],[32.9872,2.238],[32.9775,2.2472],[32.9767,2.2571],[32.9822,2.2707],[32.9892,2.2767],[32.9904,2.2867],[33.0007,2.2951],[33,2.3049],[33.0035,2.3091],[33.009,2.3099],[33.0089,2.3101],[33.0088,2.3103],[33.0082,2.3106],[33.0081,2.3109],[33.0076,2.3111],[33.0073,2.3113],[33.0071,2.3115],[33.0068,2.3116],[33.0066,2.3116],[33.0065,2.3115],[33.0063,2.3115],[33.0062,2.3116],[33.0062,2.3117],[33.0061,2.312],[33.0061,2.3121],[33.0061,2.3132],[33.0059,2.3136],[33.0058,2.314],[33.0057,2.3143],[33.0054,2.3157],[33.0053,2.3158],[33.0052,2.3159],[33.005,2.3166],[33.0049,2.3167],[33.0046,2.3178],[33.0046,2.318],[33.0045,2.3181],[33.0045,2.3182],[33.0042,2.3184],[33.004,2.3194],[33.0036,2.32],[33.0032,2.3206],[33.0031,2.3211],[33.003,2.3212],[33.0028,2.3213],[33.0026,2.3215],[33.0026,2.3221],[33.0024,2.3254],[33.0019,2.3262],[32.9994,2.3305],[32.9973,2.3317]]]},"properties":{"name":"Lira City","id":"ullSvMrkHdi"}},
{"type":"Feature","geometry":{"type":"Polygon","coordinates":[[[33.4237,0.5649],[33.4231,0.5784],[33.4162,0.5944],[33.4128,0.6167],[33.4158,0.6249],[33.4142,0.6437],[33.417,0.644],[33.4169,0.6535],[33.4246,0.6708],[33.4274,0.7008],[33.4326,0.7087],[33.4299,0.7187],[33.4322,0.7218],[33.418,0.7324],[33.413,0.7398],[33.4064,0.7416],[33.4026,0.7558],[33.3916,0.7633],[33.3904,0.7789],[33.3776,0.8068],[33.3621,0.8621],[33.3835,0.8863],[33.3968,0.9082],[33.4079,0.9362],[33.4053,0.9566],[33.41,0.9635],[33.4085,0.9703],[33.4132,0.98],[33.411,0.9839],[33.4159,0.9889],[33.4175,0.9986],[33.396,1.004],[33.3835,0.9996],[33.3861,1.0264],[33.3718,1.031],[33.3644,1.0448],[33.352,1.0499],[33.3498,1.0559],[33.3549,1.0631],[33.335,1.0773],[33.3213,1.0574],[33.3069,1.0545],[33.3132,1.0425],[33.317,1.0227],[33.2988,0.9991],[33.3069,0.9843],[33.3024,0.9655],[33.3037,0.9332],[33.2976,0.9237],[33.2972,0.9058],[33.2918,0.8827],[33.2833,0.8634],[33.2987,0.8572],[33.305,0.8494],[33.294,0.8457],[33.2833,0.836],[33.2755,0.798],[33.2662,0.7903],[33.2544,0.7903],[33.2505,0.7649],[33.2358,0.7464],[33.2246,0.7385],[33.2266,0.7342],[33.2203,0.7304],[33.2232,0.6839],[33.2235,0.6833],[33.2237,0.6832],[33.2242,0.683],[33.2245,0.6829],[33.2251,0.6829],[33.2271,0.6824],[33.2282,0.6821],[33.2293,0.6813],[33.2304,0.6809],[33.231,0.6805],[33.2328,0.6785],[33.2331,0.6782],[33.2337,0.6775],[33.2347,0.6764],[33.2354,0.6753],[33.2363,0.6744],[33.2375,0.6738],[33.2387,0.6729],[33.2406,0.6723],[33.241,0.672],[33.2424,0.6706],[33.2449,0.6679],[33.2456,0.6678],[33.2474,0.6671],[33.2484,0.6669],[33.2496,0.6669],[33.2499,0.6668],[33.2506,0.6662],[33.251,0.6655],[33.2516,0.6648],[33.2532,0.664],[33.2539,0.6643],[33.2546,0.6643],[33.2553,0.6644],[33.2568,0.6641],[33.2583,0.6641],[33.2603,0.6637],[33.261,0.6629],[33.2619,0.6625],[33.2633,0.6617],[33.2641,0.6614],[33.2649,0.6612],[33.2658,0.6615],[33.2666,0.6624],[33.2672,0.6636],[33.2672,0.6643],[33.2675,0.6644],[33.2697,0.6642],[33.2704,0.6641],[33.2727,0.6633],[33.2745,0.6626],[33.2778,0.6608],[33.2812,0.6586],[33.2818,0.6583],[33.2828,0.6574],[33.2842,0.6562],[33.2916,0.6491],[33.2946,0.6465],[33.2963,0.645],[33.2968,0.6446],[33.2979,0.6437],[33.3001,0.6453],[33.3016,0.6476],[33.3037,0.6513],[33.3058,0.6545],[33.3075,0.6558],[33.3131,0.6579],[33.3135,0.6584],[33.3137,0.6578],[33.3139,0.6572],[33.3151,0.6547],[33.3157,0.6539],[33.318,0.6525],[33.3194,0.6512],[33.3198,0.6505],[33.3204,0.6497],[33.3218,0.6483],[33.3231,0.6479],[33.3243,0.6468],[33.3259,0.6453],[33.3261,0.6451],[33.3273,0.644],[33.3277,0.6437],[33.329,0.6424],[33.3291,0.6423],[33.3296,0.6418],[33.33,0.6414],[33.3306,0.6406],[33.3316,0.6398],[33.3339,0.6378],[33.3344,0.6371],[33.3351,0.6364],[33.3356,0.6353],[33.3358,0.635],[33.3363,0.6343],[33.3415,0.6308],[33.3428,0.6303],[33.3467,0.6297],[33.3477,0.6296],[33.3478,0.6292],[33.3494,0.6272],[33.3496,0.627],[33.3503,0.6264],[33.3516,0.6251],[33.3517,0.6245],[33.3522,0.6242],[33.3536,0.624],[33.3546,0.6239],[33.3548,0.6238],[33.3553,0.6233],[33.3556,0.6233],[33.3586,0.6231],[33.3596,0.6229],[33.3602,0.6227],[33.3609,0.6223],[33.3621,0.6223],[33.3626,0.6221],[33.3632,0.6215],[33.3635,0.6212],[33.365,0.6203],[33.3662,0.6201],[33.3665,0.6199],[33.3677,0.6201],[33.3685,0.6201],[33.3698,0.621],[33.371,0.6211],[33.3716,0.6209],[33.3729,0.6209],[33.3739,0.6205],[33.3742,0.6198],[33.375,0.619],[33.3754,0.6189],[33.3758,0.6184],[33.3757,0.618],[33.3757,0.6174],[33.3784,0.6153],[33.379,0.6152],[33.3791,0.615],[33.3792,0.6148],[33.3793,0.6144],[33.3796,0.614],[33.3794,0.6135],[33.3774,0.6114],[33.3772,0.6103],[33.3775,0.6091],[33.3774,0.608],[33.3768,0.607],[33.3766,0.6067],[33.3766,0.6064],[33.3765,0.6061],[33.3756,0.604],[33.3756,0.6036],[33.3756,0.6032],[33.402,0.596],[33.3964,0.5815],[33.3957,0.5687],[33.4018,0.5676],[33.4081,0.5595],[33.4236,0.5649],[33.4237,0.5649]]]},"properties":{"name":"Luuka District","id":"hn1AlYtF1Pu"}},
{"type":"Feature","geometry":{"type":"Polygon","coordinates":[[[32.67526942039807,0.559543526546867],[32.70227852044212,0.586096601576132],[32.72330417690101,0.601969864446106],[32.726968722615894,0.628784819754763],[32.733247780471494,0.63223891664165],[32.745330376240545,0.651883004418453],[32.74319551729808,0.670418367045886],[32.75056244899911,0.68341535707382],[32.74764579080665,0.699371093243623],[32.7576039675292,0.722145166175089],[32.7580531764236,0.730434138229152],[32.752767170701745,0.730723076773139],[32.754913243029996,0.740067272327235],[32.74937820719454,0.777652466752685],[32.751779893238115,0.823336781832014],[32.75816528951281,0.84182685379406],[32.76496903860024,0.844658486139524],[32.767238919762434,0.855049071461963],[32.77958976599175,0.872790001106309],[32.7684852022483,0.876777173740828],[32.77011137692012,0.90908545677926],[32.76187148303212,0.918394217692234],[32.762889261518616,0.924031547208252],[32.770222545295105,0.931896325318633],[32.77058775875441,0.947861010577736],[32.76268112275083,0.95340839350328],[32.75693722727489,0.950296881988972],[32.753765749353235,0.952497953876529],[32.766293941695245,0.962274627838835],[32.75811590591283,0.976183286005346],[32.75322272472355,1.007585483709917],[32.743558819985246,1.012134340363228],[32.745347319848285,1.017289121719392],[32.75945720625277,1.028332324524354],[32.766226638852544,1.040083457977795],[32.76277753083652,1.061214360171625],[32.76380876443423,1.073600000381815],[32.7347,1.0737],[32.7157,1.069],[32.6996,1.0702],[32.6833,1.0817],[32.6713,1.0836],[32.6579,1.0983],[32.6503,1.1252],[32.6323,1.1416],[32.6226,1.1432],[32.6143,1.1345],[32.6119,1.1198],[32.5983,1.1139],[32.5746,1.0849],[32.5691,1.0689],[32.5707,1.0603],[32.5769,1.0529],[32.5767,1.0451],[32.5559,1.0283],[32.5555,1.0208],[32.5619,1.0091],[32.564,0.9796],[32.5671,0.9786],[32.5768,0.9888],[32.5815,0.9897],[32.5842,0.9863],[32.5826,0.9752],[32.5662,0.9613],[32.5419,0.9589],[32.5005,0.9763],[32.4655,1.0254],[32.4344,1.0506],[32.4265,1.0695],[32.4053,1.0845],[32.39678262783436,1.103595767125217],[32.37706217825354,1.113689733500733],[32.36776277008586,1.133273986439874],[32.3641,1.1308],[32.3588,1.1176],[32.359,1.088],[32.3504,1.0625],[32.3455,1.0338],[32.3477,1.0067],[32.3562,0.9854],[32.3604,0.9607],[32.3927,0.9271],[32.399,0.8959],[32.4163,0.8718],[32.4416,0.8178],[32.4519,0.8106],[32.4616,0.7956],[32.4625,0.7728],[32.4698,0.7426],[32.4857,0.7318],[32.4856,0.7292],[32.4917,0.7295],[32.5005,0.699],[32.4989,0.6929],[32.4893,0.6955],[32.4705,0.6897],[32.4666,0.6816],[32.4595,0.678],[32.4667,0.6698],[32.4613,0.663],[32.451,0.6681],[32.4479,0.6641],[32.4274,0.656],[32.4163,0.6665],[32.4114,0.6664],[32.3961,0.6617],[32.3775,0.6459],[32.3443,0.6298],[32.3437,0.6175],[32.3339,0.6115],[32.3321,0.5905],[32.3222,0.5822],[32.3197,0.5719],[32.3237,0.5602],[32.333,0.552],[32.359,0.5651],[32.3776,0.5664],[32.394,0.5733],[32.4217,0.5634],[32.4476,0.5629],[32.4706,0.5682],[32.4848,0.5596],[32.5163,0.5652],[32.5247,0.5701],[32.5313,0.5525],[32.537,0.5477],[32.5584,0.5684],[32.5682,0.5689],[32.57,0.5768],[32.5803,0.5843],[32.5872,0.575],[32.5986,0.5731],[32.6095,0.5638],[32.6183,0.5683],[32.6497,0.5569],[32.6595,0.5576],[32.6648,0.5614],[32.67526942039807,0.559543526546867]]]},"properties":{"name":"Luwero District","id":"tr9XWtYsL5P"}},
{"type":"Feature","geometry":{"type":"Polygon","coordinates":[[[31.7123,-0.3043],[31.7097,-0.3049],[31.7088,-0.3052],[31.7071,-0.3057],[31.7057,-0.306],[31.7043,-0.3063],[31.6971,-0.307],[31.6926,-0.3068],[31.6906,-0.3045],[31.6887,-0.3016],[31.682,-0.3018],[31.681,-0.3018],[31.6773,-0.3018],[31.6714,-0.3009],[31.6711,-0.2985],[31.6709,-0.2974],[31.6667,-0.295],[31.6511,-0.2961],[31.6392,-0.3027],[31.6279,-0.3037],[31.5973,-0.2957],[31.5896,-0.3256],[31.5711,-0.3315],[31.5582,-0.3215],[31.5472,-0.3195],[31.5455,-0.3357],[31.5252,-0.34],[31.529,-0.3287],[31.5256,-0.3126],[31.504,-0.3181],[31.4839,-0.317],[31.4806,-0.3145],[31.4707,-0.3167],[31.4622,-0.3135],[31.438,-0.3184],[31.4228,-0.3169],[31.4084,-0.3261],[31.3974,-0.3393],[31.3842,-0.3459],[31.3619,-0.3355],[31.354,-0.3228],[31.3349,-0.3156],[31.2981,-0.3107],[31.2881,-0.3017],[31.2813,-0.3119],[31.2621,-0.3236],[31.2318,-0.3187],[31.2285,-0.3234],[31.2284,-0.3314],[31.2178,-0.344],[31.1948,-0.3605],[31.1875,-0.3685],[31.1869,-0.3736],[31.1792,-0.3798],[31.1764,-0.4009],[31.1677,-0.4126],[31.1702,-0.4173],[31.1858,-0.4202],[31.1939,-0.4162],[31.2116,-0.4385],[31.2193,-0.4566],[31.2362,-0.4555],[31.2441,-0.4579],[31.2682,-0.4846],[31.3141,-0.4934],[31.3608,-0.5271],[31.389,-0.575],[31.4036,-0.5817],[31.4089,-0.5882],[31.4229,-0.5872],[31.4302,-0.5968],[31.4332,-0.5952],[31.44,-0.5981],[31.4444,-0.5861],[31.4385,-0.5625],[31.4426,-0.5565],[31.4612,-0.5544],[31.4668,-0.5475],[31.4782,-0.5437],[31.5228,-0.4995],[31.5364,-0.4973],[31.5639,-0.4823],[31.5696,-0.4769],[31.5748,-0.4574],[31.5859,-0.4446],[31.5905,-0.443],[31.5962,-0.4313],[31.5959,-0.4292],[31.5941,-0.4221],[31.5921,-0.4125],[31.5918,-0.4114],[31.5915,-0.41],[31.5914,-0.4094],[31.5904,-0.4062],[31.5896,-0.4037],[31.5892,-0.4017],[31.5887,-0.4001],[31.5881,-0.3961],[31.5875,-0.3947],[31.5867,-0.3923],[31.5863,-0.3912],[31.5857,-0.389],[31.5854,-0.3875],[31.5849,-0.3845],[31.5844,-0.382],[31.5841,-0.3745],[31.5846,-0.3695],[31.5848,-0.3677],[31.5863,-0.3681],[31.5916,-0.3691],[31.5936,-0.3694],[31.5947,-0.3698],[31.597,-0.3703],[31.5985,-0.3703],[31.6036,-0.3696],[31.6056,-0.3708],[31.6069,-0.3716],[31.611,-0.3747],[31.6128,-0.3763],[31.6132,-0.3766],[31.6173,-0.3793],[31.6225,-0.3819],[31.6267,-0.3831],[31.6303,-0.3842],[31.6371,-0.3872],[31.6394,-0.3877],[31.6397,-0.3872],[31.6402,-0.3869],[31.6407,-0.3867],[31.6456,-0.3874],[31.6476,-0.3866],[31.652,-0.3839],[31.6542,-0.3821],[31.6579,-0.3785],[31.6584,-0.3766],[31.6587,-0.3754],[31.6702,-0.372],[31.6815,-0.3803],[31.687,-0.3804],[31.7003,-0.3748],[31.7042,-0.3661],[31.7045,-0.3523],[31.7093,-0.3454],[31.6968,-0.3352],[31.6951,-0.3237],[31.6962,-0.3213],[31.7146,-0.3193],[31.7123,-0.3044],[31.7123,-0.3043]]]},"properties":{"name":"Lwengo District","id":"aqpd0Y9eXZ2"}},
{"type":"Feature","geometry":{"type":"Polygon","coordinates":[[[31.160967056481507,-0.487700000031098],[31.168644363105376,-0.484858355395194],[31.173990135067605,-0.489751900677663],[31.18937785372855,-0.478787236072139],[31.191442421307343,-0.479924249516334],[31.2022,-0.464],[31.2193,-0.4566],[31.2116,-0.4385],[31.1939,-0.4162],[31.1858,-0.4202],[31.1702,-0.4173],[31.1677,-0.4126],[31.1764,-0.4009],[31.1792,-0.3798],[31.1869,-0.3736],[31.1875,-0.3685],[31.1948,-0.3605],[31.2178,-0.344],[31.2284,-0.3314],[31.2285,-0.3234],[31.2318,-0.3187],[31.2621,-0.3236],[31.2813,-0.3119],[31.2881,-0.3017],[31.2947,-0.2828],[31.2935,-0.2678],[31.304,-0.2502],[31.3145,-0.2122],[31.327,-0.1982],[31.3316,-0.1838],[31.3315,-0.1466],[31.3243,-0.11],[31.2684,-0.0964],[31.2166,-0.0716],[31.2068,-0.0695],[31.2065,-0.0495],[31.161,-0.036],[31.1635,-0.0304],[31.1271,-0.0306],[31.1165,-0.0408],[31.101,-0.0397],[31.0915,-0.0439],[31.0986,-0.0544],[31.099,-0.0774],[31.1024,-0.0869],[31.0986,-0.1253],[31.0797,-0.1928],[31.0707,-0.2094],[31.0752,-0.221],[31.0684,-0.2421],[31.0822,-0.3047],[31.0923,-0.3275],[31.1033,-0.3391],[31.1154,-0.3752],[31.1247,-0.3911],[31.1242,-0.4036],[31.1324,-0.4202],[31.153,-0.4408],[31.1547,-0.49],[31.160967056481507,-0.487700000031098]]]},"properties":{"name":"Lyantonde District","id":"aPRNSGUR3vk"}},
{"type":"Feature","geometry":{"type":"Polygon","coordinates":[[[31.366493083394946,2.772117453468748],[31.353419582031506,2.796256527723456],[31.353249946476904,2.80763282650783],[31.345863615784353,2.822537317964075],[31.342660438203502,2.838931345926285],[31.359109657581097,2.862488329368902],[31.363662651159665,2.878324476287703],[31.370608635299373,2.883600287410133],[31.37770406864683,2.905964186758741],[31.3992,2.9268],[31.3975,2.9421],[31.39978889919608,2.951639179167252],[31.417402923573935,2.955983433106511],[31.412,2.9681],[31.4031,2.9707],[31.401376005118482,2.980359014326503],[31.402710298289946,2.98610610825541],[31.419628543953216,2.998784406104861],[31.421145927882336,3.003914342668556],[31.463427455236122,3.055111973660112],[31.52042480600751,3.144973014745587],[31.53440324469896,3.153155289567142],[31.52257815462455,3.159538653469525],[31.507313704249345,3.158160708991931],[31.511466714184298,3.162160742595386],[31.517079633687175,3.162553547087974],[31.4902,3.1738],[31.4784,3.1891],[31.4615,3.1849],[31.455,3.1872],[31.44,3.1824],[31.411,3.1806],[31.4088,3.184],[31.4088,3.1841],[31.4086,3.1841],[31.408,3.1842],[31.4068,3.1839],[31.4027,3.1803],[31.402,3.1797],[31.4016,3.1783],[31.4005,3.1779],[31.3963,3.1774],[31.3949,3.1784],[31.3922,3.179],[31.3895,3.1802],[31.3884,3.1806],[31.3866,3.1814],[31.3839,3.185],[31.3854,3.1868],[31.3851,3.1899],[31.3842,3.1909],[31.385,3.1926],[31.3838,3.1922],[31.3828,3.1921],[31.3813,3.1922],[31.3801,3.1926],[31.3776,3.1918],[31.3771,3.1927],[31.3753,3.1919],[31.3747,3.1931],[31.3736,3.1929],[31.3734,3.1914],[31.3725,3.1911],[31.3722,3.189],[31.3737,3.1895],[31.374,3.1881],[31.374,3.1874],[31.374,3.1863],[31.374,3.1859],[31.3725,3.1856],[31.3722,3.1855],[31.3694,3.1823],[31.3693,3.1782],[31.3694,3.1773],[31.3689,3.1754],[31.3692,3.1747],[31.3697,3.1743],[31.3682,3.1712],[31.3681,3.1709],[31.3679,3.1702],[31.3672,3.1692],[31.3663,3.1675],[31.3658,3.1667],[31.3653,3.1653],[31.3651,3.1645],[31.3647,3.1638],[31.3647,3.1633],[31.3634,3.1612],[31.3629,3.1609],[31.3623,3.1603],[31.3624,3.1595],[31.3624,3.1591],[31.3603,3.1598],[31.3587,3.1621],[31.3569,3.1625],[31.3536,3.1621],[31.3529,3.162],[31.3498,3.1606],[31.3511,3.1562],[31.3479,3.1537],[31.3488,3.1464],[31.3489,3.1438],[31.3471,3.1408],[31.3462,3.137],[31.3458,3.1326],[31.3449,3.1283],[31.3384,3.1148],[31.3409,3.1143],[31.3458,3.113],[31.3484,3.1047],[31.3471,3.1036],[31.3464,3.103],[31.3459,3.1028],[31.3454,3.1022],[31.3449,3.1022],[31.3439,3.1025],[31.3419,3.1013],[31.3416,3.101],[31.3413,3.1009],[31.3395,3.0998],[31.3382,3.0994],[31.3362,3.0983],[31.3361,3.0978],[31.3355,3.0974],[31.3341,3.0975],[31.3323,3.097],[31.328,3.097],[31.3234,3.0969],[31.318,3.0916],[31.3177,3.0893],[31.3118,3.0806],[31.3049,3.0806],[31.2981,3.0744],[31.296,3.0739],[31.288,3.074],[31.2859,3.0754],[31.2831,3.0786],[31.2779,3.0872],[31.2726,3.0902],[31.2725,3.0902],[31.2612,3.0943],[31.2577,3.0963],[31.2511,3.099],[31.2489,3.0983],[31.246,3.0968],[31.246,3.089],[31.2464,3.0867],[31.2477,3.0853],[31.252,3.0786],[31.2514,3.0778],[31.2505,3.0772],[31.2495,3.0761],[31.2463,3.0735],[31.2453,3.0739],[31.245,3.0742],[31.2444,3.0754],[31.2427,3.0759],[31.2422,3.0764],[31.2413,3.078],[31.2387,3.0771],[31.238,3.0766],[31.237,3.0763],[31.2358,3.0754],[31.2338,3.0754],[31.2321,3.0752],[31.2278,3.0746],[31.224,3.069],[31.2198,3.0688],[31.2166,3.0695],[31.2151,3.0692],[31.2103,3.0716],[31.2105,3.0728],[31.2105,3.0733],[31.2089,3.0751],[31.209,3.0756],[31.2084,3.0763],[31.206,3.0766],[31.2013,3.0788],[31.1974,3.0788],[31.1968,3.078],[31.1828,3.0663],[31.1788,3.0605],[31.1719,3.0507],[31.1709,3.044],[31.1704,3.0404],[31.1704,3.0359],[31.1714,3.0268],[31.1701,3.0216],[31.1696,3.0189],[31.1689,3.0157],[31.1672,3.0123],[31.1664,3.0108],[31.1656,3.0105],[31.1642,3.0111],[31.1653,3.0075],[31.1662,3.007],[31.1677,3.0062],[31.1695,3.0044],[31.1708,3.0053],[31.1718,3.005],[31.1736,3.0046],[31.1752,3.0045],[31.1759,3.0041],[31.1778,3.0038],[31.1805,3.0048],[31.1813,3.0061],[31.183,3.0056],[31.1858,3.0045],[31.1873,3.0039],[31.1901,3.0038],[31.1929,3.0028],[31.1933,3.0015],[31.1947,3.0014],[31.1946,3.0026],[31.1958,3.0025],[31.1961,3.0021],[31.1973,2.9992],[31.1976,3.0001],[31.1981,3.0005],[31.1995,3.0013],[31.2013,3.0011],[31.2033,2.9996],[31.2039,2.9967],[31.2005,2.9958],[31.1982,2.9955],[31.1961,2.9954],[31.1948,2.9951],[31.1929,2.9945],[31.192,2.9947],[31.1893,2.9954],[31.1881,2.9962],[31.1865,2.9954],[31.1839,2.9951],[31.1819,2.994],[31.1813,2.9931],[31.1806,2.9917],[31.1816,2.9901],[31.1816,2.9875],[31.1811,2.9865],[31.1786,2.9809],[31.1774,2.9768],[31.1737,2.9748],[31.1683,2.9725],[31.1681,2.9724],[31.1675,2.9718],[31.1664,2.9719],[31.1663,2.971],[31.1641,2.9694],[31.1624,2.9675],[31.1617,2.9677],[31.1614,2.9674],[31.1609,2.9664],[31.1606,2.966],[31.1598,2.9643],[31.1602,2.9639],[31.1606,2.9626],[31.1604,2.9623],[31.1585,2.9603],[31.1579,2.9597],[31.1578,2.9585],[31.1569,2.9567],[31.1562,2.9565],[31.1553,2.9559],[31.1552,2.9548],[31.1549,2.9545],[31.1536,2.9534],[31.153,2.953],[31.1518,2.9519],[31.1511,2.951],[31.1507,2.9504],[31.1497,2.95],[31.1451,2.9443],[31.142,2.9395],[31.1397,2.9363],[31.1376,2.9332],[31.1348,2.9312],[31.1346,2.9305],[31.1345,2.9301],[31.1344,2.9281],[31.134,2.9275],[31.1336,2.927],[31.1329,2.9232],[31.1323,2.9223],[31.1321,2.9209],[31.1316,2.9197],[31.1319,2.9194],[31.1323,2.9187],[31.1308,2.9157],[31.1305,2.9146],[31.1284,2.9112],[31.1273,2.9093],[31.1215,2.9091],[31.1202,2.9092],[31.114,2.9126],[31.1119,2.9119],[31.1102,2.9118],[31.11,2.9114],[31.1041,2.9027],[31.1006,2.8951],[31.0969,2.8889],[31.0962,2.8877],[31.0978,2.883],[31.0999,2.8778],[31.1031,2.8663],[31.1038,2.8632],[31.1041,2.8612],[31.1041,2.8599],[31.104,2.8549],[31.1039,2.8529],[31.1018,2.8464],[31.1004,2.8438],[31.0987,2.8413],[31.0977,2.8398],[31.0953,2.8374],[31.0924,2.8349],[31.0902,2.8334],[31.0871,2.8316],[31.0815,2.8297],[31.0795,2.8293],[31.0704,2.83],[31.0681,2.8307],[31.0656,2.8314],[31.0633,2.8321],[31.0599,2.8334],[31.0577,2.8342],[31.0509,2.8378],[31.0508,2.8378],[31.0428,2.8385],[31.041,2.8381],[31.0381,2.8364],[31.0365,2.8351],[31.0325,2.8305],[31.0312,2.8284],[31.0306,2.8277],[31.0298,2.8269],[31.0233,2.8239],[31.0219,2.8235],[31.019,2.8222],[31.0185,2.8211],[31.0183,2.8206],[31.0171,2.8163],[31.0162,2.8129],[31.0161,2.8111],[31.0161,2.8096],[31.016,2.809],[31.0155,2.808],[31.0127,2.8081],[31.0102,2.8067],[31.0094,2.8061],[31.0087,2.8038],[31.008,2.8027],[31.0074,2.8021],[31.0062,2.8006],[31.0061,2.7985],[31.0078,2.7966],[31.0094,2.7927],[31.0091,2.7919],[31.0087,2.791],[31.0072,2.788],[31.0079,2.785],[31.0095,2.782],[31.0102,2.7811],[31.0115,2.7778],[31.0138,2.774],[31.0147,2.7724],[31.0148,2.7711],[31.0147,2.77],[31.0148,2.7674],[31.015,2.7647],[31.0149,2.7616],[31.0148,2.7605],[31.0143,2.7511],[31.0085,2.7454],[31.0084,2.7453],[31.0054,2.7421],[31,2.7367],[30.9985,2.7352],[30.9959,2.7319],[30.9948,2.7304],[30.9937,2.7287],[30.9929,2.7276],[30.9918,2.7255],[30.9908,2.7233],[30.9907,2.7229],[30.9884,2.7172],[30.9876,2.7159],[30.9846,2.7111],[30.9841,2.7102],[30.9828,2.7083],[30.9811,2.7049],[30.9806,2.7035],[30.9794,2.7],[30.9767,2.6881],[30.9767,2.6878],[30.9839,2.6573],[30.9813,2.6139],[30.9847,2.5956],[31.0205,2.5752],[31.0662,2.5497],[31.1017,2.5477],[31.1257,2.5408],[31.1356,2.5482],[31.1526,2.553],[31.154,2.5578],[31.1642,2.566],[31.1736,2.5641],[31.1766,2.5679],[31.186,2.5686],[31.1925,2.5808],[31.1982,2.5771],[31.2048,2.5848],[31.2088,2.5851],[31.2215,2.6012],[31.222,2.6157],[31.2336,2.6175],[31.2339,2.6297],[31.2374,2.6378],[31.2446,2.64],[31.2475,2.6461],[31.2555,2.6475],[31.2586,2.652],[31.2673,2.6554],[31.2743,2.6698],[31.2778,2.668],[31.2869,2.6763],[31.2896,2.6737],[31.292,2.6754],[31.2855,2.7019],[31.3093,2.7261],[31.3298,2.7352],[31.3254,2.7482],[31.3298,2.7577],[31.34,2.7641],[31.366493083394946,2.772117453468748]],[[31.043655766872487,2.591984332692944],[31.060472180083202,2.605658856806443],[31.06924618660105,2.603769922341363],[31.060115221529067,2.596740419870626],[31.043655766872487,2.591984332692944]]]},"properties":{"name":"Madi-Okollo District","id":"bLoH4VbxCGI"}},
{"type":"Feature","geometry":{"type":"Polygon","coordinates":[[[34.2857,0.7576],[34.294,0.7964],[34.3026,0.8084],[34.3041,0.8206],[34.3167,0.8281],[34.3248,0.8421],[34.3245,0.8534],[34.3192,0.86],[34.321,0.8672],[34.3178,0.8667],[34.3229,0.8773],[34.3243,0.8899],[34.3198,0.8907],[34.3145,0.9027],[34.3041,0.9123],[34.3056,0.9218],[34.3025,0.9246],[34.3063,0.9244],[34.3073,0.9362],[34.3123,0.9403],[34.3061,0.9442],[34.3056,0.9553],[34.3075,0.9611],[34.3114,0.9622],[34.3261,0.9555],[34.3479,0.9597],[34.353,0.9705],[34.3522,0.9769],[34.3563,0.9806],[34.3556,0.9989],[34.3462,0.9984],[34.3348,1.0049],[34.3344,1.0077],[34.3302,1.0072],[34.3218,0.9974],[34.3125,0.9928],[34.3091,0.9824],[34.3035,0.9822],[34.3022,0.9703],[34.2952,0.9698],[34.2909,0.9642],[34.2843,0.9625],[34.2847,0.9617],[34.2847,0.9608],[34.2851,0.9599],[34.2856,0.9593],[34.2852,0.959],[34.2848,0.959],[34.2829,0.9605],[34.2824,0.9606],[34.2813,0.9606],[34.2799,0.9611],[34.2791,0.9613],[34.2768,0.9629],[34.2759,0.9633],[34.2733,0.9636],[34.2694,0.9635],[34.268,0.9634],[34.2637,0.9604],[34.262,0.9594],[34.2611,0.959],[34.2573,0.9577],[34.257,0.9565],[34.2569,0.9557],[34.2558,0.954],[34.2543,0.9536],[34.2519,0.9518],[34.2516,0.9519],[34.2511,0.9519],[34.2509,0.9518],[34.2505,0.9518],[34.2502,0.9517],[34.2497,0.9515],[34.2496,0.9514],[34.2496,0.9512],[34.2495,0.951],[34.2494,0.9505],[34.2494,0.9503],[34.2493,0.9495],[34.2491,0.949],[34.2489,0.9483],[34.2487,0.9475],[34.2487,0.9473],[34.2487,0.9471],[34.2484,0.946],[34.2484,0.9457],[34.2483,0.9454],[34.2482,0.9444],[34.2482,0.9439],[34.248,0.9436],[34.2472,0.9428],[34.247,0.9427],[34.2467,0.9426],[34.2465,0.9424],[34.2461,0.9422],[34.2455,0.9419],[34.2453,0.9421],[34.2453,0.9423],[34.2453,0.9428],[34.2453,0.9431],[34.2453,0.9432],[34.245,0.9432],[34.2443,0.9427],[34.2439,0.9422],[34.2438,0.942],[34.2438,0.9406],[34.2439,0.9401],[34.2437,0.939],[34.2433,0.9386],[34.243,0.9386],[34.2428,0.9389],[34.2427,0.9392],[34.2426,0.9395],[34.2425,0.9399],[34.2424,0.9402],[34.2419,0.9406],[34.2416,0.9406],[34.2414,0.9409],[34.2415,0.941],[34.2416,0.9411],[34.2422,0.9412],[34.2427,0.9412],[34.243,0.9412],[34.243,0.9414],[34.243,0.9415],[34.2426,0.9418],[34.2423,0.9419],[34.2421,0.942],[34.2416,0.9421],[34.2395,0.9418],[34.2385,0.9414],[34.2382,0.9413],[34.2374,0.9412],[34.2371,0.9411],[34.2368,0.9407],[34.2361,0.9401],[34.2354,0.94],[34.2351,0.94],[34.2347,0.9398],[34.2347,0.9396],[34.2348,0.9395],[34.2349,0.9394],[34.2351,0.9392],[34.235,0.939],[34.2348,0.9389],[34.2343,0.9387],[34.234,0.9385],[34.2338,0.937],[34.234,0.9364],[34.2341,0.9357],[34.2341,0.9353],[34.234,0.9349],[34.2339,0.9345],[34.2336,0.9341],[34.2333,0.9338],[34.2331,0.9334],[34.2331,0.9333],[34.2334,0.9327],[34.2334,0.9326],[34.2333,0.9324],[34.2334,0.9316],[34.2329,0.931],[34.2326,0.9304],[34.2323,0.9298],[34.232,0.9293],[34.232,0.9281],[34.2317,0.9274],[34.2315,0.9274],[34.2314,0.9273],[34.2311,0.9272],[34.2305,0.9268],[34.2302,0.9265],[34.2298,0.9261],[34.2297,0.9259],[34.2295,0.9256],[34.2292,0.9243],[34.2292,0.9241],[34.2294,0.9234],[34.2295,0.9224],[34.2295,0.9222],[34.2277,0.9176],[34.2261,0.9139],[34.2236,0.9078],[34.2233,0.9071],[34.2215,0.9035],[34.2205,0.9011],[34.2193,0.8933],[34.2188,0.8904],[34.2187,0.8901],[34.2181,0.8871],[34.2179,0.886],[34.2176,0.8843],[34.2173,0.8829],[34.2173,0.8827],[34.2172,0.8824],[34.2171,0.8817],[34.2167,0.8793],[34.2161,0.8753],[34.2161,0.8743],[34.2161,0.8732],[34.2156,0.8724],[34.2152,0.8721],[34.215,0.8719],[34.2143,0.8714],[34.2132,0.8701],[34.2131,0.87],[34.213,0.8695],[34.2128,0.8688],[34.2125,0.8684],[34.2123,0.8681],[34.2123,0.8678],[34.2124,0.867],[34.2123,0.8663],[34.2122,0.8659],[34.2121,0.8657],[34.2121,0.8655],[34.2121,0.8653],[34.2121,0.8651],[34.2122,0.8649],[34.2124,0.8647],[34.2124,0.8643],[34.2125,0.8641],[34.2126,0.8639],[34.2127,0.8636],[34.2128,0.8625],[34.2126,0.8619],[34.2127,0.8608],[34.2125,0.8596],[34.2125,0.8585],[34.2127,0.8582],[34.2129,0.8575],[34.213,0.8569],[34.212,0.8569],[34.2114,0.8571],[34.2097,0.8572],[34.207,0.8563],[34.2024,0.8526],[34.2017,0.8519],[34.202,0.8503],[34.202,0.8497],[34.2022,0.849],[34.2014,0.8483],[34.201,0.8481],[34.2006,0.848],[34.2004,0.8477],[34.2004,0.8474],[34.2004,0.847],[34.2005,0.8467],[34.2004,0.8463],[34.2003,0.8462],[34.2003,0.8461],[34.1997,0.8457],[34.1991,0.8452],[34.1989,0.8449],[34.1983,0.8445],[34.1982,0.8444],[34.1981,0.8442],[34.1981,0.8441],[34.198,0.844],[34.1978,0.8438],[34.1977,0.8437],[34.1975,0.8435],[34.1972,0.8434],[34.1969,0.8434],[34.1967,0.8434],[34.1965,0.8433],[34.1955,0.8426],[34.1953,0.8421],[34.1951,0.8417],[34.1948,0.8415],[34.1945,0.8414],[34.1943,0.8412],[34.1942,0.8411],[34.1942,0.841],[34.1941,0.8408],[34.1941,0.8407],[34.1939,0.8405],[34.1935,0.8403],[34.1928,0.8402],[34.1925,0.84],[34.1922,0.8399],[34.1921,0.8399],[34.192,0.8398],[34.1919,0.8396],[34.1918,0.8395],[34.1916,0.8394],[34.1913,0.8392],[34.1914,0.839],[34.1914,0.8389],[34.1915,0.8387],[34.1915,0.8382],[34.1919,0.8372],[34.1921,0.8366],[34.1922,0.8362],[34.1922,0.8358],[34.1919,0.8354],[34.1905,0.8343],[34.1903,0.8341],[34.1896,0.8335],[34.1891,0.8329],[34.1887,0.8324],[34.188,0.832],[34.1873,0.8319],[34.1861,0.8313],[34.1858,0.8308],[34.1857,0.8307],[34.1855,0.8305],[34.1846,0.83],[34.1843,0.8299],[34.1841,0.8297],[34.184,0.8293],[34.1838,0.8292],[34.1837,0.8292],[34.1833,0.8292],[34.1831,0.8293],[34.1799,0.8244],[34.224,0.803],[34.2372,0.7818],[34.2606,0.7694],[34.272,0.7597],[34.2857,0.7576]]]},"properties":{"name":"Manafwa District","id":"JIZDvNlIhXS"}},
{"type":"Feature","geometry":{"type":"Polygon","coordinates":[[[30.868,3.1333],[30.8687,3.1335],[30.8696,3.1337],[30.8712,3.1343],[30.8718,3.1347],[30.8724,3.1352],[30.8737,3.1346],[30.8747,3.1334],[30.8748,3.1333],[30.8759,3.1326],[30.8768,3.132],[30.8771,3.1318],[30.8785,3.1316],[30.8794,3.1311],[30.8797,3.131],[30.8807,3.1308],[30.8827,3.1288],[30.8831,3.1282],[30.8833,3.1278],[30.8834,3.1271],[30.8835,3.1262],[30.8837,3.1249],[30.8839,3.1242],[30.8851,3.1241],[30.8866,3.1239],[30.8879,3.1237],[30.8893,3.1236],[30.8901,3.1236],[30.8945,3.1235],[30.8953,3.1236],[30.8978,3.1239],[30.899,3.1239],[30.9014,3.1243],[30.9028,3.1248],[30.9042,3.1249],[30.9053,3.1252],[30.9061,3.125],[30.907,3.1244],[30.9081,3.1237],[30.9087,3.1234],[30.9105,3.1233],[30.9115,3.1232],[30.9123,3.1224],[30.9137,3.122],[30.9154,3.1217],[30.916,3.1215],[30.9163,3.1213],[30.9166,3.1209],[30.917,3.1208],[30.9179,3.1208],[30.9183,3.1204],[30.9192,3.1205],[30.9196,3.1204],[30.9198,3.1202],[30.9204,3.1206],[30.9214,3.1207],[30.9221,3.1213],[30.9227,3.1215],[30.9245,3.1214],[30.925,3.1212],[30.926,3.1208],[30.9266,3.1206],[30.9268,3.1207],[30.9274,3.1209],[30.9287,3.1215],[30.9293,3.1215],[30.9303,3.1211],[30.9309,3.1208],[30.933,3.1211],[30.9334,3.1214],[30.9335,3.1215],[30.9329,3.1222],[30.9324,3.1229],[30.9331,3.1238],[30.9341,3.1238],[30.9349,3.1234],[30.9358,3.1237],[30.9363,3.1241],[30.937,3.1242],[30.9375,3.1239],[30.9385,3.1244],[30.9392,3.1249],[30.9402,3.1257],[30.9403,3.1259],[30.9398,3.1289],[30.9405,3.1303],[30.9414,3.1316],[30.9415,3.1317],[30.9418,3.1322],[30.9428,3.1344],[30.9445,3.139],[30.945,3.1404],[30.9451,3.1412],[30.9453,3.1424],[30.9455,3.1432],[30.9458,3.1438],[30.9464,3.145],[30.9467,3.1459],[30.9468,3.1469],[30.9484,3.1476],[30.9498,3.1483],[30.9504,3.149],[30.9517,3.1496],[30.9523,3.1496],[30.9525,3.1499],[30.9524,3.1515],[30.9525,3.1555],[30.9532,3.1557],[30.9536,3.156],[30.9534,3.1561],[30.9534,3.1564],[30.9536,3.1571],[30.9541,3.1579],[30.9545,3.1592],[30.9548,3.1596],[30.9554,3.1598],[30.9573,3.1596],[30.9586,3.1593],[30.9594,3.1605],[30.9598,3.1608],[30.9603,3.1618],[30.9602,3.1621],[30.9585,3.1629],[30.9593,3.1649],[30.9598,3.1672],[30.9601,3.1686],[30.9607,3.1694],[30.9618,3.1683],[30.962,3.1685],[30.9624,3.1694],[30.964,3.1694],[30.9675,3.1686],[30.9687,3.1687],[30.9694,3.1693],[30.9695,3.1695],[30.9699,3.1712],[30.9702,3.1717],[30.9702,3.172],[30.9702,3.1722],[30.9703,3.1728],[30.9706,3.1738],[30.971,3.1746],[30.972,3.1774],[30.9722,3.178],[30.9739,3.1776],[30.9744,3.1773],[30.9749,3.1775],[30.975,3.178],[30.975,3.1786],[30.9751,3.1796],[30.9753,3.1803],[30.9754,3.1806],[30.9757,3.1813],[30.9759,3.1815],[30.9768,3.1833],[30.9774,3.1842],[30.9782,3.1853],[30.9786,3.1859],[30.979,3.1863],[30.9792,3.1863],[30.9796,3.1862],[30.9799,3.1861],[30.9802,3.186],[30.9811,3.1855],[30.9822,3.1857],[30.9825,3.1858],[30.9835,3.1862],[30.9859,3.1866],[30.9864,3.1868],[30.9869,3.1868],[30.9879,3.1868],[30.9887,3.1873],[30.9897,3.1889],[30.9904,3.1895],[30.992,3.1901],[30.9929,3.1899],[30.9933,3.1896],[30.9937,3.1894],[30.9959,3.1892],[30.997,3.1885],[30.9979,3.1879],[30.9989,3.1878],[30.9987,3.1886],[30.9985,3.1892],[30.9982,3.1903],[30.9989,3.193],[30.999,3.1936],[30.9994,3.1938],[31.0006,3.1945],[31.002,3.1944],[31.003,3.1947],[31.0033,3.1948],[31.0033,3.195],[31.0028,3.1963],[31.0024,3.1977],[31.0016,3.1982],[31.0007,3.1993],[31,3.1999],[30.9996,3.2004],[30.9994,3.201],[30.999,3.2014],[30.9986,3.202],[30.9982,3.2023],[30.9982,3.2026],[30.9981,3.2028],[30.9984,3.2035],[30.9978,3.2054],[30.9973,3.2071],[30.997,3.2074],[30.9966,3.2087],[30.9964,3.2107],[31.0002,3.2191],[31.0003,3.2193],[31.0006,3.2197],[31.0012,3.221],[31.0016,3.2229],[31.0017,3.2248],[31.0019,3.2261],[31.0025,3.2268],[31.0029,3.2274],[31.0033,3.2294],[31.0043,3.2308],[31.0056,3.2311],[31.006,3.2308],[31.0067,3.2306],[31.0072,3.2306],[31.0074,3.2303],[31.0084,3.2304],[31.0089,3.2301],[31.0108,3.2318],[31.0108,3.2332],[31.0108,3.2336],[31.0108,3.2338],[31.0108,3.234],[31.0107,3.2349],[31.0108,3.2361],[31.0106,3.2364],[31.0109,3.2366],[31.011,3.237],[31.011,3.2376],[31.0113,3.2382],[31.0113,3.2385],[31.0109,3.2393],[31.0105,3.2396],[31.0101,3.2402],[31.0101,3.2407],[31.0101,3.2408],[31.0103,3.2409],[31.0103,3.2413],[31.01,3.2415],[31.0117,3.2434],[31.013,3.2435],[31.0135,3.2441],[31.014,3.2445],[31.0138,3.2451],[31.014,3.2453],[31.0139,3.2455],[31.0142,3.2456],[31.0147,3.2459],[31.0148,3.2463],[31.0152,3.2466],[31.0163,3.2462],[31.0172,3.2461],[31.018,3.2467],[31.0185,3.247],[31.02,3.2477],[31.0202,3.2477],[31.0205,3.248],[31.0214,3.249],[31.0223,3.2498],[31.0238,3.2508],[31.0257,3.2523],[31.0265,3.2531],[31.0269,3.2553],[31.0269,3.2554],[31.0259,3.2579],[31.0254,3.2593],[31.0251,3.2605],[31.0247,3.2621],[31.0243,3.2628],[31.0236,3.2635],[31.0234,3.2639],[31.0241,3.2659],[31.0253,3.2674],[31.0257,3.2679],[31.026,3.2684],[31.0263,3.2695],[31.0267,3.2704],[31.0277,3.2713],[31.0288,3.2715],[31.0296,3.2719],[31.0299,3.2723],[31.0302,3.2726],[31.031,3.2731],[31.0317,3.274],[31.0319,3.2746],[31.0319,3.2751],[31.0321,3.2755],[31.0322,3.2759],[31.0326,3.276],[31.0327,3.277],[31.0337,3.2771],[31.0345,3.2773],[31.0351,3.2772],[31.0352,3.2769],[31.036,3.2757],[31.0364,3.2751],[31.0365,3.2749],[31.037,3.2748],[31.0383,3.2745],[31.0387,3.2741],[31.039,3.2738],[31.0395,3.2736],[31.0402,3.274],[31.0409,3.2741],[31.0412,3.274],[31.0418,3.2739],[31.0439,3.2728],[31.0449,3.272],[31.0453,3.2719],[31.0457,3.2719],[31.0484,3.2713],[31.0491,3.2711],[31.0494,3.2711],[31.0494,3.2705],[31.0495,3.2703],[31.0502,3.2696],[31.0508,3.2693],[31.0509,3.2692],[31.0522,3.2683],[31.053,3.2679],[31.0532,3.2679],[31.0536,3.2685],[31.0543,3.2695],[31.0548,3.2706],[31.0551,3.2711],[31.0554,3.2716],[31.0561,3.2726],[31.0566,3.2727],[31.0567,3.2724],[31.0567,3.2719],[31.0565,3.2716],[31.0565,3.271],[31.0569,3.2705],[31.0573,3.2703],[31.0575,3.2705],[31.0592,3.2712],[31.0595,3.2715],[31.061,3.2726],[31.0621,3.2725],[31.0624,3.2727],[31.0627,3.2731],[31.0628,3.2734],[31.063,3.2736],[31.0632,3.2736],[31.0648,3.2729],[31.0657,3.2724],[31.0672,3.2729],[31.0678,3.2734],[31.0699,3.2743],[31.0703,3.2746],[31.0704,3.2749],[31.0715,3.2751],[31.0719,3.2749],[31.0721,3.2748],[31.0729,3.2751],[31.0728,3.2758],[31.0677,3.2866],[31.0686,3.2865],[31.0689,3.2866],[31.069,3.2867],[31.0693,3.2868],[31.0703,3.2871],[31.0711,3.287],[31.0716,3.2868],[31.0717,3.2868],[31.0718,3.287],[31.0721,3.2873],[31.0725,3.2873],[31.0728,3.2871],[31.0732,3.2871],[31.0733,3.2871],[31.0737,3.2876],[31.0736,3.2883],[31.0735,3.2886],[31.0734,3.289],[31.0733,3.2892],[31.0731,3.2895],[31.073,3.2899],[31.0727,3.2903],[31.0724,3.2903],[31.072,3.2907],[31.0718,3.2911],[31.0718,3.2912],[31.0717,3.2915],[31.0717,3.2917],[31.0712,3.2936],[31.071,3.294],[31.0708,3.294],[31.0703,3.2945],[31.0696,3.2956],[31.0544,3.3052],[31.0478,3.314],[31.0459,3.3223],[31.0457,3.3291],[31.0417,3.3326],[31.0101,3.3315],[30.9887,3.3383],[30.9833,3.3238],[30.9731,3.3333],[30.9621,3.3256],[30.9628,3.3292],[30.9576,3.329],[30.9516,3.3348],[30.947,3.3356],[30.9465,3.332],[30.9419,3.3355],[30.9367,3.3431],[30.9375,3.3495],[30.9322,3.3503],[30.9312,3.3559],[30.918,3.3693],[30.9124,3.3658],[30.9106,3.3596],[30.9036,3.3575],[30.8951,3.3428],[30.8882,3.3385],[30.8916,3.3286],[30.8881,3.3255],[30.8935,3.3116],[30.8883,3.3136],[30.8829,3.3063],[30.8757,3.3028],[30.8763,3.2919],[30.8672,3.2833],[30.8714,3.2778],[30.8659,3.2735],[30.8427,3.2671],[30.839,3.2606],[30.8369,3.2484],[30.8418,3.2364],[30.8304,3.2244],[30.8274,3.215],[30.8304,3.2015],[30.8155,3.174],[30.8095,3.155],[30.8098,3.1397],[30.803,3.1332],[30.8067,3.1325],[30.8106,3.132],[30.8125,3.1325],[30.8139,3.1315],[30.8155,3.1314],[30.816,3.1313],[30.818,3.1301],[30.8189,3.1298],[30.8199,3.1286],[30.8205,3.1268],[30.8198,3.1241],[30.8192,3.122],[30.8192,3.1215],[30.819,3.1204],[30.821,3.1186],[30.823,3.1183],[30.8271,3.1185],[30.8277,3.1185],[30.8289,3.1185],[30.8306,3.1185],[30.8314,3.1182],[30.8321,3.118],[30.8341,3.1181],[30.8375,3.1219],[30.841,3.1239],[30.8421,3.124],[30.8437,3.1241],[30.8454,3.1251],[30.8461,3.1256],[30.8463,3.1257],[30.8483,3.1261],[30.8491,3.1265],[30.85,3.1269],[30.8502,3.1269],[30.8513,3.1273],[30.8521,3.1278],[30.8548,3.1288],[30.8554,3.1291],[30.8564,3.1297],[30.8572,3.1304],[30.8579,3.1311],[30.8587,3.1321],[30.8599,3.1329],[30.8602,3.133],[30.8624,3.1332],[30.8635,3.1332],[30.8641,3.1332],[30.8672,3.1332],[30.868,3.1333]]]},"properties":{"name":"Maracha District","id":"WyR8Eetj7Uw"}},
{"type":"Feature","geometry":{"type":"Polygon","coordinates":[[[31.87450550391486,-0.360111007839871],[31.8688,-0.3331],[31.8612,-0.3226],[31.8555,-0.2998],[31.8556,-0.2847],[31.8491,-0.2625],[31.8481,-0.2628],[31.8446,-0.2585],[31.8422,-0.2549],[31.8405,-0.2532],[31.84,-0.2527],[31.8399,-0.2525],[31.8391,-0.2513],[31.8383,-0.2503],[31.8376,-0.2497],[31.837,-0.2491],[31.8368,-0.2482],[31.8367,-0.2479],[31.8366,-0.2477],[31.836,-0.2473],[31.8345,-0.2465],[31.8308,-0.2465],[31.8287,-0.2465],[31.8276,-0.2467],[31.8267,-0.247],[31.826,-0.2466],[31.8256,-0.246],[31.8255,-0.2459],[31.8251,-0.2454],[31.825,-0.245],[31.8245,-0.2442],[31.8241,-0.2442],[31.8234,-0.2443],[31.8221,-0.2434],[31.8217,-0.2432],[31.8216,-0.2432],[31.8211,-0.2433],[31.8201,-0.2434],[31.8193,-0.2426],[31.8175,-0.2416],[31.817,-0.2404],[31.8164,-0.2395],[31.816,-0.2385],[31.8143,-0.237],[31.814,-0.2367],[31.8136,-0.235],[31.8133,-0.234],[31.8131,-0.2336],[31.813,-0.233],[31.8128,-0.2329],[31.8126,-0.2329],[31.8108,-0.2336],[31.8076,-0.2401],[31.8073,-0.241],[31.8066,-0.2425],[31.8055,-0.2429],[31.8007,-0.2404],[31.8006,-0.2403],[31.7968,-0.2378],[31.791,-0.2332],[31.7868,-0.2344],[31.7812,-0.2347],[31.7718,-0.2439],[31.7611,-0.2407],[31.7224,-0.2469],[31.7222,-0.2497],[31.7212,-0.2542],[31.7211,-0.2544],[31.721,-0.2548],[31.7209,-0.2548],[31.7204,-0.255],[31.7202,-0.2552],[31.7183,-0.2577],[31.7157,-0.262],[31.7153,-0.2627],[31.7141,-0.2648],[31.7125,-0.2684],[31.7123,-0.269],[31.7103,-0.2742],[31.7082,-0.2814],[31.7083,-0.2867],[31.7086,-0.2886],[31.7089,-0.2896],[31.7092,-0.2901],[31.7097,-0.2908],[31.7106,-0.2927],[31.7107,-0.2929],[31.7115,-0.2954],[31.7117,-0.2961],[31.7117,-0.2965],[31.7121,-0.3017],[31.7123,-0.3044],[31.7097,-0.305],[31.7087,-0.3053],[31.707,-0.3057],[31.7057,-0.306],[31.7043,-0.3063],[31.6971,-0.307],[31.6926,-0.3068],[31.6906,-0.3045],[31.6887,-0.3016],[31.682,-0.3018],[31.681,-0.3018],[31.6773,-0.3018],[31.6714,-0.3009],[31.6711,-0.2985],[31.6709,-0.2974],[31.662,-0.3192],[31.6678,-0.3453],[31.6672,-0.353],[31.6592,-0.3572],[31.6587,-0.3754],[31.6584,-0.3766],[31.6579,-0.3785],[31.6542,-0.3821],[31.652,-0.3839],[31.6476,-0.3866],[31.6456,-0.3874],[31.6407,-0.3867],[31.6402,-0.3869],[31.6397,-0.3872],[31.6394,-0.3877],[31.6371,-0.3872],[31.6303,-0.3842],[31.6267,-0.3831],[31.6225,-0.3819],[31.6173,-0.3793],[31.6132,-0.3766],[31.6128,-0.3763],[31.611,-0.3747],[31.6069,-0.3716],[31.6056,-0.3708],[31.6036,-0.3696],[31.5985,-0.3703],[31.597,-0.3703],[31.5947,-0.3698],[31.5936,-0.3694],[31.5916,-0.3691],[31.5863,-0.3681],[31.5848,-0.3677],[31.5846,-0.3695],[31.5841,-0.3745],[31.5844,-0.382],[31.5849,-0.3845],[31.5854,-0.3875],[31.5857,-0.389],[31.5863,-0.3912],[31.5867,-0.3923],[31.5875,-0.3947],[31.5881,-0.3961],[31.5887,-0.4001],[31.5892,-0.4017],[31.5896,-0.4037],[31.5904,-0.4062],[31.5914,-0.4094],[31.5915,-0.41],[31.5918,-0.4114],[31.5921,-0.4125],[31.5941,-0.4221],[31.5959,-0.4292],[31.5962,-0.4313],[31.6035,-0.434],[31.6055,-0.4353],[31.6103,-0.4383],[31.6114,-0.4391],[31.6135,-0.4409],[31.6139,-0.4412],[31.6171,-0.443],[31.6204,-0.444],[31.6212,-0.4441],[31.6214,-0.4442],[31.6283,-0.4422],[31.6327,-0.4413],[31.6371,-0.4407],[31.6396,-0.4403],[31.6406,-0.4403],[31.6451,-0.4397],[31.6478,-0.4398],[31.6485,-0.4399],[31.6499,-0.4402],[31.6515,-0.4407],[31.6528,-0.4412],[31.6538,-0.4416],[31.6549,-0.442],[31.6551,-0.4422],[31.6555,-0.4425],[31.6573,-0.4439],[31.6577,-0.4447],[31.6577,-0.445],[31.6582,-0.4463],[31.6582,-0.4465],[31.6585,-0.4473],[31.6587,-0.4483],[31.6596,-0.451],[31.6602,-0.4529],[31.6615,-0.4554],[31.6625,-0.4577],[31.6637,-0.4584],[31.664,-0.4585],[31.666,-0.4586],[31.6664,-0.4589],[31.6666,-0.4591],[31.6668,-0.4592],[31.6677,-0.4596],[31.6778,-0.4483],[31.6986,-0.439],[31.7058,-0.3999],[31.7113,-0.3908],[31.7246,-0.384],[31.7254,-0.3666],[31.7484,-0.3737],[31.7786,-0.3366],[31.7914,-0.3484],[31.8304,-0.3436],[31.8379,-0.3555],[31.8533,-0.3606],[31.8698,-0.3582],[31.874278449842116,-0.361252957069763],[31.87450550391486,-0.360111007839871]]]},"properties":{"name":"Masaka City","id":"KJkbK1YhjFb"}},
{"type":"Feature","geometry":{"type":"MultiPolygon","coordinates":[[[[31.6212,-0.4441],[31.6211,-0.4444],[31.6225,-0.4447],[31.6321,-0.442],[31.6462,-0.4402],[31.6551,-0.4422],[31.6549,-0.442],[31.6538,-0.4416],[31.6528,-0.4412],[31.6515,-0.4407],[31.6499,-0.4402],[31.6485,-0.4399],[31.6478,-0.4398],[31.6451,-0.4397],[31.6406,-0.4403],[31.6396,-0.4403],[31.6371,-0.4407],[31.6327,-0.4413],[31.6283,-0.4422],[31.6214,-0.4442],[31.6212,-0.4441]]],[[[31.664,-0.4585],[31.6651,-0.459],[31.6657,-0.4589],[31.6664,-0.4589],[31.666,-0.4586],[31.664,-0.4585]]],[[[31.9573,-0.1738],[31.95395374629043,-0.177393191823194],[31.957996882102883,-0.176008228266572],[31.959931981705807,-0.177957709549573],[31.9582,-0.1728],[31.9581,-0.1729],[31.9579,-0.1731],[31.9573,-0.1738]]],[[[31.9488,-0.1845],[31.946921630435007,-0.186094287473181],[31.948867328897073,-0.184864803262578],[31.951537278249173,-0.181433499099306],[31.95234100982148,-0.179484271688869],[31.9517,-0.1804],[31.9509,-0.1818],[31.9497,-0.1835],[31.9488,-0.1845]]],[[[31.6677,-0.4596],[31.6663,-0.485],[31.6603,-0.4919],[31.659,-0.4988],[31.6636,-0.5079],[31.6669,-0.5117],[31.6681,-0.515],[31.6686,-0.5154],[31.6693,-0.5157],[31.6706,-0.5159],[31.6726,-0.5156],[31.6765,-0.5158],[31.677,-0.5156],[31.6799,-0.5212],[31.6808,-0.5223],[31.6815,-0.5227],[31.682,-0.5231],[31.6854,-0.5245],[31.6914,-0.5251],[31.6957,-0.5259],[31.6984,-0.5265],[31.7,-0.5269],[31.7082,-0.5323],[31.7092,-0.5336],[31.6845,-0.5487],[31.6924,-0.5575],[31.6879,-0.5636],[31.6873,-0.5697],[31.685,-0.5753],[31.6837,-0.5821],[31.6884,-0.5844],[31.68,-0.5937],[31.6775,-0.6032],[31.6808,-0.6255],[31.701,-0.6573],[31.7026,-0.6585],[31.7033,-0.6592],[31.7039,-0.6597],[31.7045,-0.6601],[31.7073,-0.66],[31.7076,-0.6601],[31.7079,-0.6602],[31.708,-0.6602],[31.7083,-0.6603],[31.7115,-0.6656],[31.7178,-0.679],[31.7159,-0.6818],[31.7192,-0.6839],[31.7211,-0.6986],[31.7296,-0.7112],[31.7478,-0.731],[31.761829554722084,-0.739708019717892],[31.801528914442006,-0.677838611220152],[31.8351644340584,-0.640830471376666],[31.815544251504072,-0.625942231134129],[31.81381784996523,-0.615010460174209],[31.81738003289583,-0.599220312152317],[31.81710528619635,-0.582593885186225],[31.823989055652376,-0.567936156562456],[31.84517709935631,-0.539807536269244],[31.864553590055472,-0.491278895418737],[31.91312304117723,-0.442888598370787],[31.933742681910157,-0.426345557322412],[31.968637787959544,-0.384176122090145],[31.989877682710137,-0.350708583843126],[31.99737487246534,-0.321425220692025],[32.01247867642848,-0.303586659204235],[32.0236050009536,-0.297551175104728],[32.03878020825077,-0.297830964857995],[32.04154248689466,-0.310012119672701],[32.03816011416376,-0.320647677890968],[32.045430210009364,-0.31885173323625],[32.04666498235023,-0.311683418993304],[32.03539046130308,-0.290509467834255],[32.03621815706563,-0.274699493628327],[32.03061142490256,-0.267916933814694],[32.021821340308136,-0.264116492983267],[32.02438883401686,-0.25469359989358],[32.00167831678415,-0.246795883369378],[31.99483546878178,-0.241234956410445],[31.993920347189768,-0.221463501396097],[31.998884167557563,-0.200533837353335],[31.990199552129173,-0.180133245180834],[31.98324874956891,-0.17595578021934],[31.979754964992754,-0.168481863010088],[31.973498981760113,-0.167295818969763],[31.967092085139715,-0.179134779578667],[31.957647121773412,-0.184056855462305],[31.937628064672726,-0.208847938588642],[31.946825358650763,-0.195257710461996],[31.9455,-0.1872],[31.9421,-0.1902],[31.9401,-0.1923],[31.9366,-0.1964],[31.9351,-0.1989],[31.9238,-0.212],[31.9218,-0.2135],[31.9202,-0.2145],[31.9145,-0.2163],[31.9038,-0.2177],[31.8983,-0.2185],[31.8977,-0.2186],[31.8969,-0.2187],[31.8968,-0.2223],[31.8969,-0.2231],[31.8966,-0.2234],[31.8963,-0.2237],[31.8959,-0.2238],[31.8955,-0.2233],[31.895,-0.2228],[31.8943,-0.2224],[31.894,-0.2224],[31.8937,-0.2224],[31.8932,-0.2228],[31.8929,-0.223],[31.8927,-0.2233],[31.892,-0.2236],[31.891,-0.2237],[31.89,-0.2234],[31.8899,-0.2234],[31.8897,-0.2233],[31.8894,-0.2232],[31.8884,-0.2224],[31.8881,-0.2222],[31.8875,-0.222],[31.8873,-0.2222],[31.8876,-0.2231],[31.8878,-0.2234],[31.887,-0.2245],[31.8839,-0.2257],[31.8828,-0.2267],[31.8821,-0.2279],[31.8821,-0.2282],[31.8821,-0.2286],[31.8827,-0.2291],[31.8829,-0.2294],[31.8831,-0.2298],[31.8834,-0.2304],[31.8832,-0.231],[31.8831,-0.2314],[31.8828,-0.2319],[31.8827,-0.2322],[31.8831,-0.2326],[31.8836,-0.232],[31.8839,-0.232],[31.8845,-0.2318],[31.8851,-0.2318],[31.885,-0.2333],[31.8838,-0.2358],[31.8835,-0.2363],[31.8832,-0.2372],[31.8834,-0.2386],[31.883,-0.2394],[31.8817,-0.2411],[31.8807,-0.2424],[31.8799,-0.243],[31.8794,-0.2432],[31.8786,-0.2434],[31.8776,-0.2444],[31.8768,-0.2454],[31.8769,-0.246],[31.8774,-0.2462],[31.8784,-0.2476],[31.8783,-0.2492],[31.8783,-0.2493],[31.8779,-0.2506],[31.8749,-0.2548],[31.8748,-0.2549],[31.8663,-0.258],[31.8644,-0.2579],[31.8578,-0.2571],[31.8559,-0.2574],[31.8557,-0.2574],[31.8514,-0.2607],[31.8509,-0.2611],[31.8503,-0.2617],[31.8491,-0.2625],[31.8556,-0.2847],[31.8555,-0.2998],[31.8612,-0.3226],[31.8688,-0.3331],[31.87450550391486,-0.360111007839871],[31.87972125379044,-0.348079249262602],[31.896592677141832,-0.345578158766612],[31.91008963399118,-0.348172157938233],[31.932287120458014,-0.364176468093743],[31.91665680609311,-0.378388183523684],[31.878739063246154,-0.390630180905656],[31.87092538735473,-0.38785794124964],[31.866575100405033,-0.38186794449896],[31.87341324494872,-0.374270588148317],[31.874278449842116,-0.361252957069763],[31.8698,-0.3582],[31.8533,-0.3606],[31.8379,-0.3555],[31.8304,-0.3436],[31.7914,-0.3484],[31.7786,-0.3366],[31.7484,-0.3737],[31.7254,-0.3666],[31.7246,-0.384],[31.7113,-0.3908],[31.7058,-0.3999],[31.6986,-0.439],[31.6778,-0.4483],[31.6677,-0.4596]]]]},"properties":{"name":"Masaka District","id":"bIONCoCnt3Q"}},
{"type":"Feature","geometry":{"type":"Polygon","coordinates":[[[31.6982,2.2872],[31.6975,2.2809],[31.6969,2.2775],[31.694,2.2758],[31.692,2.2764],[31.6888,2.2781],[31.6874,2.2787],[31.6856,2.2782],[31.6831,2.2774],[31.6791,2.2762],[31.6769,2.2752],[31.6711,2.2746],[31.6664,2.2736],[31.6637,2.2722],[31.661050622754548,2.270679750482776],[31.6523,2.2637],[31.652233066365287,2.26359290638684],[31.651045128410303,2.261692206105296],[31.6445,2.2583],[31.6342,2.2613],[31.6294,2.2687],[31.6265,2.2728],[31.6193,2.2744],[31.6103,2.2719],[31.6019,2.2722],[31.599,2.2737],[31.5953,2.2761],[31.5929,2.278],[31.5886,2.2808],[31.5833,2.2831],[31.580989532966342,2.284020737389159],[31.5766,2.2852],[31.5716,2.2859],[31.5699,2.2852],[31.5648,2.2849],[31.5564,2.2849],[31.551708158215295,2.282900789741384],[31.5375,2.267115424933207],[31.5392,2.0105],[31.5653,1.979],[31.5872,1.9733],[31.6107,1.9604],[31.6167,1.9637],[31.6231,1.963],[31.5865,1.9399],[31.5794,1.9279],[31.5599,1.9095],[31.5507,1.9086],[31.5388,1.902],[31.5416,1.8979],[31.5484,1.8994],[31.5529,1.8937],[31.5513,1.88],[31.5563,1.8753],[31.5601,1.8769],[31.5578,1.8717],[31.5662,1.8615],[31.5695,1.8603],[31.5712,1.8633],[31.5743,1.8605],[31.5766,1.8632],[31.5836,1.8609],[31.58,1.8377],[31.5765,1.8351],[31.5811,1.8246],[31.5799,1.8164],[31.5865,1.8141],[31.5846,1.8063],[31.5869,1.7997],[31.583,1.7963],[31.5846,1.7902],[31.59,1.7858],[31.5832,1.7786],[31.5879,1.7754],[31.5847,1.7644],[31.5886,1.7596],[31.588,1.7574],[31.57,1.7591],[31.5561,1.7566],[31.5562,1.7455],[31.5269,1.7288],[31.5196,1.7335],[31.5117,1.7334],[31.5161,1.7239],[31.5151,1.7181],[31.5062,1.7123],[31.5024,1.6976],[31.498,1.6939],[31.4877,1.6945],[31.482,1.6992],[31.4716,1.6979],[31.4536,1.6921],[31.4426,1.6819],[31.4054,1.6746],[31.4032,1.6789],[31.411,1.6856],[31.4076,1.6929],[31.3964,1.6924],[31.3897,1.6963],[31.3896,1.6959],[31.3895,1.6952],[31.3892,1.6941],[31.3891,1.6933],[31.3891,1.6922],[31.3888,1.6904],[31.3885,1.69],[31.3878,1.6896],[31.3859,1.6885],[31.3857,1.6878],[31.3856,1.6872],[31.3856,1.6861],[31.3853,1.6848],[31.3849,1.6842],[31.3843,1.6833],[31.3842,1.6821],[31.3839,1.681],[31.3833,1.6799],[31.3832,1.6798],[31.3822,1.6792],[31.381,1.6784],[31.3807,1.6776],[31.3806,1.6769],[31.3805,1.6746],[31.3806,1.674],[31.3806,1.6736],[31.3806,1.673],[31.3806,1.6726],[31.3808,1.6706],[31.38,1.6683],[31.3796,1.6675],[31.3793,1.6667],[31.3789,1.6657],[31.3786,1.6649],[31.3785,1.6643],[31.3795,1.6616],[31.3799,1.6604],[31.38,1.6594],[31.3798,1.6584],[31.3797,1.6578],[31.3795,1.6574],[31.3794,1.6566],[31.3792,1.6556],[31.3791,1.6551],[31.3776,1.6529],[31.3769,1.6519],[31.3762,1.6506],[31.3755,1.6486],[31.3751,1.6467],[31.3749,1.6465],[31.3747,1.646],[31.3746,1.6458],[31.3732,1.6432],[31.3731,1.643],[31.3739,1.6401],[31.3745,1.639],[31.375,1.6381],[31.3755,1.6367],[31.3755,1.6362],[31.3753,1.6357],[31.3752,1.6354],[31.3751,1.6351],[31.3742,1.634],[31.3735,1.6316],[31.3737,1.6291],[31.3745,1.628],[31.3751,1.6261],[31.3749,1.6244],[31.3747,1.6234],[31.3743,1.6224],[31.373,1.6207],[31.3718,1.6195],[31.3698,1.6177],[31.3692,1.6171],[31.3682,1.6158],[31.3677,1.6145],[31.371,1.6104],[31.3722,1.6101],[31.3731,1.6089],[31.374,1.6054],[31.3744,1.6044],[31.3749,1.6041],[31.3761,1.6039],[31.3777,1.6034],[31.3789,1.6029],[31.3812,1.6024],[31.3819,1.6028],[31.3835,1.6027],[31.3839,1.6026],[31.385,1.6015],[31.3858,1.601],[31.387,1.6008],[31.3876,1.6008],[31.3883,1.601],[31.3887,1.6012],[31.3891,1.6015],[31.3896,1.6019],[31.3897,1.6022],[31.3904,1.6026],[31.3912,1.603],[31.3918,1.6032],[31.3925,1.6035],[31.3937,1.604],[31.3948,1.6047],[31.3955,1.605],[31.3964,1.6053],[31.3968,1.6054],[31.3988,1.6055],[31.3997,1.6057],[31.3999,1.6057],[31.4002,1.6058],[31.4039,1.6087],[31.4044,1.6091],[31.4063,1.6102],[31.4086,1.6107],[31.4099,1.611],[31.4104,1.611],[31.4131,1.6114],[31.4157,1.612],[31.4171,1.6121],[31.4177,1.6122],[31.419,1.6123],[31.4193,1.6125],[31.4195,1.6128],[31.42,1.6134],[31.4202,1.6135],[31.4216,1.6142],[31.4224,1.6143],[31.4234,1.6142],[31.4258,1.6142],[31.4266,1.6142],[31.4274,1.6141],[31.4285,1.6142],[31.4299,1.6145],[31.4306,1.6147],[31.4315,1.6151],[31.4324,1.6154],[31.4342,1.6159],[31.4347,1.616],[31.4356,1.6161],[31.4369,1.6158],[31.438,1.6151],[31.4386,1.6144],[31.4393,1.6133],[31.4401,1.6122],[31.4405,1.6117],[31.4408,1.6115],[31.4411,1.6113],[31.4413,1.611],[31.4416,1.6105],[31.4423,1.6099],[31.4431,1.609],[31.4433,1.6086],[31.4443,1.6076],[31.4457,1.6071],[31.4473,1.6077],[31.4481,1.6082],[31.4489,1.6089],[31.4499,1.6101],[31.45,1.6102],[31.4506,1.6108],[31.4535,1.6129],[31.454,1.613],[31.4563,1.6134],[31.4567,1.6135],[31.4573,1.6135],[31.4578,1.6135],[31.4583,1.6126],[31.4584,1.6115],[31.4585,1.6108],[31.4587,1.6097],[31.4588,1.6092],[31.4592,1.6081],[31.4599,1.6062],[31.4601,1.6052],[31.4605,1.6045],[31.4611,1.6033],[31.4619,1.6021],[31.4625,1.6016],[31.4626,1.6016],[31.4636,1.6012],[31.4642,1.601],[31.4647,1.6009],[31.4658,1.6009],[31.4667,1.6008],[31.4695,1.6003],[31.4705,1.5999],[31.4714,1.5994],[31.4717,1.599],[31.472,1.5987],[31.4726,1.5982],[31.4751,1.5971],[31.4755,1.5968],[31.4762,1.5964],[31.4768,1.5959],[31.4775,1.5957],[31.478,1.5959],[31.479,1.5962],[31.4809,1.5964],[31.4819,1.5966],[31.4832,1.5966],[31.4834,1.5966],[31.484,1.5964],[31.4846,1.5959],[31.4854,1.5948],[31.4863,1.594],[31.4869,1.5934],[31.4877,1.5923],[31.488,1.5919],[31.4884,1.5912],[31.4888,1.5902],[31.4888,1.5889],[31.489,1.5875],[31.489,1.5869],[31.4889,1.5865],[31.489,1.5861],[31.4892,1.5852],[31.489,1.5833],[31.4889,1.582],[31.4887,1.5814],[31.4877,1.5793],[31.4878,1.5775],[31.4877,1.5739],[31.4865,1.5729],[31.4859,1.5728],[31.4852,1.5733],[31.4808,1.5741],[31.4799,1.574],[31.4776,1.5733],[31.4775,1.5732],[31.4778,1.5726],[31.4781,1.5715],[31.4789,1.5706],[31.4792,1.5697],[31.4791,1.5682],[31.4798,1.5657],[31.4825,1.5592],[31.4826,1.5586],[31.4827,1.5585],[31.483,1.5581],[31.4831,1.5556],[31.4831,1.5552],[31.4831,1.5541],[31.4837,1.5528],[31.4828,1.5519],[31.4822,1.5508],[31.4818,1.5497],[31.4814,1.5491],[31.4809,1.5484],[31.4796,1.5471],[31.4789,1.5463],[31.4788,1.546],[31.4788,1.5452],[31.4788,1.5446],[31.4789,1.5434],[31.4793,1.5421],[31.4794,1.542],[31.4805,1.5415],[31.481,1.5408],[31.4812,1.5406],[31.4823,1.5394],[31.4826,1.539],[31.4831,1.5384],[31.4833,1.538],[31.4834,1.538],[31.4836,1.5375],[31.4837,1.5371],[31.4837,1.5359],[31.4837,1.5339],[31.4841,1.5322],[31.4843,1.5317],[31.4846,1.5311],[31.4847,1.5308],[31.485,1.53],[31.4856,1.5292],[31.4857,1.5288],[31.4852,1.5261],[31.4842,1.5227],[31.4831,1.5198],[31.4837,1.5193],[31.4839,1.5192],[31.4858,1.5182],[31.4865,1.518],[31.4872,1.5177],[31.488,1.5176],[31.4887,1.5175],[31.4897,1.5176],[31.4913,1.5179],[31.4917,1.5178],[31.4922,1.5176],[31.493,1.5177],[31.4939,1.5176],[31.4941,1.5176],[31.4946,1.5175],[31.495,1.5176],[31.4951,1.5179],[31.4968,1.5192],[31.4969,1.519],[31.4973,1.5184],[31.4981,1.5175],[31.4986,1.5172],[31.5007,1.5165],[31.5018,1.5165],[31.5023,1.5161],[31.503,1.5159],[31.5039,1.5155],[31.505,1.5128],[31.5055,1.5112],[31.506,1.5098],[31.5069,1.5078],[31.5086,1.506],[31.5121,1.5043],[31.5153,1.5025],[31.5193,1.4994],[31.5214,1.4978],[31.5217,1.4973],[31.5226,1.497],[31.5261,1.4939],[31.5268,1.4915],[31.5288,1.4879],[31.5296,1.4858],[31.5296,1.483],[31.53,1.4798],[31.5332,1.4756],[31.5432,1.4664],[31.5436,1.4641],[31.5454,1.461],[31.5488,1.4551],[31.5552,1.4485],[31.5696,1.4487],[31.5708,1.448],[31.5742,1.4466],[31.5776,1.4449],[31.5795,1.442],[31.5821,1.4424],[31.5832,1.4422],[31.5879,1.4393],[31.5875,1.4325],[31.5858,1.4302],[31.5843,1.4284],[31.5806,1.4239],[31.5789,1.4211],[31.5782,1.4169],[31.5779,1.4158],[31.5754,1.4109],[31.575,1.4087],[31.5751,1.4016],[31.5765,1.3994],[31.5771,1.3992],[31.5798,1.3989],[31.5802,1.3984],[31.5802,1.3978],[31.5798,1.3961],[31.5804,1.3921],[31.5802,1.389],[31.5813,1.3874],[31.5812,1.3863],[31.5807,1.3815],[31.58,1.3806],[31.58,1.3805],[31.5802,1.3795],[31.5806,1.3789],[31.5807,1.3774],[31.5815,1.3764],[31.5818,1.374],[31.5811,1.3722],[31.5812,1.3709],[31.5813,1.3705],[31.5828,1.3691],[31.5835,1.3674],[31.5832,1.3632],[31.5819,1.3619],[31.5828,1.3604],[31.583,1.3571],[31.6104,1.3417],[31.651,1.3473],[31.6663,1.3431],[31.6797,1.3346],[31.6889,1.3369],[31.6952,1.3341],[31.7178,1.3335],[31.7255,1.3272],[31.739,1.3232],[31.7442,1.3257],[31.7535,1.3243],[31.7662,1.3336],[31.7729,1.3345],[31.7756,1.343],[31.7935,1.3547],[31.8075,1.3542],[31.8215,1.3591],[31.837,1.3626],[31.853,1.3811],[31.8597,1.3836],[31.8641,1.3887],[31.8629,1.3947],[31.8677,1.3948],[31.8723,1.4116],[31.8788,1.4145],[31.8781,1.4188],[31.8856,1.4247],[31.8903,1.4212],[31.8951,1.4316],[31.9013,1.4298],[31.9036,1.4362],[31.9133,1.4402],[31.9122,1.4481],[31.9185,1.4478],[31.9209,1.4515],[31.9304,1.446],[31.9322,1.4537],[31.9507,1.4572],[31.9578,1.4644],[31.9583,1.4596],[31.9621,1.4591],[31.9752,1.4662],[31.9684,1.4863],[31.976,1.4963],[31.9718,1.504],[31.9874,1.5067],[31.9856,1.5139],[31.9899,1.5161],[31.987,1.5188],[31.9894,1.5228],[31.988,1.5275],[31.993,1.531],[31.9953,1.527],[31.9995,1.5269],[31.9974,1.5326],[32.0009,1.5352],[32.0009,1.5429],[32.0088,1.5347],[32.0129,1.5399],[32.0168,1.5381],[32.0231,1.5429],[32.0296,1.541],[32.0376,1.5452],[32.0399,1.5422],[32.046,1.5426],[32.0499,1.5579],[32.0549,1.5607],[32.057,1.5718],[32.0628,1.5716],[32.0638,1.5789],[32.0728,1.5755],[32.0744,1.5873],[32.0811,1.5857],[32.0898,1.5911],[32.0908,1.6052],[32.0842,1.6111],[32.0909,1.615],[32.0913,1.6181],[32.0844,1.6337],[32.0717,1.6259],[32.0495,1.6231],[32.0342,1.6283],[32.013,1.6273],[32.0002,1.6179],[31.983,1.613],[31.975,1.6172],[31.9713,1.6327],[31.9665,1.6401],[31.9316,1.6548],[31.9096,1.6594],[31.9039,1.6648],[31.9141,1.6861],[31.9136,1.7133],[31.9196,1.7288],[31.9102,1.7389],[31.9141,1.7652],[31.908,1.7687],[31.9061,1.7738],[31.9096,1.7845],[31.886,1.8062],[31.891,1.8182],[31.8862,1.8247],[31.8861,1.8338],[31.8831,1.8354],[31.8772,1.852],[31.8934,1.8729],[31.8982,1.8914],[31.9054,1.8969],[31.9136,1.8959],[31.9216,1.9072],[31.9126,1.9055],[31.9038,1.916],[31.8964,1.917],[31.896,1.9323],[31.8866,1.9461],[31.8868,1.9521],[31.8808,1.9601],[31.8821,1.9649],[31.7672,1.9846],[31.7633,1.9953],[31.7577,1.995],[31.7556,1.9981],[31.7587,2.0017],[31.758,2.0126],[31.7547,2.0124],[31.7531,2.0222],[31.7482,2.024],[31.7433,2.0332],[31.746,2.049],[31.7504,2.3017],[31.749,2.3008],[31.7469,2.2995],[31.7427,2.2969],[31.7414,2.2956],[31.7392,2.2961],[31.7369,2.2967],[31.7345,2.2955],[31.7326,2.2941],[31.7224,2.2911],[31.72,2.2906],[31.7187,2.2904],[31.7155,2.2897],[31.7127,2.2888],[31.7095,2.2879],[31.7067,2.287],[31.6992,2.2889],[31.6982,2.2872]]]},"properties":{"name":"Masindi District","id":"xr8EMirOASp"}},
{"type":"Feature","geometry":{"type":"MultiPolygon","coordinates":[[[[33.28826380366194,0.480742331318045],[33.28969750299341,0.473231639819786],[33.29518998462644,0.467993085621128],[33.28961018783449,0.467061459065154],[33.284208587005,0.455580789611188],[33.29203027148475,0.448017024133666],[33.29458170181671,0.440742982278577],[33.311209348009854,0.432518420324417],[33.314690835122114,0.42363395363663],[33.32247541796182,0.430455193408404],[33.31841701567978,0.437331212644293],[33.32104350643623,0.4391857689304],[33.32791972652611,0.442505775840364],[33.333016311605846,0.440488031840057],[33.3348791451043,0.447318548087007],[33.34932228750185,0.450222001876947],[33.363656680146846,0.457630891364221],[33.36470794502645,0.46480520642052],[33.352280767969255,0.475436225578793],[33.3544917682656,0.479869206869353],[33.36428051289685,0.475743200950565],[33.365556739786044,0.477471133318152],[33.36643271485608,0.483415044912873],[33.36273220404119,0.490888169855944],[33.36758637155724,0.493131588680394],[33.36753060636472,0.490227466374495],[33.37262607811972,0.488553466710427],[33.38175688490063,0.491040904572028],[33.40076261407358,0.48486062621694],[33.4026678631293,0.475912947914647],[33.38362105745459,0.470151035916161],[33.39399803889423,0.459836768885865],[33.37761412416416,0.463619352224004],[33.359828345763,0.435863694361934],[33.361497654784905,0.424048065620162],[33.35441592772028,0.421479009063468],[33.351969121346066,0.430652917511395],[33.345544258258926,0.421642258956174],[33.345175970642735,0.412703697516399],[33.35350427855183,0.407709310393238],[33.356927998825,0.401982323500335],[33.36319062719993,0.401077332902363],[33.362076463243895,0.392699742546407],[33.3681838052742,0.385923180021752],[33.36121001181072,0.384439751930525],[33.34788750556976,0.393912666083078],[33.344338878099826,0.380803501243719],[33.34215119362518,0.381699256515671],[33.34279740361929,0.388828382119608],[33.3387096540919,0.391777919222126],[33.336149481696516,0.39032143142385],[33.33498352874588,0.378062584648284],[33.32798114041251,0.378234749811068],[33.32385401465241,0.37985434822919],[33.320918625291505,0.392810001187017],[33.31759121303373,0.391661138621725],[33.316654616557955,0.38406155112295],[33.30916385370844,0.376923604451994],[33.30742123247842,0.36816599751261],[33.310014452085,0.367179764871602],[33.32283164619058,0.376606454441853],[33.327699639662086,0.375511565113679],[33.31757759606905,0.356612402879783],[33.317930762009475,0.352894003737743],[33.320496493497544,0.353092952794113],[33.33416761716539,0.368508820681612],[33.34202264025466,0.369042302271003],[33.348003760021804,0.365513683363945],[33.35309328299776,0.37081510566351],[33.36238064513411,0.373492677649016],[33.37267836323918,0.360518677938342],[33.35956893944127,0.34543764137241],[33.36011498982405,0.333124475786043],[33.36579342992786,0.331993374607962],[33.375325649584326,0.335439965876048],[33.38123473596514,0.343835452987102],[33.397703994705736,0.330209857380609],[33.400203411564505,0.330146426784555],[33.39953073030876,0.335022835100862],[33.403011473987235,0.337239227490933],[33.41028849672088,0.325115838069721],[33.416291440597625,0.321623421534133],[33.42627239249131,0.325477053828919],[33.429449931173885,0.330172339614885],[33.43045618598261,0.337364703404807],[33.42517966493383,0.344828761211398],[33.43234416000283,0.354563063266591],[33.446339848244804,0.356652259496209],[33.44340188064504,0.370313428799854],[33.44691675625465,0.369670911777643],[33.44962198975414,0.363419276881283],[33.46178922449206,0.361138811339228],[33.467533606269235,0.365842959275133],[33.46934151328047,0.364105839406481],[33.46299191394203,0.353231660551773],[33.458878213558414,0.351739107955549],[33.460767703868314,0.341199240748732],[33.45629478665989,0.344809216981883],[33.45047358362563,0.342330610133109],[33.45487218930763,0.334884700754286],[33.46567889058372,0.329401701968816],[33.4671115978311,0.315025938517694],[33.47267149489381,0.315324237154963],[33.47286142008651,0.329319938479018],[33.475426548228036,0.329735977516382],[33.47976716523075,0.31991073513898],[33.49103809904671,0.322009096917365],[33.49708366545809,0.319177100947571],[33.48774075993934,0.313577470067856],[33.48591544708599,0.302974490821335],[33.49725516793553,0.299255668953894],[33.50534712217619,0.302557435956026],[33.501808547635356,0.287078249349181],[33.509173518203575,0.286308930684356],[33.510339330886445,0.282074905824325],[33.50258329730834,0.279252593756377],[33.497671751462185,0.269111152950572],[33.48712205953262,0.266867929989953],[33.483450952042055,0.278095387178949],[33.472852059033016,0.282248393014462],[33.47205181852592,0.285306312535664],[33.4804852233753,0.287549614914178],[33.49106774950986,0.281831472162731],[33.49100914862856,0.290607042330279],[33.486403129546446,0.293882250837905],[33.45222055380327,0.295295032966807],[33.449436322875414,0.293440505262356],[33.45125237598227,0.284302932461099],[33.44080144269912,0.29626352816878],[33.41941365579118,0.290564711556704],[33.4107365884557,0.292790613509726],[33.40145716018102,0.288140748746387],[33.42157955547247,0.278522987007055],[33.41647324727333,0.271945949158264],[33.42178137854472,0.267747925503207],[33.430829774916646,0.268290432024463],[33.42865420488984,0.260908110544646],[33.43993831571853,0.254330517897621],[33.450165535536385,0.252882637959025],[33.440438913460206,0.242135086894927],[33.4378537370389,0.246613459011554],[33.43391853041544,0.239945912251052],[33.42985963339482,0.2470117917674],[33.426347006181274,0.247057140979604],[33.426196090772955,0.234490779356645],[33.43961032129448,0.219146574828431],[33.445985845436915,0.22362466812599],[33.45402023041975,0.219010436719113],[33.462709644222485,0.21925443862179],[33.463171638652106,0.210976405683577],[33.4739766364687,0.205900710630333],[33.476330140787844,0.192113015293399],[33.485208432246274,0.179275090469559],[33.48873358468161,0.187091588029042],[33.484584438504484,0.199639874726416],[33.49168085145807,0.214847631225138],[33.490536346958706,0.219443533382752],[33.49807193610798,0.232045709339658],[33.49809978348416,0.225215247455495],[33.50153197456388,0.222871965458335],[33.496966116819884,0.199901864817064],[33.49959397554487,0.195921119341938],[33.51489402894629,0.198164295357899],[33.51780035342643,0.208721983851436],[33.52579359675398,0.202995010810445],[33.524236219671764,0.187524809023481],[33.517015280607374,0.175221184144897],[33.519662256704954,0.172072775909617],[33.52348432584894,0.173366382090292],[33.53240227907342,0.194680674212991],[33.541004850817856,0.205021012764632],[33.548581787765826,0.196634281462034],[33.54305952577014,0.192708107092271],[33.54206326365098,0.17764504199185],[33.54923447278483,0.180259381278489],[33.56285650570945,0.174496104232985],[33.57423183067931,0.18409447169155],[33.563707009626675,0.197565601998562],[33.57388443386158,0.208276728384733],[33.58112637409172,0.210122017425283],[33.58907068238205,0.205417365708662],[33.60096421862179,0.20927990839709],[33.60416708971897,0.218887492573586],[33.61468573119879,0.22317523986606],[33.62472734040289,0.223084346245162],[33.626106346567916,0.227173426598563],[33.622148084010924,0.231669846034778],[33.61668946086967,0.256078310803118],[33.62670555939677,0.262202483034797],[33.62062659818664,0.267712275353994],[33.62059526102594,0.280848197665439],[33.61525075365775,0.282974476912476],[33.622099142322845,0.28752463684382],[33.623988284535635,0.293522542391788],[33.61989279448242,0.304089408587905],[33.61548436443841,0.302940720752624],[33.61283306675305,0.307147629448929],[33.61515772211529,0.316773275379136],[33.61026230769585,0.324716652109272],[33.62226602040743,0.318283659348629],[33.63498409851535,0.329862720855621],[33.64499141711688,0.31053824961857],[33.65444627123521,0.321846060593918],[33.66139159314312,0.313667389069287],[33.67255172537846,0.309704225647202],[33.67411421603229,0.318560826021233],[33.67998880382078,0.324395539229133],[33.687497744494166,0.321545332078376],[33.69210702577624,0.328411423089723],[33.704382510567505,0.329422426034614],[33.6989,0.3463],[33.7003,0.3555],[33.7112,0.3634],[33.705,0.3748],[33.7092,0.4015],[33.707,0.409],[33.6789,0.4134],[33.6672,0.4061],[33.6561,0.4173],[33.6563,0.4236],[33.6476,0.4271],[33.6347,0.449],[33.6277,0.4526],[33.6256,0.461],[33.6205,0.4585],[33.6137,0.4635],[33.6179,0.4424],[33.6099,0.4447],[33.5771,0.4441],[33.5719,0.4475],[33.5772,0.4618],[33.5433,0.489],[33.5474,0.5001],[33.5463,0.512],[33.5527,0.5167],[33.558,0.5269],[33.5459,0.5273],[33.5419,0.5426],[33.5364,0.5436],[33.5285,0.5529],[33.5228,0.5451],[33.5074,0.5447],[33.5036,0.5403],[33.4905,0.5364],[33.4835,0.5426],[33.4806,0.5545],[33.476,0.5509],[33.4558,0.5528],[33.4487,0.5479],[33.4404,0.5529],[33.4277,0.5516],[33.4238,0.5649],[33.4236,0.5649],[33.4081,0.5595],[33.4018,0.5676],[33.3957,0.5687],[33.3964,0.5815],[33.402,0.596],[33.3756,0.6032],[33.3749,0.6015],[33.373,0.5975],[33.3706,0.5957],[33.3703,0.5957],[33.3694,0.5957],[33.369,0.596],[33.3678,0.599],[33.3668,0.6004],[33.3664,0.6012],[33.3663,0.602],[33.366,0.6028],[33.3659,0.6029],[33.3658,0.6034],[33.3658,0.6036],[33.3659,0.6039],[33.3659,0.6042],[33.3658,0.6044],[33.3655,0.6067],[33.3653,0.6068],[33.3647,0.6067],[33.3642,0.6068],[33.3638,0.6069],[33.3622,0.6073],[33.3589,0.6088],[33.3581,0.6089],[33.3576,0.6087],[33.3572,0.6083],[33.3571,0.6081],[33.3575,0.6058],[33.3574,0.6053],[33.3573,0.6051],[33.3572,0.6049],[33.3572,0.6047],[33.3573,0.6043],[33.3573,0.6042],[33.3572,0.6038],[33.3572,0.6036],[33.3572,0.6033],[33.3572,0.6029],[33.3571,0.6028],[33.357,0.6027],[33.3569,0.6025],[33.3569,0.6024],[33.357,0.6022],[33.3571,0.6019],[33.357,0.6016],[33.3569,0.6013],[33.3569,0.6011],[33.3572,0.6],[33.3574,0.5996],[33.3574,0.5993],[33.3574,0.599],[33.3573,0.5987],[33.3571,0.5984],[33.357,0.5981],[33.3565,0.5976],[33.3554,0.5967],[33.355,0.5962],[33.3545,0.5957],[33.354,0.5951],[33.3541,0.5949],[33.3543,0.5939],[33.3544,0.5934],[33.3541,0.5921],[33.354,0.5915],[33.3534,0.5902],[33.3526,0.5857],[33.3528,0.5848],[33.3532,0.5832],[33.3542,0.5835],[33.3544,0.5835],[33.355,0.5837],[33.3558,0.5838],[33.3566,0.5838],[33.3568,0.5838],[33.3579,0.5838],[33.3583,0.5838],[33.3589,0.5836],[33.3626,0.5834],[33.366,0.5838],[33.3669,0.5835],[33.3707,0.584],[33.371,0.584],[33.3713,0.5834],[33.37,0.5812],[33.3688,0.5807],[33.3677,0.58],[33.3664,0.5781],[33.3656,0.5768],[33.365,0.5757],[33.3646,0.5749],[33.3628,0.5732],[33.3606,0.5705],[33.3591,0.5681],[33.3573,0.5658],[33.3562,0.5645],[33.3548,0.5611],[33.3538,0.5578],[33.3545,0.5571],[33.3567,0.5547],[33.3584,0.5535],[33.36,0.5525],[33.3601,0.5519],[33.3601,0.5515],[33.3601,0.5509],[33.3603,0.5502],[33.3605,0.55],[33.3618,0.5489],[33.3623,0.5486],[33.3627,0.5487],[33.364,0.5487],[33.3646,0.5485],[33.3664,0.548],[33.3672,0.5479],[33.3693,0.5482],[33.3696,0.5484],[33.3698,0.5485],[33.37,0.5486],[33.3702,0.5486],[33.3702,0.5484],[33.3701,0.5481],[33.37,0.5479],[33.3693,0.5473],[33.3689,0.5471],[33.3685,0.5465],[33.3683,0.5459],[33.3679,0.5455],[33.3677,0.5454],[33.3675,0.5453],[33.3672,0.545],[33.3671,0.5449],[33.3668,0.5441],[33.3669,0.5422],[33.367,0.542],[33.367,0.5419],[33.3669,0.5417],[33.3664,0.5411],[33.3663,0.541],[33.3652,0.5405],[33.3647,0.5404],[33.3634,0.5404],[33.363,0.5405],[33.3628,0.5406],[33.3625,0.5408],[33.3622,0.5412],[33.3618,0.5416],[33.3615,0.5417],[33.3605,0.5417],[33.3602,0.5416],[33.36,0.5415],[33.3598,0.5415],[33.3595,0.5415],[33.3592,0.5416],[33.3589,0.5418],[33.3577,0.5417],[33.3561,0.5408],[33.3548,0.5395],[33.3507,0.5378],[33.3446,0.5347],[33.3408,0.5337],[33.34,0.533],[33.3401,0.5325],[33.3401,0.5318],[33.3402,0.5312],[33.3402,0.5308],[33.3406,0.5291],[33.3408,0.5276],[33.3408,0.5272],[33.3408,0.5268],[33.3407,0.5267],[33.3407,0.5265],[33.3408,0.5263],[33.3412,0.5261],[33.3412,0.5259],[33.3413,0.5257],[33.3413,0.5251],[33.3412,0.5246],[33.3412,0.5243],[33.341,0.5228],[33.341,0.5225],[33.341,0.5224],[33.3406,0.521],[33.3401,0.5201],[33.3397,0.5195],[33.3395,0.5192],[33.3393,0.519],[33.3389,0.5188],[33.3384,0.5182],[33.3379,0.5174],[33.3375,0.517],[33.3373,0.5169],[33.3369,0.5169],[33.3366,0.5169],[33.3358,0.5165],[33.3353,0.5163],[33.3346,0.5161],[33.3342,0.5161],[33.3338,0.5161],[33.3336,0.516],[33.3328,0.5159],[33.3325,0.5155],[33.3323,0.5154],[33.3321,0.5153],[33.3317,0.5154],[33.3312,0.5152],[33.3309,0.5151],[33.3286,0.5161],[33.327,0.5166],[33.3256,0.5171],[33.3253,0.517],[33.3249,0.5161],[33.3257,0.5143],[33.3273,0.5104],[33.3279,0.5086],[33.3294,0.5057],[33.3323,0.4998],[33.3325,0.4985],[33.3297,0.4962],[33.3229,0.4885],[33.3226,0.4886],[33.3179,0.4865],[33.3161,0.4858],[33.3141,0.4851],[33.3115,0.4842],[33.3107,0.4839],[33.3091,0.4833],[33.3066,0.4821],[33.3045,0.4801],[33.3093,0.4748],[33.3097,0.4743],[33.3087,0.4724],[33.3077,0.4715],[33.3053,0.4698],[33.3048,0.4694],[33.303,0.4683],[33.3024,0.4682],[33.2998,0.4686],[33.2997,0.4686],[33.2993,0.4687],[33.2978,0.4692],[33.2945,0.4707],[33.2939,0.4713],[33.2929,0.4726],[33.2926,0.4732],[33.292,0.4744],[33.2918,0.4755],[33.2911,0.4798],[33.2909,0.4803],[33.2907,0.4806],[33.2899,0.4815],[33.2896,0.4816],[33.28826380366194,0.480742331318045]]],[[[33.35428918145551,0.327699103243129],[33.35307662609354,0.331025796238733],[33.34895068118285,0.330196662167486],[33.35428918145551,0.327699103243129]]],[[[33.58341015802925,0.142035408940289],[33.585779015918654,0.15730640957862],[33.58036873874082,0.158916900306943],[33.57665777927734,0.152638489842995],[33.56688083721272,0.159496276882353],[33.560345411946365,0.155515830984267],[33.5688602246543,0.143582787868259],[33.56732178863425,0.139945985959357],[33.562350074797116,0.138923809669469],[33.55741839701646,0.144732025618303],[33.5506066808399,0.142199063205678],[33.54654043569315,0.145682216498808],[33.5402970647182,0.14181933829576],[33.54302428633302,0.135595004026628],[33.55166637647123,0.136490449533853],[33.55576011680377,0.131885490327733],[33.56517106104434,0.131948605082893],[33.57390117816763,0.127651147128295],[33.577624717446824,0.120069802551278],[33.57374301900466,0.111412043004871],[33.57662761159191,0.11076965981569],[33.58715421381153,0.124086392941391],[33.58341015802925,0.142035408940289]]],[[[33.659,0.017869187612017],[33.650830890898845,0.010763200997913],[33.66131266749524,0.002283162679347],[33.67231731528336,0.005387301894916],[33.674406676191026,0.009543175061093],[33.6591,0.0077],[33.659,0.017869187612017]]],[[[33.675234432178236,-0.000047495076239],[33.65444612423242,-0.000048060697526],[33.64500280109476,-0.011926284530693],[33.636941647747655,-0.016702987897913],[33.63759092948733,-0.024211363990737],[33.62993697196148,-0.030697929211075],[33.63459238867784,-0.03145768756516],[33.64491410137402,-0.023225093466264],[33.653383570525975,-0.024536546205444],[33.65616027343135,-0.020067595975579],[33.6700551170298,-0.02475301835288],[33.668148330487696,-0.014123727556045],[33.67715072174824,-0.000409220806759],[33.675234432178236,-0.000047495076239]]]]},"properties":{"name":"Mayuge District","id":"mv4gKtY0qW8"}},
{"type":"Feature","geometry":{"type":"Polygon","coordinates":[[[34.1345,1.0865],[34.1343,1.0865],[34.1341,1.0866],[34.134,1.0866],[34.1339,1.0865],[34.1339,1.0864],[34.1339,1.0863],[34.1339,1.0861],[34.1338,1.086],[34.1337,1.0859],[34.1335,1.086],[34.1334,1.086],[34.133,1.086],[34.1329,1.0859],[34.1328,1.0858],[34.1323,1.0853],[34.1322,1.0852],[34.132,1.085],[34.1318,1.0849],[34.1316,1.0848],[34.1315,1.0847],[34.1314,1.0844],[34.1315,1.0843],[34.1314,1.0841],[34.1313,1.084],[34.1309,1.0833],[34.1308,1.0831],[34.1308,1.0829],[34.1307,1.0826],[34.1302,1.0824],[34.1301,1.0823],[34.13,1.0817],[34.1299,1.0816],[34.1298,1.0812],[34.1298,1.081],[34.1299,1.0808],[34.1298,1.0807],[34.1298,1.0806],[34.1297,1.0805],[34.1296,1.0804],[34.1295,1.0803],[34.1295,1.0802],[34.1294,1.08],[34.1294,1.0798],[34.1293,1.0797],[34.1291,1.0795],[34.129,1.0794],[34.1285,1.0793],[34.1284,1.0792],[34.1281,1.0792],[34.1279,1.0791],[34.1279,1.0789],[34.128,1.0788],[34.128,1.0784],[34.1279,1.0783],[34.1277,1.0784],[34.1276,1.0785],[34.1275,1.0786],[34.1271,1.0787],[34.1269,1.0786],[34.1268,1.0782],[34.1267,1.078],[34.1267,1.0778],[34.1266,1.0775],[34.1269,1.0768],[34.1265,1.0767],[34.1264,1.0766],[34.1263,1.0765],[34.1263,1.0764],[34.1257,1.0757],[34.1253,1.0752],[34.1248,1.0744],[34.1242,1.0736],[34.1221,1.0712],[34.1211,1.0701],[34.1205,1.0691],[34.1192,1.0686],[34.1155,1.0683],[34.1143,1.0661],[34.1131,1.0654],[34.1121,1.0644],[34.1121,1.0628],[34.1124,1.0617],[34.1118,1.0608],[34.1112,1.0597],[34.11,1.0577],[34.109,1.057],[34.12,1.0525],[34.126,1.0534],[34.1382,1.0468],[34.157,1.0452],[34.158,1.038],[34.1651,1.0376],[34.1696,1.0327],[34.1788,1.0374],[34.1912,1.0314],[34.2049,1.0367],[34.2206,1.0382],[34.2305,1.0508],[34.2297,1.0542],[34.2393,1.0613],[34.2338,1.0633],[34.2283,1.0703],[34.2177,1.0736],[34.2143,1.079],[34.2064,1.079],[34.1995,1.0838],[34.2119,1.0953],[34.2178,1.1191],[34.2242,1.1185],[34.2274,1.122],[34.2274,1.1226],[34.2273,1.1232],[34.2273,1.1237],[34.2274,1.1245],[34.2273,1.1249],[34.2271,1.126],[34.227,1.1268],[34.227,1.1271],[34.2272,1.128],[34.2271,1.1285],[34.2266,1.129],[34.226,1.1296],[34.2253,1.13],[34.2253,1.1304],[34.2252,1.1472],[34.2252,1.1561],[34.2252,1.1581],[34.2218,1.1604],[34.2214,1.1605],[34.2212,1.1606],[34.2209,1.1606],[34.2207,1.1607],[34.2202,1.1611],[34.2197,1.1613],[34.2189,1.1619],[34.2186,1.1621],[34.2173,1.1627],[34.2169,1.163],[34.2163,1.1632],[34.2158,1.1633],[34.2152,1.1635],[34.2149,1.1635],[34.2144,1.1635],[34.2142,1.1635],[34.2135,1.1633],[34.2132,1.1632],[34.2117,1.163],[34.2114,1.163],[34.2104,1.1631],[34.21,1.1631],[34.2097,1.163],[34.2093,1.1629],[34.2086,1.1628],[34.2078,1.1625],[34.206,1.1624],[34.2041,1.1616],[34.2027,1.1594],[34.1984,1.1589],[34.1956,1.1585],[34.1956,1.1551],[34.1956,1.1547],[34.1955,1.152],[34.1939,1.1508],[34.1936,1.1509],[34.1935,1.1509],[34.1934,1.1508],[34.1933,1.1505],[34.1932,1.1504],[34.1929,1.1504],[34.1926,1.1508],[34.1923,1.151],[34.1917,1.1511],[34.1912,1.1514],[34.1908,1.1523],[34.1907,1.1524],[34.1905,1.1524],[34.1904,1.1523],[34.1902,1.1521],[34.19,1.152],[34.1897,1.152],[34.189,1.1526],[34.1879,1.1533],[34.187,1.1537],[34.186,1.154],[34.1853,1.1544],[34.1835,1.1544],[34.1822,1.1548],[34.1813,1.1546],[34.1803,1.1545],[34.1797,1.155],[34.1788,1.155],[34.1784,1.1551],[34.1781,1.1552],[34.1772,1.1553],[34.1766,1.155],[34.176,1.1548],[34.1758,1.1547],[34.1757,1.1546],[34.1751,1.1542],[34.1748,1.1543],[34.1739,1.1551],[34.1736,1.1554],[34.1733,1.1556],[34.173,1.156],[34.1726,1.1564],[34.1724,1.1565],[34.1713,1.1583],[34.1709,1.159],[34.1705,1.1596],[34.17,1.1603],[34.1699,1.1603],[34.1697,1.1604],[34.1695,1.1605],[34.1689,1.1608],[34.1687,1.1611],[34.168,1.1611],[34.1673,1.1616],[34.1664,1.1623],[34.1629,1.1646],[34.1628,1.1649],[34.162,1.1654],[34.1609,1.1655],[34.1602,1.1654],[34.1595,1.1654],[34.1587,1.1653],[34.158,1.1651],[34.156,1.1646],[34.1549,1.1647],[34.1534,1.1646],[34.1525,1.1643],[34.1518,1.1635],[34.1511,1.1632],[34.151,1.163],[34.1488,1.1615],[34.1485,1.1612],[34.1484,1.1609],[34.1483,1.1606],[34.1476,1.1601],[34.1474,1.1598],[34.1472,1.1595],[34.1468,1.1593],[34.1455,1.1599],[34.1452,1.1599],[34.145,1.16],[34.1446,1.1607],[34.143,1.1615],[34.1415,1.1621],[34.1408,1.1624],[34.1401,1.1627],[34.1388,1.1631],[34.138,1.1637],[34.1372,1.164],[34.1369,1.1646],[34.1367,1.1652],[34.1363,1.1659],[34.1354,1.1665],[34.1354,1.1666],[34.1351,1.1673],[34.1347,1.1677],[34.1344,1.1683],[34.1342,1.1688],[34.1338,1.1693],[34.1333,1.1695],[34.133,1.1695],[34.1327,1.1695],[34.1322,1.1695],[34.1302,1.1696],[34.1279,1.1702],[34.1268,1.1712],[34.1265,1.1715],[34.1259,1.1718],[34.1251,1.1722],[34.1248,1.1724],[34.1244,1.1728],[34.1237,1.1731],[34.121,1.1744],[34.1207,1.1745],[34.1204,1.1746],[34.1203,1.1746],[34.1203,1.1745],[34.1205,1.1739],[34.1213,1.173],[34.1215,1.1729],[34.1221,1.1725],[34.1227,1.1721],[34.1244,1.1703],[34.125,1.1692],[34.125,1.1684],[34.1284,1.1562],[34.1297,1.1527],[34.1303,1.152],[34.1316,1.1508],[34.1321,1.1502],[34.1343,1.1478],[34.1371,1.1421],[34.1363,1.1393],[34.1346,1.1349],[34.1335,1.132],[34.1335,1.1312],[34.1335,1.1289],[34.1334,1.1277],[34.1333,1.1273],[34.1331,1.1265],[34.133,1.126],[34.1328,1.1253],[34.1327,1.1248],[34.1321,1.124],[34.1312,1.1227],[34.1313,1.1207],[34.1319,1.1203],[34.1319,1.1197],[34.1318,1.1196],[34.1317,1.1195],[34.1317,1.1194],[34.1316,1.1192],[34.1315,1.1188],[34.1314,1.1185],[34.1313,1.1183],[34.1313,1.118],[34.1314,1.1177],[34.1318,1.1171],[34.1319,1.1169],[34.132,1.1167],[34.1321,1.1165],[34.1322,1.1163],[34.1322,1.1162],[34.1323,1.116],[34.1325,1.1157],[34.1327,1.1154],[34.1328,1.1153],[34.1329,1.1151],[34.1329,1.115],[34.133,1.1148],[34.133,1.1146],[34.1332,1.1144],[34.1334,1.1141],[34.1336,1.1138],[34.1336,1.1136],[34.1335,1.1131],[34.1334,1.113],[34.1333,1.1123],[34.1332,1.112],[34.1332,1.1116],[34.1331,1.1114],[34.1331,1.1113],[34.1331,1.1111],[34.1332,1.1105],[34.1332,1.1096],[34.1332,1.1093],[34.1335,1.1088],[34.1336,1.1086],[34.1337,1.1081],[34.1341,1.1059],[34.1344,1.1051],[34.1355,1.1036],[34.1378,1.1018],[34.1381,1.1017],[34.1384,1.1014],[34.1389,1.1006],[34.1391,1.1003],[34.1392,1.0999],[34.1392,1.0994],[34.1393,1.0984],[34.1393,1.0947],[34.1392,1.0938],[34.138,1.0918],[34.1372,1.0913],[34.1365,1.0908],[34.1362,1.0903],[34.1362,1.0902],[34.1361,1.0899],[34.1358,1.0892],[34.1357,1.0887],[34.1356,1.0884],[34.1355,1.0881],[34.1354,1.088],[34.1353,1.0879],[34.1352,1.0877],[34.135,1.0876],[34.1349,1.0875],[34.1347,1.0868],[34.1346,1.0867],[34.1346,1.0866],[34.1345,1.0865]]]},"properties":{"name":"Mbale City","id":"ALFFOStwtqW"}},
{"type":"Feature","geometry":{"type":"Polygon","coordinates":[[[34.0818,1.0399],[34.0905,1.0346],[34.0934,1.0327],[34.105,1.0257],[34.1069,1.0246],[34.1091,1.0234],[34.1098,1.0231],[34.1122,1.0233],[34.1127,1.0236],[34.1135,1.0234],[34.1155,1.0225],[34.1169,1.023],[34.1173,1.0233],[34.1179,1.0234],[34.1184,1.0231],[34.1195,1.021],[34.12,1.0205],[34.1208,1.0202],[34.1211,1.0199],[34.122,1.0198],[34.1226,1.0195],[34.1263,1.0192],[34.1267,1.0191],[34.1319,1.017],[34.1331,1.0154],[34.1278,1.0088],[34.126,1.0069],[34.1233,1.0045],[34.121,1.0018],[34.1213,1.0015],[34.122,1.001],[34.1229,1.0006],[34.1238,1.0002],[34.1243,1],[34.1246,0.9997],[34.1248,0.9993],[34.1249,0.9989],[34.1252,0.9986],[34.1256,0.9983],[34.1258,0.998],[34.1263,0.9974],[34.1273,0.9961],[34.1288,0.9937],[34.1291,0.9928],[34.1294,0.9921],[34.1296,0.9915],[34.1296,0.9902],[34.1296,0.9898],[34.1291,0.9875],[34.1268,0.9872],[34.124,0.9861],[34.1241,0.9846],[34.1241,0.9841],[34.1243,0.9829],[34.1243,0.9822],[34.1244,0.9818],[34.1245,0.9815],[34.1245,0.9812],[34.1251,0.9801],[34.1254,0.9796],[34.1259,0.9778],[34.126,0.9768],[34.126,0.9764],[34.1261,0.976],[34.1261,0.9759],[34.1263,0.9756],[34.1264,0.9755],[34.1263,0.9732],[34.1256,0.9681],[34.127,0.9645],[34.1276,0.9634],[34.1281,0.9604],[34.1285,0.9582],[34.1284,0.9569],[34.1285,0.9566],[34.1286,0.9564],[34.1287,0.9559],[34.1287,0.9554],[34.1287,0.9545],[34.1287,0.9539],[34.1287,0.9508],[34.1282,0.9473],[34.127,0.9405],[34.1261,0.9382],[34.1255,0.9381],[34.1245,0.938],[34.1233,0.9379],[34.1206,0.9377],[34.118,0.9357],[34.1179,0.9337],[34.1204,0.9277],[34.119,0.9252],[34.1157,0.9202],[34.1156,0.9196],[34.115,0.9171],[34.1147,0.9169],[34.1146,0.9167],[34.1145,0.9159],[34.1144,0.9157],[34.1136,0.9148],[34.1116,0.911],[34.1113,0.9099],[34.1085,0.9039],[34.1083,0.9025],[34.1097,0.9002],[34.1164,0.8946],[34.1192,0.8936],[34.12,0.8938],[34.1202,0.8941],[34.1203,0.8943],[34.1205,0.8944],[34.1217,0.8946],[34.1227,0.8949],[34.1231,0.8949],[34.1234,0.895],[34.1235,0.895],[34.1241,0.8952],[34.1242,0.8952],[34.1246,0.8952],[34.1267,0.8946],[34.1275,0.8943],[34.1283,0.8937],[34.1284,0.8936],[34.1285,0.8934],[34.129,0.8931],[34.1291,0.893],[34.1292,0.8927],[34.1294,0.8925],[34.1298,0.8923],[34.1313,0.8918],[34.1313,0.8915],[34.1314,0.8912],[34.1312,0.8904],[34.1311,0.89],[34.1311,0.8899],[34.1312,0.8895],[34.1313,0.8892],[34.1314,0.8889],[34.1315,0.8887],[34.1321,0.8882],[34.1325,0.8877],[34.1332,0.8865],[34.1337,0.8861],[34.1342,0.8857],[34.1352,0.8845],[34.1357,0.8838],[34.1363,0.8833],[34.1376,0.8823],[34.1387,0.8815],[34.1393,0.881],[34.1402,0.8804],[34.1415,0.8798],[34.1422,0.8794],[34.1428,0.879],[34.1442,0.8781],[34.1452,0.8776],[34.146,0.8773],[34.1465,0.8768],[34.1467,0.8767],[34.1474,0.8765],[34.1482,0.8763],[34.1485,0.876],[34.1494,0.8752],[34.1496,0.8751],[34.1501,0.8748],[34.1504,0.8745],[34.151,0.874],[34.1521,0.8733],[34.1533,0.8726],[34.1576,0.8709],[34.1618,0.869],[34.1682,0.8656],[34.1701,0.8645],[34.1729,0.8628],[34.175,0.8613],[34.1784,0.8584],[34.1797,0.8565],[34.1798,0.8559],[34.1801,0.8545],[34.1802,0.8523],[34.1802,0.85],[34.1807,0.8472],[34.1801,0.8438],[34.1802,0.8423],[34.1804,0.8416],[34.1822,0.8387],[34.1822,0.8379],[34.1826,0.8367],[34.1832,0.8355],[34.1835,0.835],[34.1836,0.8347],[34.1841,0.834],[34.1842,0.8337],[34.1842,0.8334],[34.1841,0.8331],[34.1839,0.8322],[34.1838,0.8311],[34.1836,0.8299],[34.1833,0.8295],[34.1832,0.8294],[34.1831,0.8293],[34.1833,0.8292],[34.1837,0.8292],[34.1838,0.8292],[34.184,0.8293],[34.1841,0.8297],[34.1843,0.8299],[34.1846,0.83],[34.1855,0.8305],[34.1857,0.8307],[34.1858,0.8308],[34.1861,0.8313],[34.1873,0.8319],[34.188,0.832],[34.1887,0.8324],[34.1891,0.8329],[34.1896,0.8335],[34.1903,0.8341],[34.1905,0.8343],[34.1919,0.8354],[34.1922,0.8358],[34.1922,0.8362],[34.1921,0.8366],[34.1919,0.8372],[34.1915,0.8382],[34.1915,0.8387],[34.1914,0.8389],[34.1914,0.839],[34.1913,0.8392],[34.1916,0.8394],[34.1918,0.8395],[34.1919,0.8396],[34.192,0.8398],[34.1921,0.8399],[34.1922,0.8399],[34.1925,0.84],[34.1928,0.8402],[34.1935,0.8403],[34.1939,0.8405],[34.1941,0.8407],[34.1941,0.8408],[34.1942,0.841],[34.1942,0.8411],[34.1943,0.8412],[34.1945,0.8414],[34.1948,0.8415],[34.1951,0.8417],[34.1953,0.8421],[34.1955,0.8426],[34.1965,0.8433],[34.1967,0.8434],[34.1969,0.8434],[34.1972,0.8434],[34.1975,0.8435],[34.1977,0.8437],[34.1978,0.8438],[34.198,0.844],[34.1981,0.8441],[34.1981,0.8442],[34.1982,0.8444],[34.1983,0.8445],[34.1989,0.8449],[34.1991,0.8452],[34.1997,0.8457],[34.2003,0.8461],[34.2003,0.8462],[34.2004,0.8463],[34.2005,0.8467],[34.2004,0.847],[34.2004,0.8474],[34.2004,0.8477],[34.2006,0.848],[34.201,0.8481],[34.2014,0.8483],[34.2022,0.849],[34.202,0.8497],[34.202,0.8503],[34.2017,0.8519],[34.2024,0.8526],[34.207,0.8563],[34.2097,0.8572],[34.2114,0.8571],[34.212,0.8569],[34.213,0.8569],[34.2129,0.8575],[34.2127,0.8582],[34.2125,0.8585],[34.2125,0.8596],[34.2127,0.8608],[34.2126,0.8619],[34.2128,0.8625],[34.2127,0.8636],[34.2126,0.8639],[34.2125,0.8641],[34.2124,0.8643],[34.2124,0.8647],[34.2122,0.8649],[34.2121,0.8651],[34.2121,0.8653],[34.2121,0.8655],[34.2121,0.8657],[34.2122,0.8659],[34.2123,0.8663],[34.2124,0.867],[34.2123,0.8678],[34.2123,0.8681],[34.2125,0.8684],[34.2128,0.8688],[34.213,0.8695],[34.2131,0.87],[34.2132,0.8701],[34.2143,0.8714],[34.215,0.8719],[34.2152,0.8721],[34.2156,0.8724],[34.2161,0.8732],[34.2161,0.8743],[34.2161,0.8753],[34.2167,0.8793],[34.2171,0.8817],[34.2172,0.8824],[34.2173,0.8827],[34.2173,0.8829],[34.2176,0.8843],[34.2179,0.886],[34.2181,0.8871],[34.2187,0.8901],[34.2188,0.8904],[34.2193,0.8933],[34.2205,0.9011],[34.2215,0.9035],[34.2233,0.9071],[34.2236,0.9078],[34.2261,0.9139],[34.2277,0.9176],[34.2295,0.9222],[34.2295,0.9224],[34.2294,0.9234],[34.2292,0.9241],[34.2292,0.9243],[34.2295,0.9256],[34.2297,0.9259],[34.2298,0.9261],[34.2302,0.9265],[34.2305,0.9268],[34.2311,0.9272],[34.2314,0.9273],[34.2315,0.9274],[34.2317,0.9274],[34.232,0.9281],[34.232,0.9293],[34.2323,0.9298],[34.2326,0.9304],[34.2329,0.931],[34.2334,0.9316],[34.2333,0.9324],[34.2334,0.9326],[34.2334,0.9327],[34.2331,0.9333],[34.2331,0.9334],[34.2333,0.9338],[34.2336,0.9341],[34.2339,0.9345],[34.234,0.9349],[34.2341,0.9353],[34.2341,0.9357],[34.234,0.9364],[34.2338,0.937],[34.234,0.9385],[34.2343,0.9387],[34.2348,0.9389],[34.235,0.939],[34.2351,0.9392],[34.2349,0.9394],[34.2348,0.9395],[34.2347,0.9396],[34.2347,0.9398],[34.2351,0.94],[34.2354,0.94],[34.2361,0.9401],[34.2368,0.9407],[34.2371,0.9411],[34.2374,0.9412],[34.2382,0.9413],[34.2385,0.9414],[34.2395,0.9418],[34.2416,0.9421],[34.2421,0.942],[34.2423,0.9419],[34.2426,0.9418],[34.243,0.9415],[34.243,0.9414],[34.243,0.9412],[34.2427,0.9412],[34.2422,0.9412],[34.2416,0.9411],[34.2415,0.941],[34.2414,0.9409],[34.2416,0.9406],[34.2419,0.9406],[34.2424,0.9402],[34.2425,0.9399],[34.2426,0.9395],[34.2427,0.9392],[34.2428,0.9389],[34.243,0.9386],[34.2433,0.9386],[34.2437,0.939],[34.2439,0.9401],[34.2438,0.9406],[34.2438,0.942],[34.2439,0.9422],[34.2443,0.9427],[34.245,0.9432],[34.2453,0.9432],[34.2453,0.9431],[34.2453,0.9428],[34.2453,0.9423],[34.2453,0.9421],[34.2455,0.9419],[34.2461,0.9422],[34.2465,0.9424],[34.2467,0.9426],[34.247,0.9427],[34.2472,0.9428],[34.248,0.9436],[34.2482,0.9439],[34.2482,0.9444],[34.2483,0.9454],[34.2484,0.9457],[34.2484,0.946],[34.2487,0.9471],[34.2487,0.9473],[34.2487,0.9475],[34.2489,0.9483],[34.2491,0.949],[34.2493,0.9495],[34.2494,0.9503],[34.2494,0.9505],[34.2495,0.951],[34.2496,0.9512],[34.2496,0.9514],[34.2497,0.9515],[34.2502,0.9517],[34.2505,0.9518],[34.2509,0.9518],[34.2511,0.9519],[34.2516,0.9519],[34.2519,0.9518],[34.2543,0.9536],[34.2558,0.954],[34.2569,0.9557],[34.257,0.9565],[34.2573,0.9577],[34.2611,0.959],[34.262,0.9594],[34.2637,0.9604],[34.268,0.9634],[34.2694,0.9635],[34.2733,0.9636],[34.2759,0.9633],[34.2768,0.9629],[34.2791,0.9613],[34.2799,0.9611],[34.2813,0.9606],[34.2824,0.9606],[34.2829,0.9605],[34.2848,0.959],[34.2852,0.959],[34.2856,0.9593],[34.2851,0.9599],[34.2847,0.9608],[34.2847,0.9617],[34.2843,0.9625],[34.284,0.9625],[34.2838,0.9631],[34.2837,0.9636],[34.2834,0.9641],[34.2827,0.9647],[34.2827,0.965],[34.2827,0.9658],[34.2824,0.9662],[34.2827,0.9668],[34.2825,0.9673],[34.2824,0.9677],[34.2823,0.9678],[34.2822,0.9678],[34.2821,0.9679],[34.2819,0.9683],[34.2819,0.9686],[34.282,0.9689],[34.2825,0.9692],[34.2831,0.9691],[34.2831,0.9693],[34.2829,0.9698],[34.2828,0.9702],[34.2827,0.9706],[34.2826,0.9708],[34.2822,0.9713],[34.2819,0.9723],[34.2818,0.9726],[34.2816,0.973],[34.2812,0.9736],[34.2805,0.9742],[34.2804,0.9758],[34.2804,0.9763],[34.2803,0.9768],[34.2803,0.9771],[34.2803,0.9772],[34.2804,0.9777],[34.2802,0.9787],[34.2801,0.9791],[34.2796,0.9795],[34.2794,0.9829],[34.2794,0.9831],[34.2794,0.9834],[34.2792,0.9838],[34.2786,0.9842],[34.2782,0.985],[34.2779,0.9856],[34.2779,0.9857],[34.2777,0.9859],[34.2767,0.986],[34.2764,0.9864],[34.2761,0.9868],[34.276,0.9873],[34.2759,0.9874],[34.2756,0.9879],[34.2753,0.9884],[34.2753,0.9887],[34.2751,0.9892],[34.2744,0.9902],[34.2743,0.9906],[34.2738,0.9912],[34.2724,0.9917],[34.2719,0.9922],[34.2715,0.9928],[34.2714,0.9936],[34.2716,0.9938],[34.2718,0.994],[34.2719,0.9943],[34.2719,0.9945],[34.272,0.9948],[34.2719,0.9951],[34.2719,0.9953],[34.272,0.9954],[34.272,0.9957],[34.2723,0.9961],[34.2723,0.9965],[34.2718,0.9974],[34.2719,0.9982],[34.2719,0.9985],[34.2717,0.9993],[34.2721,0.9999],[34.2733,1.0005],[34.2734,1.0008],[34.2733,1.0011],[34.2732,1.0017],[34.2732,1.0028],[34.2735,1.0044],[34.2737,1.0052],[34.274,1.0058],[34.2741,1.0058],[34.2745,1.0061],[34.2747,1.0067],[34.275,1.0069],[34.2753,1.0074],[34.2759,1.0079],[34.2761,1.0083],[34.2769,1.009],[34.2776,1.0096],[34.2778,1.01],[34.278,1.011],[34.2792,1.0117],[34.2802,1.0115],[34.2805,1.0117],[34.2812,1.0129],[34.2815,1.0131],[34.2818,1.0133],[34.282,1.0133],[34.2824,1.0134],[34.2829,1.0139],[34.2831,1.014],[34.2836,1.0144],[34.2839,1.0149],[34.2846,1.0161],[34.2849,1.0163],[34.2853,1.017],[34.2854,1.0173],[34.2856,1.0176],[34.2863,1.0183],[34.2864,1.0185],[34.2866,1.0192],[34.2876,1.0202],[34.2888,1.0209],[34.289,1.0214],[34.2888,1.0224],[34.2886,1.0227],[34.2885,1.023],[34.2885,1.0239],[34.2888,1.0244],[34.2893,1.0258],[34.2894,1.0263],[34.2895,1.0271],[34.29,1.0279],[34.294,1.0311],[34.2984,1.0351],[34.2996,1.0364],[34.3002,1.0373],[34.302,1.0388],[34.3029,1.0403],[34.3038,1.0414],[34.3045,1.0423],[34.3062,1.0439],[34.3091,1.0462],[34.3102,1.0473],[34.3107,1.0516],[34.3093,1.0533],[34.3079,1.0544],[34.3078,1.0553],[34.3092,1.0586],[34.3107,1.0594],[34.3116,1.0601],[34.3123,1.0629],[34.313,1.0655],[34.3134,1.0668],[34.3144,1.0682],[34.3149,1.0698],[34.3158,1.0713],[34.3179,1.0721],[34.319,1.0724],[34.3228,1.0773],[34.324,1.0783],[34.3269,1.0799],[34.328,1.08],[34.3293,1.0798],[34.3302,1.0792],[34.3313,1.0782],[34.3317,1.0781],[34.3322,1.0783],[34.334,1.0792],[34.3364,1.0795],[34.3386,1.0792],[34.3386,1.0795],[34.3386,1.0804],[34.3386,1.0816],[34.3383,1.0831],[34.3376,1.085],[34.337,1.0871],[34.3364,1.0874],[34.3363,1.0873],[34.3361,1.0874],[34.3358,1.0875],[34.3352,1.088],[34.3346,1.0883],[34.3343,1.0883],[34.3338,1.0887],[34.3336,1.0893],[34.3334,1.0901],[34.3327,1.0907],[34.3323,1.0908],[34.3319,1.0907],[34.3318,1.0906],[34.3317,1.0906],[34.3312,1.0908],[34.3307,1.0916],[34.3304,1.0921],[34.3302,1.0925],[34.3302,1.0926],[34.3302,1.0931],[34.3302,1.0937],[34.3302,1.094],[34.3298,1.0943],[34.3296,1.0945],[34.3292,1.095],[34.3286,1.0956],[34.3285,1.0957],[34.3275,1.0967],[34.3269,1.0972],[34.3263,1.0974],[34.3261,1.0974],[34.325,1.0978],[34.3244,1.0997],[34.3242,1.0998],[34.3237,1.1004],[34.3236,1.1008],[34.3236,1.1015],[34.3237,1.1017],[34.3235,1.1017],[34.3234,1.1018],[34.3233,1.1018],[34.3232,1.1019],[34.3232,1.1021],[34.3226,1.102],[34.3224,1.1019],[34.3219,1.1021],[34.3217,1.1021],[34.3214,1.1021],[34.3213,1.1022],[34.3211,1.1028],[34.3209,1.103],[34.3205,1.1026],[34.3206,1.1022],[34.3206,1.1021],[34.3205,1.102],[34.3201,1.1021],[34.32,1.1023],[34.3198,1.1025],[34.3196,1.1027],[34.3195,1.1028],[34.3193,1.1028],[34.3189,1.1028],[34.3187,1.1026],[34.3184,1.1021],[34.318,1.1017],[34.3179,1.1016],[34.3168,1.1013],[34.3162,1.1009],[34.3161,1.1008],[34.3157,1.1009],[34.3155,1.1011],[34.3152,1.1016],[34.3151,1.1018],[34.3152,1.1019],[34.3153,1.1021],[34.3155,1.1022],[34.3159,1.1024],[34.316,1.1026],[34.3159,1.103],[34.3159,1.1032],[34.3158,1.1035],[34.3156,1.1039],[34.3155,1.1041],[34.315,1.1042],[34.3146,1.104],[34.3143,1.1036],[34.3137,1.1037],[34.3138,1.1038],[34.3139,1.1039],[34.3136,1.104],[34.3131,1.1039],[34.3129,1.1036],[34.3128,1.1034],[34.3125,1.1034],[34.3123,1.1034],[34.312,1.1035],[34.3115,1.1036],[34.311,1.1037],[34.3107,1.1035],[34.3104,1.1035],[34.3105,1.104],[34.3106,1.1043],[34.3106,1.1045],[34.3103,1.1046],[34.3102,1.1046],[34.3101,1.1048],[34.3102,1.1049],[34.3099,1.1052],[34.3098,1.1053],[34.3096,1.1055],[34.3093,1.1055],[34.309,1.1055],[34.3086,1.1054],[34.3083,1.1055],[34.3082,1.1056],[34.308,1.1055],[34.3075,1.1053],[34.307,1.105],[34.3055,1.1044],[34.3055,1.1047],[34.3056,1.105],[34.3052,1.1052],[34.305,1.1054],[34.3046,1.1053],[34.3043,1.1052],[34.3037,1.1052],[34.3031,1.1052],[34.3027,1.105],[34.3025,1.1049],[34.3022,1.1049],[34.3018,1.1049],[34.3016,1.1049],[34.3012,1.1052],[34.3011,1.1054],[34.3011,1.1057],[34.3011,1.1061],[34.3005,1.1066],[34.2998,1.1067],[34.2996,1.1067],[34.2993,1.1066],[34.2985,1.1056],[34.2983,1.1053],[34.2975,1.1044],[34.2969,1.1042],[34.2965,1.1043],[34.2963,1.1044],[34.2959,1.1046],[34.2958,1.1048],[34.2958,1.1051],[34.2956,1.1053],[34.2956,1.1054],[34.2953,1.1054],[34.2946,1.1056],[34.2943,1.1058],[34.294,1.1052],[34.294,1.1049],[34.2941,1.1046],[34.294,1.1041],[34.2936,1.1036],[34.2933,1.1034],[34.293,1.1033],[34.2909,1.104],[34.2907,1.104],[34.2907,1.1038],[34.2907,1.1036],[34.29,1.1031],[34.289,1.1021],[34.2879,1.1019],[34.2873,1.1017],[34.2868,1.1013],[34.2867,1.1012],[34.2859,1.101],[34.2856,1.1011],[34.2852,1.1024],[34.2838,1.102],[34.2829,1.1019],[34.2825,1.102],[34.2822,1.1021],[34.2815,1.102],[34.2812,1.1019],[34.2809,1.1018],[34.2807,1.1019],[34.2799,1.1029],[34.2799,1.1034],[34.2801,1.1041],[34.2801,1.1044],[34.2801,1.1047],[34.2799,1.1048],[34.2796,1.1048],[34.2794,1.1047],[34.2794,1.1046],[34.2794,1.1044],[34.2794,1.1042],[34.2792,1.1041],[34.2788,1.1042],[34.2784,1.1043],[34.2768,1.1042],[34.2757,1.1043],[34.2755,1.1043],[34.2753,1.1043],[34.2748,1.1043],[34.2744,1.1044],[34.2733,1.1055],[34.2729,1.106],[34.2725,1.1064],[34.272,1.1065],[34.2711,1.106],[34.2707,1.1059],[34.27,1.1059],[34.2677,1.1084],[34.2673,1.1084],[34.2663,1.1079],[34.266,1.1079],[34.2656,1.1081],[34.2653,1.1084],[34.265,1.1086],[34.2639,1.1086],[34.2634,1.1084],[34.263,1.1087],[34.2629,1.1092],[34.2628,1.1095],[34.2628,1.1098],[34.2628,1.1101],[34.2619,1.1106],[34.2608,1.1111],[34.2604,1.1115],[34.2602,1.1116],[34.2599,1.1115],[34.2588,1.111],[34.2584,1.1112],[34.2583,1.1112],[34.2583,1.1114],[34.2581,1.1116],[34.2578,1.1119],[34.2576,1.1124],[34.2575,1.1126],[34.2575,1.1129],[34.2574,1.1134],[34.2573,1.1136],[34.2571,1.1138],[34.2566,1.1142],[34.2561,1.1147],[34.2549,1.116],[34.2539,1.1169],[34.2538,1.1169],[34.2536,1.1167],[34.2534,1.1162],[34.2523,1.1161],[34.2522,1.1165],[34.2522,1.1168],[34.252,1.1172],[34.2519,1.1175],[34.2504,1.1182],[34.2492,1.1193],[34.249,1.1196],[34.2487,1.1205],[34.2486,1.1207],[34.2482,1.1216],[34.2465,1.1232],[34.2463,1.1233],[34.2459,1.1235],[34.2456,1.1237],[34.2453,1.1237],[34.2452,1.1236],[34.2449,1.1234],[34.2443,1.1234],[34.2441,1.1234],[34.2436,1.1232],[34.2432,1.1229],[34.2428,1.1227],[34.2422,1.1215],[34.2421,1.1212],[34.2423,1.1206],[34.2421,1.1203],[34.2414,1.1201],[34.2399,1.1199],[34.2389,1.1202],[34.2384,1.1209],[34.2383,1.1213],[34.2381,1.1224],[34.2378,1.1227],[34.2373,1.1228],[34.2372,1.1227],[34.2371,1.1226],[34.237,1.1222],[34.2366,1.1222],[34.2364,1.1223],[34.2359,1.1225],[34.2344,1.1227],[34.2337,1.1227],[34.2327,1.1225],[34.2324,1.1226],[34.2313,1.1228],[34.2312,1.1228],[34.2302,1.1227],[34.2285,1.1219],[34.2274,1.122],[34.2242,1.1185],[34.2178,1.1191],[34.2119,1.0953],[34.1995,1.0838],[34.2064,1.079],[34.2143,1.079],[34.2177,1.0736],[34.2283,1.0703],[34.2338,1.0633],[34.2393,1.0613],[34.2297,1.0542],[34.2305,1.0508],[34.2206,1.0382],[34.2049,1.0367],[34.1912,1.0314],[34.1788,1.0374],[34.1696,1.0327],[34.1651,1.0376],[34.158,1.038],[34.157,1.0452],[34.1382,1.0468],[34.126,1.0534],[34.12,1.0525],[34.109,1.057],[34.1088,1.0568],[34.1084,1.0563],[34.1081,1.0558],[34.1073,1.0543],[34.1066,1.053],[34.1059,1.0521],[34.1054,1.0514],[34.1046,1.0506],[34.1034,1.0498],[34.103,1.0497],[34.1009,1.0496],[34.1,1.0498],[34.0979,1.0497],[34.0948,1.0493],[34.0926,1.0488],[34.0905,1.0482],[34.0894,1.0478],[34.0879,1.047],[34.086,1.0464],[34.0844,1.0459],[34.084,1.0452],[34.0835,1.0448],[34.0832,1.044],[34.0825,1.0427],[34.0822,1.0422],[34.082,1.0419],[34.0812,1.0404],[34.0818,1.0399]]]},"properties":{"name":"Mbale District","id":"yuo5ielNL7W"}},
{"type":"Feature","geometry":{"type":"Polygon","coordinates":[[[30.6415,-0.6384],[30.6412,-0.6379],[30.6405,-0.6372],[30.6397,-0.6343],[30.6398,-0.634],[30.6397,-0.6336],[30.6398,-0.6324],[30.6403,-0.632],[30.6408,-0.6327],[30.6415,-0.6329],[30.6422,-0.6331],[30.6426,-0.6333],[30.6444,-0.6339],[30.6475,-0.6343],[30.6482,-0.6351],[30.6485,-0.6351],[30.6492,-0.6356],[30.6495,-0.6359],[30.6506,-0.6369],[30.6515,-0.6373],[30.6528,-0.6384],[30.6539,-0.6389],[30.6552,-0.6393],[30.6577,-0.6415],[30.659,-0.6415],[30.6598,-0.6414],[30.6608,-0.6412],[30.6613,-0.641],[30.6637,-0.6395],[30.6646,-0.639],[30.6654,-0.6386],[30.6693,-0.6377],[30.6707,-0.6366],[30.6719,-0.6361],[30.675,-0.6352],[30.6756,-0.6346],[30.6759,-0.6344],[30.678,-0.6328],[30.6787,-0.6325],[30.6793,-0.6323],[30.6812,-0.6312],[30.6817,-0.631],[30.6826,-0.6305],[30.6832,-0.6302],[30.6838,-0.6298],[30.6841,-0.6296],[30.6845,-0.6294],[30.6851,-0.6291],[30.6856,-0.629],[30.6862,-0.6287],[30.6865,-0.6286],[30.687,-0.6285],[30.6872,-0.6285],[30.6877,-0.6282],[30.6879,-0.6281],[30.6883,-0.6275],[30.6883,-0.6274],[30.6884,-0.6273],[30.6901,-0.6255],[30.6904,-0.6252],[30.6906,-0.625],[30.6914,-0.6238],[30.6917,-0.6235],[30.6919,-0.6231],[30.6923,-0.6221],[30.6926,-0.6214],[30.6928,-0.6211],[30.6931,-0.6205],[30.6936,-0.6196],[30.694,-0.619],[30.6942,-0.6187],[30.6958,-0.6173],[30.6965,-0.6166],[30.6976,-0.6157],[30.6978,-0.6156],[30.6983,-0.6154],[30.6994,-0.6148],[30.7005,-0.6136],[30.7014,-0.6126],[30.7027,-0.6118],[30.7033,-0.6114],[30.7034,-0.6114],[30.7035,-0.6115],[30.7038,-0.6116],[30.7046,-0.6121],[30.7052,-0.6128],[30.7057,-0.6132],[30.7061,-0.6136],[30.7062,-0.6139],[30.7063,-0.6146],[30.7065,-0.6148],[30.7065,-0.6149],[30.7068,-0.615],[30.707,-0.6148],[30.7072,-0.6147],[30.7076,-0.6145],[30.7077,-0.6146],[30.708,-0.6149],[30.7081,-0.6153],[30.7088,-0.6162],[30.7091,-0.6168],[30.7095,-0.6174],[30.7104,-0.6181],[30.7107,-0.6186],[30.711,-0.6186],[30.7111,-0.6185],[30.7116,-0.6185],[30.7124,-0.6195],[30.7126,-0.6199],[30.7129,-0.6202],[30.713,-0.6204],[30.7131,-0.6213],[30.7134,-0.6223],[30.7138,-0.6228],[30.714,-0.623],[30.7142,-0.623],[30.7142,-0.6227],[30.7142,-0.6225],[30.7141,-0.6224],[30.714,-0.622],[30.7142,-0.6219],[30.7148,-0.6219],[30.7149,-0.622],[30.7148,-0.6223],[30.7147,-0.6224],[30.7149,-0.6227],[30.7153,-0.6228],[30.7152,-0.6229],[30.7151,-0.623],[30.7149,-0.6231],[30.7148,-0.6233],[30.7148,-0.6235],[30.7151,-0.6237],[30.7154,-0.6239],[30.7164,-0.6246],[30.7168,-0.6251],[30.7171,-0.6257],[30.7176,-0.6265],[30.7178,-0.6266],[30.7182,-0.6266],[30.7184,-0.6266],[30.7184,-0.6267],[30.7185,-0.6268],[30.7186,-0.6269],[30.7187,-0.627],[30.7189,-0.627],[30.7197,-0.6264],[30.7198,-0.6262],[30.72,-0.6261],[30.7206,-0.6261],[30.7208,-0.626],[30.721,-0.626],[30.7213,-0.6262],[30.7218,-0.6263],[30.7219,-0.6262],[30.7223,-0.6259],[30.7224,-0.6258],[30.7227,-0.6256],[30.7228,-0.6257],[30.723,-0.6257],[30.7231,-0.6256],[30.723,-0.6254],[30.7227,-0.6252],[30.7226,-0.6248],[30.7225,-0.6247],[30.7224,-0.6246],[30.7222,-0.6245],[30.7221,-0.6242],[30.7223,-0.6241],[30.7224,-0.624],[30.7225,-0.624],[30.7232,-0.6233],[30.7233,-0.6229],[30.7236,-0.6227],[30.7242,-0.6221],[30.7244,-0.622],[30.7246,-0.622],[30.7247,-0.6221],[30.7249,-0.6229],[30.7252,-0.623],[30.7254,-0.623],[30.7257,-0.6229],[30.7259,-0.6229],[30.7262,-0.6228],[30.7264,-0.6226],[30.7267,-0.6224],[30.7269,-0.6223],[30.727,-0.6222],[30.7271,-0.6221],[30.7271,-0.622],[30.7271,-0.6218],[30.7271,-0.6217],[30.727,-0.6216],[30.7263,-0.6212],[30.7264,-0.6211],[30.7265,-0.6211],[30.7266,-0.621],[30.7268,-0.621],[30.7271,-0.6209],[30.7272,-0.6208],[30.7273,-0.6207],[30.7274,-0.6205],[30.7274,-0.6204],[30.7275,-0.6202],[30.7275,-0.6201],[30.7276,-0.6198],[30.7278,-0.6196],[30.7279,-0.6195],[30.728,-0.6194],[30.7283,-0.6191],[30.7285,-0.6188],[30.7286,-0.6187],[30.7288,-0.6186],[30.7291,-0.6185],[30.7295,-0.6185],[30.7296,-0.6185],[30.7298,-0.6185],[30.73,-0.6175],[30.7301,-0.6172],[30.7301,-0.6171],[30.7302,-0.6169],[30.7321,-0.6136],[30.7323,-0.6133],[30.7324,-0.6132],[30.7325,-0.6131],[30.7329,-0.6128],[30.7329,-0.6127],[30.733,-0.6126],[30.7335,-0.6125],[30.7338,-0.6124],[30.7341,-0.6124],[30.7344,-0.6123],[30.7347,-0.6121],[30.7349,-0.612],[30.735,-0.6119],[30.7351,-0.6118],[30.7351,-0.6115],[30.735,-0.6114],[30.7349,-0.6113],[30.7347,-0.611],[30.7345,-0.6109],[30.7344,-0.6108],[30.7342,-0.6107],[30.734,-0.6106],[30.7341,-0.6102],[30.7342,-0.6101],[30.7343,-0.61],[30.7344,-0.6099],[30.7345,-0.6098],[30.7346,-0.6098],[30.7347,-0.6099],[30.7348,-0.61],[30.7349,-0.61],[30.7351,-0.6101],[30.7355,-0.6102],[30.7358,-0.6103],[30.7361,-0.6105],[30.7363,-0.6105],[30.7364,-0.6104],[30.7365,-0.6103],[30.7366,-0.6097],[30.7367,-0.6096],[30.7368,-0.6095],[30.737,-0.6094],[30.7372,-0.6093],[30.7375,-0.6092],[30.7378,-0.6091],[30.7379,-0.609],[30.7381,-0.6088],[30.7381,-0.6087],[30.7382,-0.6086],[30.7382,-0.6082],[30.7383,-0.608],[30.7385,-0.6078],[30.7395,-0.6076],[30.7397,-0.6076],[30.7398,-0.6076],[30.7399,-0.6075],[30.74,-0.6074],[30.7402,-0.6072],[30.7407,-0.6069],[30.7409,-0.607],[30.741,-0.6071],[30.7414,-0.6073],[30.742,-0.6074],[30.7422,-0.6075],[30.7424,-0.6077],[30.7427,-0.6081],[30.7428,-0.6081],[30.7431,-0.6081],[30.7433,-0.6081],[30.7436,-0.608],[30.744,-0.6079],[30.7442,-0.6079],[30.7447,-0.6078],[30.7448,-0.6078],[30.745,-0.6078],[30.745,-0.608],[30.745,-0.6087],[30.7451,-0.6088],[30.7454,-0.6089],[30.7456,-0.6089],[30.7457,-0.6087],[30.7458,-0.6086],[30.7458,-0.6079],[30.7459,-0.6078],[30.7462,-0.6075],[30.7464,-0.6075],[30.7466,-0.6074],[30.747,-0.6073],[30.7473,-0.6072],[30.7474,-0.6071],[30.7475,-0.607],[30.7476,-0.6068],[30.7477,-0.6067],[30.7478,-0.6064],[30.7483,-0.6064],[30.7484,-0.6065],[30.7488,-0.6065],[30.7489,-0.6064],[30.7492,-0.6063],[30.7493,-0.6063],[30.7493,-0.6062],[30.7493,-0.6061],[30.7492,-0.6059],[30.7492,-0.6058],[30.7493,-0.6056],[30.7496,-0.6057],[30.7497,-0.6057],[30.7499,-0.6058],[30.7501,-0.6059],[30.7504,-0.6059],[30.7505,-0.6061],[30.7505,-0.6062],[30.7503,-0.6063],[30.7502,-0.6064],[30.7501,-0.6065],[30.7501,-0.6067],[30.7501,-0.6068],[30.7502,-0.607],[30.7504,-0.6072],[30.7505,-0.6071],[30.7507,-0.6069],[30.7508,-0.6069],[30.7509,-0.6069],[30.7515,-0.6074],[30.7523,-0.608],[30.7525,-0.608],[30.753,-0.6081],[30.7535,-0.6087],[30.7535,-0.609],[30.7536,-0.6092],[30.7538,-0.6093],[30.754,-0.6094],[30.7542,-0.6094],[30.7543,-0.6095],[30.7543,-0.6096],[30.7542,-0.6098],[30.7542,-0.6102],[30.7543,-0.6103],[30.7544,-0.6103],[30.7549,-0.6103],[30.7552,-0.6103],[30.7553,-0.6102],[30.7556,-0.6101],[30.7557,-0.61],[30.7561,-0.61],[30.7562,-0.6099],[30.7562,-0.6097],[30.7563,-0.6095],[30.7563,-0.6094],[30.7565,-0.6093],[30.7566,-0.6093],[30.7569,-0.6093],[30.757,-0.6095],[30.757,-0.6098],[30.757,-0.6101],[30.757,-0.6103],[30.7571,-0.6105],[30.7572,-0.6106],[30.7574,-0.6106],[30.7575,-0.6106],[30.7577,-0.6105],[30.7578,-0.6101],[30.7577,-0.61],[30.7578,-0.6099],[30.7578,-0.6098],[30.7579,-0.6097],[30.7583,-0.6097],[30.7585,-0.6099],[30.7586,-0.6102],[30.7588,-0.6104],[30.7589,-0.6105],[30.759,-0.6106],[30.7594,-0.6106],[30.7595,-0.6105],[30.7598,-0.6097],[30.7598,-0.6095],[30.7602,-0.6086],[30.7603,-0.6085],[30.7605,-0.6082],[30.7606,-0.6081],[30.7609,-0.6079],[30.761,-0.6078],[30.7612,-0.6078],[30.7616,-0.6077],[30.7618,-0.6075],[30.7619,-0.6073],[30.762,-0.6072],[30.7621,-0.6071],[30.7622,-0.607],[30.7624,-0.6066],[30.7625,-0.6063],[30.7627,-0.6061],[30.7628,-0.606],[30.7631,-0.6059],[30.7636,-0.6058],[30.7639,-0.6059],[30.7642,-0.606],[30.7648,-0.6063],[30.7649,-0.6063],[30.765,-0.6062],[30.765,-0.6059],[30.7649,-0.6054],[30.7648,-0.6053],[30.7649,-0.6051],[30.765,-0.6051],[30.7651,-0.605],[30.7653,-0.605],[30.7655,-0.6051],[30.7656,-0.6051],[30.766,-0.6052],[30.7664,-0.6054],[30.7666,-0.6055],[30.7669,-0.6056],[30.7672,-0.6057],[30.7674,-0.6057],[30.7679,-0.6058],[30.7683,-0.6055],[30.7682,-0.6054],[30.7682,-0.6053],[30.7681,-0.6051],[30.7679,-0.6049],[30.7679,-0.6047],[30.7679,-0.6045],[30.768,-0.6044],[30.7682,-0.6043],[30.7684,-0.6043],[30.7686,-0.6043],[30.7688,-0.6044],[30.769,-0.6045],[30.7692,-0.6046],[30.7695,-0.6048],[30.7705,-0.6054],[30.771,-0.6059],[30.7711,-0.6058],[30.7711,-0.6057],[30.7712,-0.6056],[30.7715,-0.6054],[30.7718,-0.605],[30.7718,-0.6047],[30.7718,-0.6045],[30.7719,-0.6041],[30.7721,-0.604],[30.7722,-0.604],[30.7723,-0.6041],[30.7726,-0.6043],[30.7727,-0.6044],[30.7728,-0.6047],[30.773,-0.6049],[30.7734,-0.6048],[30.7737,-0.6047],[30.7749,-0.6038],[30.7751,-0.6034],[30.7752,-0.6032],[30.7753,-0.6031],[30.7755,-0.603],[30.7757,-0.603],[30.776,-0.6031],[30.7761,-0.6031],[30.7765,-0.6032],[30.7767,-0.6032],[30.7769,-0.6032],[30.777,-0.6032],[30.7772,-0.6031],[30.7778,-0.6023],[30.7779,-0.6024],[30.7779,-0.6026],[30.7779,-0.6027],[30.7779,-0.6029],[30.778,-0.6032],[30.778,-0.6033],[30.7782,-0.6033],[30.7783,-0.6033],[30.7785,-0.6032],[30.7786,-0.6031],[30.7788,-0.6029],[30.7791,-0.6027],[30.7792,-0.6027],[30.7797,-0.6027],[30.7798,-0.6027],[30.7802,-0.6029],[30.7804,-0.603],[30.7806,-0.6031],[30.7808,-0.6034],[30.7809,-0.6034],[30.7811,-0.6034],[30.7812,-0.6034],[30.7815,-0.6033],[30.7817,-0.6033],[30.7819,-0.6032],[30.7826,-0.6032],[30.7828,-0.6032],[30.7832,-0.6032],[30.7833,-0.6033],[30.7835,-0.6035],[30.7837,-0.6039],[30.7838,-0.604],[30.784,-0.6041],[30.7844,-0.6041],[30.7846,-0.6041],[30.7849,-0.604],[30.785,-0.6039],[30.7852,-0.6038],[30.7855,-0.6037],[30.7856,-0.6037],[30.7858,-0.6036],[30.786,-0.6035],[30.7861,-0.6042],[30.7863,-0.6039],[30.7864,-0.6015],[30.7863,-0.5955],[30.7863,-0.5935],[30.7861,-0.5881],[30.7825,-0.5795],[30.7818,-0.5781],[30.7778,-0.5689],[30.779,-0.5669],[30.7811,-0.5641],[30.7818,-0.5632],[30.785,-0.559],[30.7904,-0.552],[30.7946,-0.5464],[30.7947,-0.5462],[30.7986,-0.5346],[30.8124,-0.5205],[30.8207,-0.5117],[30.8209,-0.5113],[30.8177,-0.5115],[30.8153,-0.5116],[30.8111,-0.5121],[30.7943,-0.5112],[30.7852,-0.5109],[30.7818,-0.511],[30.7828,-0.5082],[30.783,-0.5078],[30.7836,-0.5071],[30.7856,-0.505],[30.786,-0.503],[30.7856,-0.5022],[30.7868,-0.5007],[30.7883,-0.4994],[30.7893,-0.4979],[30.7912,-0.4953],[30.7933,-0.4938],[30.7915,-0.4933],[30.7909,-0.4929],[30.7899,-0.4921],[30.7873,-0.4902],[30.7767,-0.4803],[30.7681,-0.4907],[30.7531,-0.4883],[30.7465,-0.4913],[30.7077,-0.4942],[30.6988,-0.4966],[30.6888,-0.5062],[30.6747,-0.5027],[30.6594,-0.5065],[30.6594,-0.5115],[30.6648,-0.5176],[30.6395,-0.5057],[30.6326,-0.5058],[30.6304,-0.4976],[30.6193,-0.4963],[30.6167,-0.514],[30.6109,-0.5197],[30.6149,-0.5259],[30.6084,-0.5553],[30.6109,-0.5595],[30.6039,-0.5704],[30.5945,-0.5774],[30.5919,-0.5832],[30.5934,-0.588],[30.5854,-0.5958],[30.5747,-0.5902],[30.5655,-0.5903],[30.5524,-0.5999],[30.5483,-0.6065],[30.5489,-0.6145],[30.5412,-0.6123],[30.5356,-0.6158],[30.5354,-0.6163],[30.5353,-0.6165],[30.5348,-0.6172],[30.5348,-0.6176],[30.5347,-0.6179],[30.5345,-0.618],[30.5344,-0.6183],[30.5346,-0.6187],[30.5353,-0.62],[30.5355,-0.6212],[30.5361,-0.6224],[30.5408,-0.6264],[30.5425,-0.6273],[30.5426,-0.6285],[30.5419,-0.6298],[30.5421,-0.6319],[30.542,-0.6323],[30.5418,-0.6332],[30.5423,-0.6349],[30.5422,-0.6356],[30.5417,-0.6365],[30.5416,-0.6367],[30.541,-0.6376],[30.541,-0.6379],[30.5409,-0.6389],[30.542,-0.6407],[30.5412,-0.6418],[30.5409,-0.6423],[30.5403,-0.6424],[30.5394,-0.6426],[30.5347,-0.6469],[30.533,-0.6474],[30.5321,-0.6484],[30.5299,-0.6514],[30.5292,-0.6524],[30.5286,-0.6535],[30.5281,-0.6549],[30.5274,-0.656],[30.5271,-0.6568],[30.5256,-0.6604],[30.5258,-0.6626],[30.5264,-0.6634],[30.5306,-0.6694],[30.5408,-0.6805],[30.5467,-0.6837],[30.5483,-0.6852],[30.55,-0.6863],[30.5511,-0.6869],[30.5534,-0.6882],[30.554,-0.6887],[30.5559,-0.6901],[30.5562,-0.6905],[30.5572,-0.6911],[30.5578,-0.6963],[30.5559,-0.698],[30.5557,-0.6981],[30.5593,-0.6991],[30.562,-0.701],[30.5621,-0.7015],[30.5622,-0.7026],[30.5629,-0.7042],[30.5642,-0.7047],[30.5648,-0.7049],[30.5659,-0.7054],[30.5668,-0.707],[30.5673,-0.7085],[30.5678,-0.7095],[30.5679,-0.7097],[30.5681,-0.7101],[30.5685,-0.7104],[30.5694,-0.7109],[30.5698,-0.7114],[30.5705,-0.7125],[30.5708,-0.7129],[30.5724,-0.7137],[30.5736,-0.7151],[30.575,-0.7166],[30.5758,-0.7169],[30.5805,-0.7198],[30.581,-0.7205],[30.5822,-0.7212],[30.5835,-0.7222],[30.5845,-0.723],[30.5853,-0.7242],[30.5856,-0.7251],[30.5861,-0.7263],[30.5861,-0.7275],[30.5861,-0.7287],[30.5864,-0.7289],[30.5877,-0.7301],[30.5886,-0.7308],[30.5902,-0.7322],[30.5906,-0.7327],[30.5936,-0.7358],[30.5942,-0.7368],[30.5953,-0.7381],[30.5975,-0.7398],[30.5997,-0.7424],[30.6034,-0.7461],[30.6042,-0.7467],[30.6065,-0.7486],[30.6075,-0.7495],[30.6088,-0.7507],[30.6093,-0.7512],[30.6102,-0.7527],[30.6108,-0.7534],[30.6115,-0.7543],[30.6131,-0.7552],[30.614,-0.7554],[30.6161,-0.7567],[30.6175,-0.7572],[30.6192,-0.7585],[30.6194,-0.7587],[30.6197,-0.7593],[30.6217,-0.7607],[30.6262,-0.7625],[30.6263,-0.7626],[30.6267,-0.7629],[30.6267,-0.7632],[30.6271,-0.7635],[30.6274,-0.7637],[30.6279,-0.7641],[30.628,-0.7643],[30.6287,-0.7641],[30.6294,-0.764],[30.6301,-0.7639],[30.6313,-0.7643],[30.6316,-0.7644],[30.6333,-0.7649],[30.6337,-0.765],[30.6342,-0.7653],[30.6357,-0.7653],[30.6367,-0.7651],[30.6375,-0.765],[30.6378,-0.7653],[30.638,-0.7654],[30.6382,-0.7655],[30.6398,-0.7663],[30.641,-0.7662],[30.6409,-0.766],[30.6408,-0.7659],[30.6407,-0.7657],[30.6406,-0.7654],[30.6406,-0.7651],[30.641,-0.7643],[30.6414,-0.7635],[30.6416,-0.763],[30.6419,-0.7627],[30.642,-0.7623],[30.6425,-0.7605],[30.6432,-0.7597],[30.6436,-0.7593],[30.6437,-0.759],[30.6437,-0.7587],[30.6438,-0.7582],[30.6441,-0.7569],[30.6449,-0.7555],[30.6451,-0.7552],[30.6453,-0.7546],[30.6453,-0.7537],[30.6452,-0.7535],[30.6451,-0.7533],[30.6452,-0.7524],[30.6453,-0.7521],[30.6453,-0.7519],[30.6452,-0.7517],[30.6454,-0.751],[30.6457,-0.7503],[30.6458,-0.7499],[30.6458,-0.7494],[30.6461,-0.7487],[30.6464,-0.7483],[30.6466,-0.7476],[30.6466,-0.747],[30.6463,-0.7462],[30.6455,-0.7455],[30.6449,-0.7451],[30.6446,-0.7448],[30.6444,-0.7447],[30.6439,-0.7441],[30.6436,-0.7437],[30.6428,-0.7426],[30.6425,-0.7422],[30.642,-0.7412],[30.6414,-0.7403],[30.6411,-0.7397],[30.6407,-0.7394],[30.6403,-0.7391],[30.6397,-0.7388],[30.6397,-0.7387],[30.6385,-0.7371],[30.6381,-0.7364],[30.6379,-0.7359],[30.6375,-0.7352],[30.6373,-0.7348],[30.637,-0.7344],[30.6367,-0.7341],[30.6366,-0.7339],[30.6364,-0.7336],[30.636,-0.7331],[30.636,-0.7329],[30.636,-0.7326],[30.6359,-0.7321],[30.636,-0.7313],[30.6362,-0.7307],[30.6365,-0.73],[30.6367,-0.7294],[30.6368,-0.729],[30.6374,-0.7276],[30.6375,-0.7275],[30.6377,-0.7272],[30.6382,-0.7255],[30.6386,-0.7247],[30.6387,-0.7245],[30.6391,-0.724],[30.6396,-0.7235],[30.6398,-0.7232],[30.6407,-0.7219],[30.641,-0.7207],[30.6421,-0.7191],[30.643,-0.7179],[30.6432,-0.7164],[30.6431,-0.7157],[30.6428,-0.7148],[30.6425,-0.7141],[30.6425,-0.7132],[30.6425,-0.7108],[30.6424,-0.7098],[30.6424,-0.7092],[30.6423,-0.7082],[30.6414,-0.7049],[30.641,-0.7041],[30.6408,-0.7033],[30.6408,-0.7028],[30.6413,-0.7],[30.6413,-0.6996],[30.6414,-0.6991],[30.6418,-0.6986],[30.642,-0.6984],[30.6424,-0.6981],[30.6427,-0.6979],[30.6428,-0.6978],[30.6431,-0.6976],[30.6433,-0.6973],[30.6435,-0.697],[30.6435,-0.6967],[30.6436,-0.6964],[30.6436,-0.6962],[30.6437,-0.6957],[30.6445,-0.6944],[30.6449,-0.6938],[30.6449,-0.6935],[30.6447,-0.6931],[30.6446,-0.6928],[30.6447,-0.6926],[30.6453,-0.6923],[30.6456,-0.6889],[30.6457,-0.6845],[30.6462,-0.6838],[30.6467,-0.683],[30.6471,-0.6825],[30.6475,-0.6818],[30.6478,-0.6805],[30.6478,-0.6804],[30.6479,-0.6799],[30.6479,-0.6796],[30.6479,-0.6788],[30.6481,-0.6778],[30.6482,-0.6765],[30.6482,-0.6759],[30.6481,-0.6751],[30.6477,-0.6742],[30.6471,-0.6735],[30.647,-0.6731],[30.6467,-0.6726],[30.6465,-0.6724],[30.6462,-0.6717],[30.646,-0.6711],[30.6459,-0.671],[30.6457,-0.6705],[30.6453,-0.6698],[30.6449,-0.6671],[30.6445,-0.6667],[30.6444,-0.6665],[30.6443,-0.6661],[30.6441,-0.6655],[30.6433,-0.6648],[30.6437,-0.6631],[30.644,-0.6627],[30.6444,-0.6625],[30.6448,-0.6619],[30.6448,-0.6617],[30.6453,-0.6611],[30.646,-0.6603],[30.6466,-0.6597],[30.6466,-0.6595],[30.6468,-0.659],[30.647,-0.6588],[30.648,-0.6586],[30.6483,-0.6585],[30.6488,-0.6582],[30.6496,-0.6572],[30.6498,-0.6567],[30.65,-0.656],[30.6502,-0.6556],[30.6502,-0.6552],[30.6502,-0.6545],[30.6498,-0.6537],[30.6494,-0.6529],[30.6492,-0.6522],[30.6489,-0.6517],[30.6487,-0.6509],[30.6485,-0.6503],[30.6478,-0.6497],[30.6476,-0.6495],[30.6469,-0.649],[30.6464,-0.6482],[30.6462,-0.6478],[30.646,-0.6474],[30.6456,-0.647],[30.6453,-0.6466],[30.6452,-0.6463],[30.6448,-0.6457],[30.6441,-0.6452],[30.6436,-0.6447],[30.6434,-0.6441],[30.6434,-0.6436],[30.6435,-0.6431],[30.6434,-0.6424],[30.6432,-0.6422],[30.6431,-0.6416],[30.6432,-0.641],[30.6429,-0.6406],[30.6428,-0.6403],[30.6419,-0.6388],[30.6417,-0.6386],[30.6415,-0.6384]]]},"properties":{"name":"Mbarara City","id":"W7kX446X8Jn"}},
{"type":"Feature","geometry":{"type":"Polygon","coordinates":[[[30.4572,-0.4295],[30.4574,-0.4301],[30.4584,-0.4321],[30.4589,-0.4322],[30.46,-0.4322],[30.4602,-0.4339],[30.4603,-0.4349],[30.4609,-0.4359],[30.4611,-0.438],[30.4612,-0.4386],[30.4622,-0.4405],[30.464,-0.4416],[30.466,-0.442],[30.4674,-0.4424],[30.4689,-0.4434],[30.4699,-0.4447],[30.4729,-0.449],[30.473,-0.4491],[30.4749,-0.4504],[30.4766,-0.4525],[30.4776,-0.459],[30.478,-0.4603],[30.4784,-0.4627],[30.4775,-0.4667],[30.4742,-0.4711],[30.4739,-0.4718],[30.4731,-0.4753],[30.473,-0.476],[30.4727,-0.4779],[30.472,-0.4812],[30.4714,-0.4844],[30.4712,-0.4863],[30.4705,-0.488],[30.4701,-0.4895],[30.4696,-0.4937],[30.4693,-0.4978],[30.469,-0.501],[30.4686,-0.5028],[30.4673,-0.508],[30.4656,-0.5151],[30.4612,-0.5273],[30.4601,-0.5291],[30.4584,-0.5354],[30.4579,-0.5374],[30.4574,-0.5393],[30.4574,-0.5436],[30.457,-0.5496],[30.4566,-0.5516],[30.4556,-0.5566],[30.4552,-0.5591],[30.4544,-0.5669],[30.4546,-0.5689],[30.4568,-0.572],[30.4576,-0.5736],[30.4576,-0.5746],[30.4565,-0.5777],[30.4538,-0.578],[30.4514,-0.5795],[30.4511,-0.5801],[30.4508,-0.5815],[30.4499,-0.5836],[30.4493,-0.5855],[30.4484,-0.5877],[30.4482,-0.5888],[30.4488,-0.5914],[30.4484,-0.5925],[30.4485,-0.5927],[30.448,-0.5946],[30.4478,-0.5972],[30.4477,-0.5977],[30.4471,-0.5984],[30.447,-0.5992],[30.4477,-0.6009],[30.448,-0.602],[30.4476,-0.6034],[30.4466,-0.6058],[30.4446,-0.6064],[30.4441,-0.607],[30.4407,-0.6146],[30.441,-0.6171],[30.4425,-0.6194],[30.4405,-0.6235],[30.4389,-0.625],[30.4386,-0.6262],[30.4381,-0.6275],[30.4388,-0.6301],[30.4392,-0.6313],[30.4503,-0.6251],[30.4568,-0.6223],[30.458,-0.6223],[30.459,-0.6224],[30.4617,-0.6215],[30.4708,-0.62],[30.4717,-0.6197],[30.4724,-0.6191],[30.4726,-0.6191],[30.4728,-0.6189],[30.473,-0.6188],[30.4731,-0.6188],[30.4738,-0.6187],[30.4749,-0.6183],[30.475,-0.6182],[30.4753,-0.618],[30.4757,-0.6179],[30.4756,-0.6177],[30.4756,-0.6175],[30.4756,-0.6174],[30.4758,-0.6172],[30.4759,-0.6171],[30.4761,-0.617],[30.4763,-0.6169],[30.4766,-0.6168],[30.477,-0.6164],[30.4774,-0.6162],[30.4777,-0.6162],[30.478,-0.616],[30.4783,-0.616],[30.4787,-0.6158],[30.4792,-0.6154],[30.4793,-0.6151],[30.4795,-0.6147],[30.4798,-0.6146],[30.4806,-0.6141],[30.4811,-0.6137],[30.4814,-0.6131],[30.4816,-0.613],[30.4819,-0.6128],[30.4826,-0.6127],[30.4828,-0.6124],[30.4835,-0.6122],[30.4844,-0.612],[30.4848,-0.612],[30.4851,-0.6121],[30.4858,-0.6121],[30.486,-0.6119],[30.4862,-0.612],[30.4863,-0.612],[30.4869,-0.6119],[30.4879,-0.6116],[30.4887,-0.6113],[30.4895,-0.6111],[30.4906,-0.6104],[30.4911,-0.6097],[30.4911,-0.6094],[30.4911,-0.6093],[30.491,-0.6083],[30.4913,-0.608],[30.492,-0.6074],[30.4924,-0.6069],[30.4928,-0.6068],[30.4937,-0.6063],[30.494,-0.6058],[30.4942,-0.6055],[30.4959,-0.6047],[30.4965,-0.6041],[30.4964,-0.6034],[30.4964,-0.603],[30.4966,-0.6027],[30.4973,-0.6022],[30.4975,-0.6021],[30.4982,-0.6023],[30.4983,-0.6025],[30.4988,-0.6025],[30.4992,-0.6025],[30.5008,-0.6029],[30.5016,-0.6038],[30.502,-0.6041],[30.5032,-0.6047],[30.5042,-0.6054],[30.5047,-0.6057],[30.5065,-0.6058],[30.5081,-0.6063],[30.5087,-0.6064],[30.5097,-0.6066],[30.5108,-0.6065],[30.5112,-0.6064],[30.5118,-0.6057],[30.514,-0.6041],[30.5166,-0.6047],[30.5169,-0.6045],[30.5173,-0.6041],[30.5183,-0.6041],[30.5196,-0.6047],[30.5227,-0.6057],[30.5235,-0.6062],[30.5249,-0.6074],[30.5255,-0.6079],[30.5268,-0.6092],[30.5275,-0.6101],[30.5294,-0.6142],[30.5297,-0.6144],[30.53,-0.6146],[30.5305,-0.6149],[30.5305,-0.6153],[30.5301,-0.6157],[30.5301,-0.6159],[30.5305,-0.6162],[30.5311,-0.6163],[30.5317,-0.6164],[30.532,-0.6162],[30.5321,-0.6159],[30.5324,-0.6153],[30.5326,-0.615],[30.533,-0.6147],[30.5335,-0.6149],[30.5352,-0.6158],[30.5356,-0.6157],[30.5356,-0.6158],[30.5412,-0.6123],[30.5489,-0.6145],[30.5483,-0.6065],[30.5524,-0.5999],[30.5655,-0.5903],[30.5747,-0.5902],[30.5854,-0.5958],[30.5934,-0.588],[30.5919,-0.5832],[30.5945,-0.5774],[30.6039,-0.5704],[30.6109,-0.5595],[30.6084,-0.5553],[30.6149,-0.5259],[30.6109,-0.5197],[30.6167,-0.514],[30.6193,-0.4963],[30.6304,-0.4976],[30.6326,-0.5058],[30.6395,-0.5057],[30.6648,-0.5176],[30.6594,-0.5115],[30.6594,-0.5065],[30.6747,-0.5027],[30.6888,-0.5062],[30.6988,-0.4966],[30.7077,-0.4942],[30.7465,-0.4913],[30.7531,-0.4883],[30.7681,-0.4907],[30.7767,-0.4803],[30.7758,-0.4794],[30.7719,-0.4757],[30.7611,-0.4655],[30.7581,-0.4627],[30.7531,-0.4579],[30.7507,-0.4557],[30.7494,-0.4544],[30.7488,-0.4538],[30.7477,-0.4528],[30.7469,-0.452],[30.7445,-0.4497],[30.7427,-0.4479],[30.742,-0.4472],[30.7389,-0.4444],[30.7358,-0.4419],[30.7323,-0.4405],[30.7318,-0.4402],[30.7313,-0.4371],[30.7315,-0.4364],[30.7315,-0.4359],[30.7315,-0.4358],[30.7312,-0.4355],[30.7289,-0.4347],[30.7282,-0.4347],[30.7275,-0.4349],[30.7271,-0.435],[30.7261,-0.4355],[30.7236,-0.4355],[30.7232,-0.4352],[30.7225,-0.4351],[30.7222,-0.435],[30.7216,-0.4346],[30.7211,-0.4344],[30.7207,-0.4345],[30.7197,-0.4353],[30.7193,-0.4355],[30.7191,-0.4355],[30.7186,-0.4356],[30.718,-0.4359],[30.7166,-0.4359],[30.7162,-0.4358],[30.7146,-0.4359],[30.7141,-0.4359],[30.7132,-0.4359],[30.7122,-0.4364],[30.7112,-0.4369],[30.7092,-0.4381],[30.707,-0.4396],[30.7053,-0.4406],[30.7052,-0.4402],[30.705,-0.4396],[30.705,-0.4391],[30.7049,-0.4384],[30.7048,-0.4379],[30.7043,-0.4367],[30.7037,-0.4356],[30.7036,-0.4354],[30.7035,-0.435],[30.7034,-0.4346],[30.7031,-0.4338],[30.7021,-0.4325],[30.701,-0.4312],[30.6979,-0.4294],[30.6963,-0.4284],[30.6923,-0.428],[30.691,-0.4282],[30.6901,-0.4284],[30.6898,-0.428],[30.6869,-0.4265],[30.6847,-0.4244],[30.6821,-0.4191],[30.6791,-0.4134],[30.6812,-0.4117],[30.6822,-0.4116],[30.683,-0.4111],[30.6835,-0.4106],[30.6858,-0.4115],[30.6869,-0.4118],[30.6874,-0.4116],[30.6902,-0.4104],[30.6913,-0.4103],[30.6931,-0.4099],[30.6935,-0.4103],[30.6944,-0.4092],[30.6958,-0.4047],[30.6959,-0.4034],[30.696,-0.4028],[30.6962,-0.4018],[30.696,-0.4012],[30.6957,-0.3993],[30.6967,-0.3984],[30.6968,-0.3979],[30.696,-0.3958],[30.6954,-0.3947],[30.6957,-0.3918],[30.6961,-0.3908],[30.6965,-0.3898],[30.6946,-0.3884],[30.6911,-0.3871],[30.6875,-0.3862],[30.6839,-0.3858],[30.6801,-0.3846],[30.6802,-0.3772],[30.6795,-0.3735],[30.6795,-0.3732],[30.6794,-0.3707],[30.6796,-0.3697],[30.6795,-0.3676],[30.679,-0.3651],[30.6792,-0.3641],[30.6794,-0.3632],[30.6792,-0.3592],[30.679,-0.3565],[30.6779,-0.3538],[30.6777,-0.3528],[30.6767,-0.351],[30.6758,-0.3478],[30.6751,-0.3466],[30.6733,-0.3447],[30.6732,-0.3446],[30.6725,-0.344],[30.6682,-0.3419],[30.6653,-0.3401],[30.6636,-0.3379],[30.6633,-0.3373],[30.6631,-0.3362],[30.6628,-0.3349],[30.6625,-0.3302],[30.6601,-0.3298],[30.651,-0.3263],[30.6471,-0.3264],[30.6453,-0.3262],[30.6418,-0.3171],[30.6413,-0.3152],[30.6381,-0.3102],[30.6338,-0.3077],[30.625,-0.3039],[30.6248,-0.3038],[30.6227,-0.3013],[30.6218,-0.2998],[30.621,-0.2997],[30.6204,-0.2997],[30.6194,-0.2994],[30.6179,-0.2988],[30.6169,-0.2985],[30.6148,-0.2979],[30.6129,-0.2963],[30.6124,-0.2956],[30.6116,-0.2916],[30.611,-0.2906],[30.6111,-0.2899],[30.6112,-0.2881],[30.6111,-0.2876],[30.6112,-0.2869],[30.6126,-0.2818],[30.6126,-0.2802],[30.6124,-0.2798],[30.6119,-0.2792],[30.6119,-0.2778],[30.6112,-0.2778],[30.6108,-0.2775],[30.6108,-0.2763],[30.6108,-0.2757],[30.6112,-0.2749],[30.6119,-0.274],[30.6122,-0.2738],[30.6136,-0.2741],[30.6153,-0.2744],[30.6154,-0.2743],[30.6158,-0.2737],[30.6167,-0.2716],[30.6185,-0.2701],[30.6186,-0.2685],[30.6175,-0.2658],[30.6176,-0.2655],[30.6187,-0.2646],[30.6189,-0.264],[30.6192,-0.2629],[30.6193,-0.2628],[30.6196,-0.2628],[30.6188,-0.2627],[30.6183,-0.2625],[30.6174,-0.2615],[30.6171,-0.2611],[30.6181,-0.2564],[30.6181,-0.256],[30.618,-0.2557],[30.6175,-0.2545],[30.6174,-0.254],[30.6175,-0.2532],[30.6174,-0.253],[30.6175,-0.2527],[30.6177,-0.2525],[30.6179,-0.252],[30.6182,-0.2515],[30.6196,-0.2497],[30.6201,-0.2493],[30.6208,-0.2488],[30.6217,-0.2473],[30.6227,-0.2446],[30.6239,-0.2392],[30.625,-0.2345],[30.6249,-0.2345],[30.6245,-0.2347],[30.6234,-0.2354],[30.6226,-0.2354],[30.622,-0.2361],[30.6217,-0.2361],[30.6216,-0.2359],[30.6214,-0.2353],[30.6213,-0.2349],[30.6211,-0.2346],[30.6209,-0.2343],[30.6193,-0.2333],[30.6181,-0.2326],[30.6171,-0.2321],[30.6168,-0.2321],[30.6164,-0.2318],[30.6162,-0.2315],[30.6157,-0.2306],[30.6154,-0.23],[30.6152,-0.2298],[30.6149,-0.229],[30.6147,-0.2282],[30.6146,-0.2279],[30.6146,-0.2271],[30.6146,-0.2269],[30.6148,-0.2263],[30.6147,-0.2257],[30.6146,-0.2252],[30.6147,-0.225],[30.6148,-0.2246],[30.6149,-0.2238],[30.6148,-0.2229],[30.6146,-0.2222],[30.6145,-0.222],[30.6142,-0.2214],[30.6139,-0.2207],[30.6134,-0.219],[30.6125,-0.2173],[30.6117,-0.2164],[30.6116,-0.2158],[30.6113,-0.2147],[30.6112,-0.2142],[30.6109,-0.2132],[30.6107,-0.2127],[30.6107,-0.2124],[30.6107,-0.2121],[30.6107,-0.2116],[30.6105,-0.2108],[30.6104,-0.2103],[30.6103,-0.2102],[30.6101,-0.2101],[30.6093,-0.2096],[30.6088,-0.2091],[30.6084,-0.2085],[30.6081,-0.2089],[30.6078,-0.2093],[30.6076,-0.2098],[30.6075,-0.2102],[30.6074,-0.2104],[30.6072,-0.2106],[30.6069,-0.211],[30.6068,-0.2111],[30.6067,-0.2113],[30.6066,-0.2117],[30.6063,-0.2123],[30.6062,-0.2126],[30.6059,-0.2132],[30.606,-0.2139],[30.6057,-0.2145],[30.6054,-0.2147],[30.6054,-0.2149],[30.6053,-0.2152],[30.6052,-0.2155],[30.6047,-0.2164],[30.6046,-0.2168],[30.6035,-0.2197],[30.6034,-0.2198],[30.603,-0.2201],[30.6029,-0.2201],[30.6028,-0.2202],[30.6026,-0.2204],[30.6021,-0.2206],[30.6008,-0.2214],[30.6005,-0.2214],[30.6003,-0.2214],[30.6,-0.2212],[30.5998,-0.2211],[30.5993,-0.2212],[30.599,-0.2214],[30.5984,-0.2218],[30.5979,-0.2225],[30.5978,-0.2228],[30.5978,-0.2232],[30.5978,-0.2235],[30.5976,-0.2241],[30.5972,-0.2249],[30.5969,-0.2253],[30.596,-0.2264],[30.5961,-0.2267],[30.5962,-0.2272],[30.5959,-0.2279],[30.5956,-0.2292],[30.5955,-0.2303],[30.5948,-0.2325],[30.5945,-0.2329],[30.5941,-0.2332],[30.5941,-0.2336],[30.5943,-0.2343],[30.5943,-0.235],[30.594,-0.2365],[30.5938,-0.2371],[30.5937,-0.2372],[30.5934,-0.2374],[30.5931,-0.2377],[30.5928,-0.238],[30.5925,-0.2386],[30.592,-0.2396],[30.5911,-0.2411],[30.5906,-0.2418],[30.5897,-0.2412],[30.5895,-0.241],[30.5894,-0.2408],[30.5892,-0.2404],[30.589,-0.2397],[30.5888,-0.2394],[30.5886,-0.2393],[30.588,-0.2392],[30.5876,-0.2389],[30.5875,-0.2387],[30.5871,-0.2383],[30.5866,-0.2383],[30.5865,-0.2383],[30.5862,-0.2381],[30.5857,-0.2378],[30.5854,-0.2379],[30.5846,-0.2376],[30.584,-0.2374],[30.5835,-0.2372],[30.5796,-0.237],[30.5793,-0.237],[30.579,-0.2368],[30.5786,-0.2363],[30.5781,-0.2357],[30.5772,-0.2351],[30.576,-0.2346],[30.5751,-0.2345],[30.5743,-0.2346],[30.5723,-0.2354],[30.5715,-0.2358],[30.5681,-0.2374],[30.5677,-0.2376],[30.5661,-0.2384],[30.5647,-0.2391],[30.5608,-0.241],[30.5602,-0.2413],[30.5562,-0.2433],[30.5555,-0.2436],[30.5544,-0.2441],[30.5539,-0.2444],[30.5516,-0.2453],[30.5484,-0.2463],[30.5481,-0.2464],[30.5453,-0.247],[30.5441,-0.2473],[30.5406,-0.2481],[30.5367,-0.249],[30.5352,-0.2494],[30.5298,-0.2506],[30.5231,-0.2521],[30.5227,-0.2522],[30.522,-0.2519],[30.5214,-0.2518],[30.5211,-0.2518],[30.5128,-0.2575],[30.5101,-0.2581],[30.5095,-0.2582],[30.5093,-0.2584],[30.509,-0.2585],[30.5089,-0.2586],[30.5088,-0.2588],[30.5087,-0.259],[30.5086,-0.2591],[30.5083,-0.2592],[30.5074,-0.2599],[30.5063,-0.2611],[30.5074,-0.2615],[30.5129,-0.2637],[30.5152,-0.2645],[30.5156,-0.2665],[30.515,-0.2677],[30.5149,-0.2687],[30.5146,-0.2718],[30.5136,-0.2744],[30.5114,-0.2773],[30.5064,-0.2808],[30.504,-0.2827],[30.5033,-0.2833],[30.5008,-0.2857],[30.4996,-0.2887],[30.4996,-0.2892],[30.4996,-0.2989],[30.5009,-0.3001],[30.5009,-0.3012],[30.5014,-0.3016],[30.5025,-0.3045],[30.5049,-0.31],[30.5068,-0.316],[30.5078,-0.3248],[30.5078,-0.3268],[30.5074,-0.3321],[30.5068,-0.3381],[30.5065,-0.341],[30.5058,-0.3451],[30.5056,-0.3462],[30.5054,-0.3471],[30.5054,-0.3481],[30.5054,-0.3493],[30.5056,-0.3507],[30.5061,-0.3544],[30.5066,-0.3584],[30.5066,-0.3597],[30.5066,-0.3632],[30.5066,-0.3638],[30.5065,-0.3667],[30.5064,-0.3675],[30.5062,-0.369],[30.5058,-0.371],[30.5048,-0.3743],[30.5042,-0.3768],[30.5042,-0.377],[30.5034,-0.3804],[30.5033,-0.381],[30.5025,-0.3849],[30.5018,-0.388],[30.5008,-0.3889],[30.5002,-0.389],[30.4961,-0.3919],[30.4941,-0.3936],[30.4938,-0.3936],[30.4931,-0.3937],[30.4929,-0.3937],[30.4909,-0.3936],[30.4887,-0.394],[30.4882,-0.3943],[30.4874,-0.3973],[30.4868,-0.3995],[30.4851,-0.4024],[30.4845,-0.4051],[30.4843,-0.4068],[30.4813,-0.4116],[30.4796,-0.412],[30.4787,-0.4123],[30.4761,-0.4133],[30.4749,-0.4141],[30.4726,-0.4157],[30.47,-0.4167],[30.4679,-0.4184],[30.4658,-0.4214],[30.4644,-0.4231],[30.4619,-0.4242],[30.4596,-0.4248],[30.4573,-0.4255],[30.4565,-0.4255],[30.4565,-0.4259],[30.4565,-0.4267],[30.4567,-0.4272],[30.4567,-0.4278],[30.4567,-0.4283],[30.4568,-0.4288],[30.4572,-0.4293],[30.4572,-0.4295]]]},"properties":{"name":"Mbarara District","id":"auswb7JO9wY"}},
{"type":"Feature","geometry":{"type":"Polygon","coordinates":[[[30.053,-0.7787],[30.0573,-0.777],[30.0643,-0.7804],[30.0672,-0.7674],[30.078,-0.7536],[30.0937,-0.7541],[30.0993,-0.7623],[30.1025,-0.7608],[30.1084,-0.7645],[30.1221,-0.7619],[30.1379,-0.7466],[30.1394,-0.7328],[30.1685,-0.7332],[30.1665,-0.7247],[30.1588,-0.7253],[30.1439,-0.712],[30.1348,-0.709],[30.1321,-0.701],[30.1196,-0.6916],[30.1258,-0.682],[30.1214,-0.6776],[30.1202,-0.6658],[30.1138,-0.6497],[30.1364,-0.6532],[30.1356,-0.644],[30.1302,-0.6407],[30.1304,-0.6346],[30.1269,-0.6301],[30.1302,-0.6106],[30.1231,-0.6014],[30.1203,-0.589],[30.0984,-0.601],[30.0698,-0.5707],[30.0528,-0.5669],[30.043,-0.5479],[30.0375,-0.5482],[30.0355,-0.5513],[30.0274,-0.5446],[30.0287,-0.5404],[30.0335,-0.5404],[30.0418,-0.5332],[30.0377,-0.5133],[30.0299,-0.5027],[30.0335,-0.49],[30.0328,-0.4797],[30.0407,-0.4719],[30.0359,-0.4658],[30.0262,-0.4688],[30.0205,-0.4656],[30.0192,-0.4588],[30.0145,-0.4543],[29.9978,-0.4483],[29.9816,-0.4377],[29.9825,-0.47],[29.9749,-0.4828],[29.9759,-0.4859],[29.9649,-0.4907],[29.9577,-0.5023],[29.948,-0.4935],[29.9342,-0.4935],[29.9246,-0.5176],[29.9382,-0.5389],[29.9258,-0.5463],[29.918,-0.547],[29.9267,-0.5594],[29.926,-0.5628],[29.9162,-0.5692],[29.9106,-0.5821],[29.9048,-0.5815],[29.9033,-0.5886],[29.8967,-0.5915],[29.8965,-0.5974],[29.8851,-0.6094],[29.8882,-0.6156],[29.8928,-0.6169],[29.8957,-0.6249],[29.902,-0.6221],[29.9064,-0.6311],[29.9097,-0.6317],[29.914,-0.6408],[29.919,-0.6421],[29.9208,-0.6468],[29.9262,-0.6438],[29.9362,-0.6464],[29.938,-0.6507],[29.958,-0.6578],[29.9597,-0.6617],[29.9571,-0.6653],[29.9712,-0.6868],[29.9728,-0.695],[29.9813,-0.7006],[29.9822,-0.7062],[29.988,-0.7102],[29.9927,-0.7248],[30.0036,-0.7304],[30.0038,-0.7443],[30.0065,-0.7468],[30.0155,-0.7458],[30.0221,-0.7415],[30.0233,-0.75],[30.0369,-0.7554],[30.0367,-0.7599],[30.0406,-0.7597],[30.0421,-0.7698],[30.053,-0.7787]]]},"properties":{"name":"Mitooma District","id":"FLygHiUd2UW"}},
{"type":"Feature","geometry":{"type":"Polygon","coordinates":[[[31.95801912829242,0.427762953966468],[31.971863716762236,0.425433330923527],[31.988992973012557,0.412536310355271],[32.02309269915581,0.404317656658227],[32.03275967433678,0.40599897717405],[32.042273828113,0.398884985329868],[32.031525678492045,0.375425298747155],[32.03517312407356,0.363968780739543],[32.043957916210715,0.351280669413387],[32.04063233827102,0.340538726666742],[32.032202318736445,0.33010415227626],[32.012373915127725,0.327652713852022],[31.990701357722347,0.298773206374077],[31.981231068108784,0.291545947102664],[31.95636350237029,0.287553608083182],[31.921890408793313,0.267077562611845],[31.932009242970036,0.242863881725592],[31.911092870687963,0.245005883303196],[31.875779782937347,0.274470267534679],[31.864634107718388,0.288474363071451],[31.854521908630797,0.286317406425789],[31.8465228547404,0.274615104993924],[31.8506,0.266],[31.8428,0.2529],[31.8438,0.2483],[31.8579,0.2449],[31.8677,0.2302],[31.901,0.2261],[31.9127,0.2122],[31.9235,0.2163],[31.9265,0.2268],[31.9314,0.2316],[31.9563,0.2209],[31.968,0.229],[31.9831,0.2266],[31.9996,0.2466],[32.0138,0.247],[32.021,0.2424],[32.0282,0.2441],[32.0254,0.2556],[32.029,0.2639],[32.0469,0.27],[32.0495,0.2651],[32.0572,0.2644],[32.0606,0.2684],[32.0767,0.2733],[32.081,0.2845],[32.0768,0.2921],[32.0895,0.2975],[32.1006,0.2899],[32.1137,0.2909],[32.1288,0.2825],[32.137,0.2709],[32.1463,0.2677],[32.1521,0.2586],[32.1533,0.2504],[32.156,0.2499],[32.1588,0.2522],[32.1681,0.2512],[32.1759,0.259],[32.1847,0.2534],[32.1871,0.2558],[32.1908,0.2672],[32.1877,0.284],[32.1959,0.2946],[32.1983,0.3037],[32.2106,0.2842],[32.2213,0.2818],[32.2233,0.287],[32.2352,0.2903],[32.2336,0.2955],[32.2439,0.3037],[32.2681,0.3175],[32.2567,0.3358],[32.262,0.3776],[32.2594,0.3948],[32.2544,0.4059],[32.2384,0.413],[32.2355,0.4182],[32.2212,0.4285],[32.2195,0.4357],[32.2152,0.4356],[32.2038,0.4532],[32.1922,0.4801],[32.2023,0.5003],[32.1985,0.5318],[32.2167,0.5657],[32.2319,0.5794],[32.2345,0.5903],[32.2239,0.5999],[32.2184,0.6189],[32.2124,0.6203],[32.197,0.6345],[32.1895,0.6376],[32.1855,0.6473],[32.1717,0.6637],[32.1666,0.6755],[32.1717,0.6822],[32.16,0.6874],[32.1503,0.6873],[32.1375,0.6943],[32.1215,0.6817],[32.1009,0.6821],[32.0936,0.6792],[32.0862,0.672],[32.0716,0.6675],[32.0525,0.6509],[32.0399,0.6552],[32.0379,0.6505],[32.0332,0.652],[32.0275,0.6396],[32.0196,0.636],[32.0151,0.629],[32.0137,0.6042],[32.0051,0.6137],[32.0071,0.6322],[32.0005,0.655],[31.9887,0.6594],[31.9781,0.6507],[31.9774,0.6468],[31.9666,0.6466],[31.9599,0.6378],[31.9378,0.6386],[31.9317,0.6313],[31.9096,0.6226],[31.9032,0.6208],[31.9002,0.6114],[31.8804,0.592],[31.8984,0.5814],[31.9049,0.5726],[31.9148,0.5689],[31.9143,0.5581],[31.9184,0.5522],[31.9196,0.5421],[31.9144,0.5335],[31.9191,0.5284],[31.9184,0.5171],[31.9297,0.5088],[31.9294,0.4973],[31.9349,0.4878],[31.9352,0.4747],[31.9521,0.4528],[31.95801912829242,0.427762953966468]]]},"properties":{"name":"Mityana District","id":"Q7PaNIbyZII"}},
{"type":"Feature","geometry":{"type":"Polygon","coordinates":[[[34.7979,2.1229],[34.807,2.1233],[34.8092,2.1305],[34.825,2.1441],[34.8227,2.1494],[34.8305,2.1603],[34.8304,2.1765],[34.8455,2.1879],[34.845,2.1924],[34.8474,2.1914],[34.8519,2.1994],[34.8467,2.2185],[34.8515,2.2205],[34.8522,2.2244],[34.8544,2.2228],[34.8574,2.2286],[34.8614,2.2269],[34.862,2.2321],[34.8642,2.2307],[34.8649,2.2344],[34.866,2.2322],[34.8693,2.2352],[34.8686,2.2491],[34.8739,2.253],[34.875,2.251],[34.8825,2.2527],[34.8818,2.2573],[34.8882,2.2645],[34.8875,2.2715],[34.8981,2.2747],[34.9019,2.2692],[34.9056,2.2689],[34.9181,2.2836],[34.9228,2.2856],[34.9349,2.2827],[34.9185,2.3874],[34.9205,2.3908],[34.9157,2.3946],[34.9174,2.422],[34.9331,2.4282],[34.9322,2.4363],[34.9366,2.4353],[34.9406,2.4473],[34.9445,2.4465],[34.9429,2.4502],[34.9547,2.4552],[34.9552,2.4697],[34.9493,2.4695],[34.9338,2.5132],[34.9138,2.5139],[34.8981,2.5853],[34.8946,2.5902],[34.8813,2.5867],[34.8791,2.5697],[34.869,2.5679],[34.8529,2.5809],[34.8393,2.6015],[34.8324,2.6182],[34.7999,2.6531],[34.7912,2.6807],[34.7762,2.6952],[34.7849,2.7458],[34.7761,2.7851],[34.768,2.7998],[34.7677,2.8085],[34.7629,2.8182],[34.7558,2.8257],[34.7499,2.8235],[34.7371,2.8523],[34.7134,2.862],[34.7091,2.8707],[34.7025,2.875],[34.6931,2.8602],[34.6692,2.8604],[34.6537,2.8649],[34.6401,2.904],[34.5996,2.9223],[34.5881,3.0011],[34.5773,3.0178],[34.5735,3.0474],[34.5756,3.0662],[34.5731,3.0887],[34.5597,3.1077],[34.5455,3.0934],[34.5205,3.0864],[34.5134,3.0915],[34.4968,3.0912],[34.4879,3.0968],[34.4423,3.0798],[34.3976,3.092],[34.3975,3.0917],[34.3491,2.992],[34.2813,2.91],[34.285,2.9037],[34.2941,2.8995],[34.3,2.8886],[34.3047,2.8872],[34.3069,2.8811],[34.3126,2.8774],[34.3157,2.8662],[34.3334,2.8556],[34.3354,2.8432],[34.3489,2.8265],[34.3496,2.8161],[34.3534,2.8113],[34.3532,2.7984],[34.36,2.7898],[34.3624,2.7794],[34.3637,2.732],[34.4764,2.5713],[34.4813,2.5698],[34.4848,2.564],[34.4946,2.5648],[34.5046,2.5611],[34.5502,2.4971],[34.5741,2.4622],[34.5714,2.4558],[34.573,2.4398],[34.5802,2.4306],[34.5797,2.4191],[34.5853,2.4198],[34.5914,2.4384],[34.6003,2.4368],[34.6107,2.4397],[34.6142,2.4365],[34.6223,2.4389],[34.6353,2.4333],[34.6427,2.3477],[34.654,2.3244],[34.6611,2.3223],[34.6598,2.3162],[34.6627,2.3139],[34.6605,2.3128],[34.6668,2.3118],[34.6662,2.3041],[34.6729,2.2967],[34.6767,2.2973],[34.6768,2.2825],[34.6859,2.2744],[34.702,2.2506],[34.7117,2.2215],[34.7382,2.2118],[34.7593,2.1936],[34.7625,2.1874],[34.7741,2.1808],[34.7847,2.167],[34.7878,2.1544],[34.7935,2.1465],[34.7985,2.1409],[34.7979,2.1229]]]},"properties":{"name":"Moroto District","id":"A9kRCvmn6Co"}},
{"type":"Feature","geometry":{"type":"MultiPolygon","coordinates":[[[[31.9345744882398,3.516243622167537],[31.937518610453903,3.519240316332064],[31.923172706122447,3.513127777443082],[31.92414086574209,3.511240384918973],[31.9345744882398,3.516243622167537]]],[[[31.764660630635884,3.514724633514816],[31.7780355516742,3.520552432644585],[31.793989498774405,3.540388554566515],[31.80739066906683,3.551401300627767],[31.801530564759823,3.553446335859966],[31.799011792144366,3.557506507642495],[31.801416291014274,3.558285820197363],[31.811430241670898,3.553432045135813],[31.82048737743906,3.557435396218929],[31.836907043957943,3.555100077532887],[31.85650252905253,3.559596358996065],[31.86389490151945,3.55488677305627],[31.873279099627755,3.554916409925878],[31.87985510609869,3.556182297398073],[31.884910979148078,3.562748513550621],[31.896303626377332,3.555272791046093],[31.903907219335043,3.555253620297159],[31.917585294472186,3.548360871257386],[31.93605010813792,3.553820367268933],[31.94769580276486,3.573671541146503],[31.955119203472247,3.579486669062745],[31.99488013792037,3.577700131944544],[32.0006,3.581637992360458],[32.0004,3.5859],[31.9579,3.5866],[31.9527,3.6271],[31.9615,3.646],[31.9592,3.6569],[31.9504,3.6661],[31.9071,3.7345],[31.8706,3.7821],[31.8425,3.801],[31.822,3.8193],[31.8121,3.8223],[31.7965,3.8193],[31.7968,3.8128],[31.8038,3.8055],[31.8017,3.7992],[31.7572,3.7665],[31.7376,3.747],[31.7301,3.7524],[31.7252,3.7338],[31.7175,3.7272],[31.7121,3.7165],[31.7083,3.7166],[31.7032,3.711],[31.6989,3.7142],[31.6886,3.7072],[31.6799,3.7154],[31.6566,3.7191],[31.6432,3.7288],[31.6182,3.7291],[31.6137,3.7261],[31.6077,3.7141],[31.6006,3.7099],[31.5977,3.7007],[31.5809,3.6974],[31.5757,3.687],[31.5669,3.687],[31.5613,3.6808],[31.5537,3.6804],[31.5501,3.6709],[31.5399,3.6645],[31.5219,3.645],[31.5159,3.6437],[31.516,3.6368],[31.5233,3.6321],[31.5267,3.6229],[31.531,3.6216],[31.5355,3.6102],[31.5367,3.6013],[31.5337,3.5951],[31.5378,3.586],[31.5367,3.5766],[31.5414,3.56],[31.5539,3.5595],[31.5616,3.5634],[31.5709,3.5599],[31.5754,3.5432],[31.6134,3.5524],[31.6866,3.5533],[31.701,3.5528],[31.7206,3.5435],[31.7418,3.5519],[31.748,3.5498],[31.757700087897565,3.535198769435915],[31.763518115027985,3.527079433657509],[31.759959763003955,3.527167458130223],[31.764660630635884,3.514724633514816]],[[31.58521192537164,3.556833073589169],[31.581217443394312,3.561000245030569],[31.581176215700907,3.566611537077343],[31.585729615142636,3.571670896143793],[31.593907641835788,3.572055441943672],[31.588887492965558,3.558518689323613],[31.58521192537164,3.556833073589169]],[[31.782806055844965,3.540254598626051],[31.775818600109663,3.542265766052938],[31.784422736954493,3.545631114437533],[31.784314099444913,3.542870570975055],[31.79559771506214,3.544317866806003],[31.790356707699512,3.540601446313147],[31.782806055844965,3.540254598626051]]]]},"properties":{"name":"Moyo District","id":"W0kQBddyGyh"}},
{"type":"Feature","geometry":{"type":"MultiPolygon","coordinates":[[[[32.196325407561375,0.134694870801819],[32.206495605695316,0.131950950629194],[32.20700594700737,0.128415504835971],[32.1928190993264,0.101892398694556],[32.1904947353514,0.082060218577715],[32.172588229803395,0.081358332493423],[32.156143705242236,0.064043887614529],[32.150078529932486,0.049217730253708],[32.15733324159962,0.039359445014962],[32.18143377950926,0.057466731196187],[32.191634950145115,0.057781381447053],[32.20264534529009,0.064309952014044],[32.2125599623359,0.057869456188071],[32.22061034315423,0.067906627590355],[32.22621894757371,0.06887115819572],[32.23003215671226,0.063378162671338],[32.235648958681686,0.061537848449745],[32.250679393627045,0.078744430683705],[32.25633586345665,0.089801108464991],[32.25423711448729,0.100885623600368],[32.2566001395143,0.113034059476883],[32.24764129413533,0.126626376971461],[32.252169826787615,0.140154474737053],[32.25683106194998,0.139387505188839],[32.265833705124855,0.146556768493071],[32.26404402139537,0.139603295831943],[32.27975077040838,0.140016818998464],[32.294556818022,0.155095447954578],[32.30333051016584,0.158549012529411],[32.32613820811503,0.157122234179408],[32.335161413161856,0.166564452708842],[32.348516474751214,0.193124811228998],[32.35995090467743,0.199924300997647],[32.36570565117723,0.19119717441993],[32.3726,0.1905],[32.3783,0.2022],[32.3851,0.2013],[32.3903,0.2059],[32.3964,0.2182],[32.4002,0.219],[32.4006,0.2262],[32.4107,0.2213],[32.4082,0.2363],[32.42,0.2584],[32.4269,0.2824],[32.4168,0.3158],[32.4225,0.3284],[32.4214,0.3356],[32.4025,0.3543],[32.3757,0.3633],[32.3556,0.3776],[32.3005,0.3913],[32.2845,0.4022],[32.2544,0.4059],[32.2594,0.3948],[32.262,0.3776],[32.2567,0.3358],[32.2681,0.3175],[32.2857,0.2946],[32.2946,0.2933],[32.3042,0.2869],[32.306,0.2791],[32.2982,0.2787],[32.2911,0.2642],[32.2876,0.2634],[32.2873,0.2544],[32.2803,0.2497],[32.2818,0.2468],[32.2503,0.2462],[32.2312,0.2529],[32.2228,0.249],[32.214,0.2231],[32.2169,0.2062],[32.2077,0.2011],[32.2107,0.1969],[32.2082,0.1915],[32.1969,0.1901],[32.2008,0.1851],[32.2079,0.1838],[32.2082,0.1685],[32.196325407561375,0.134694870801819]]],[[[31.96359957031537,-0.137382660752466],[31.96262952678816,-0.132028841178283],[31.951759915488587,-0.132188568783106],[31.96359957031537,-0.137382660752466]]],[[[32.09639617996111,-0.037863921343998],[32.10981548204392,-0.053413938185931],[32.130873346492535,-0.059388028008255],[32.15158966705538,-0.076267927799279],[32.15755601754828,-0.072054859401875],[32.16702031260336,-0.071264609688841],[32.17216635341554,-0.072207927765464],[32.17695765727084,-0.077651812147536],[32.18154301613399,-0.074489766425979],[32.186928325157794,-0.075361289197343],[32.19085715258276,-0.054870406674582],[32.19916636113739,-0.046983027017468],[32.203011748546395,-0.047315527677666],[32.20635432888466,-0.035888640559646],[32.20210661071661,-0.025944031926976],[32.18104254331687,-0.040200431036725],[32.1755565019863,-0.030938588016107],[32.16579371592741,-0.030156991509059],[32.1624625452142,-0.026141379989394],[32.142308888081104,-0.026868904239566],[32.136011883018625,-0.023167801028488],[32.13063560004163,-0.026015362590512],[32.12270432800689,-0.024524090212463],[32.11055169371689,-0.033830587076343],[32.10036114499228,-0.031962030031507],[32.10040569848618,-0.041367383481588],[32.09639617996111,-0.037863921343998]]],[[[32.19272880550912,-0.012271313330182],[32.19253253796337,-0.003252042758814],[32.20458510778598,0.001538459522938],[32.203230198338254,0.008338832328752],[32.19999527547657,0.012307379660542],[32.1912458580167,0.012840525667974],[32.185727680049375,0.02012836775903],[32.17356901178305,0.022095749486394],[32.137954834594424,-0.000152656022303],[32.13670468658251,-0.008498131793121],[32.144724141892524,-0.017005345801911],[32.17603342106605,-0.008929475777024],[32.17772159970923,-0.018173320716721],[32.181401284653525,-0.019978939266777],[32.19272880550912,-0.012271313330182]]],[[[32.24062187357666,0.059200951049422],[32.22892441024509,0.059842947882377],[32.23084215542107,0.052952233070874],[32.234176710459145,0.058453536099027],[32.236854526511344,0.058164650023176],[32.23662337339437,0.054924302884359],[32.237977924532764,0.055294481133349],[32.24062187357666,0.059200951049422]]],[[[32.01751081591192,0.087260362628853],[32.01090719677631,0.0822300060227],[32.00382879888223,0.06348141784436],[31.99848927717179,0.074989423071881],[31.98785420804121,0.076268393075673],[31.9618,0.0693],[31.934295334705244,0.053495334705383],[31.928,0.046372428804717],[31.926069539752575,0.044499151238372],[31.926492348042903,0.040564660924093],[31.922883441360504,0.037616137085238],[31.90391341159006,0.029447679995341],[31.89599335538969,0.028186019590493],[31.88781780298458,0.032802543283575],[31.887,0.0269],[31.881958018567666,0.021634562336157],[31.884354999871817,0.015444774556805],[31.89602969132946,0.01033024281345],[31.90474467548715,0.002519637427433],[31.873652161184186,0.001107938696864],[31.8891,-0.0168],[31.9154,-0.0174],[31.9021,-0.0395],[31.9179,-0.0892],[31.94544325639501,-0.127608124792103],[31.960643829629152,-0.12378264955701],[31.968890895396562,-0.109096065582845],[32.00152382305645,-0.08590340802385],[32.007488462331295,-0.084978333701775],[32.01223797372369,-0.089514722520869],[32.04049643057428,-0.087476444754593],[32.0538443066558,-0.09116871394745],[32.05535233504246,-0.096253213646226],[32.059964382756995,-0.098409279038772],[32.07210587612745,-0.097026130462883],[32.07782952426165,-0.092732484096233],[32.08048935673298,-0.088869710390411],[32.07419038982731,-0.080030216269069],[32.0697366300727,-0.080299660717072],[32.06925881663325,-0.075457718429713],[32.054904977682725,-0.060815063214931],[32.05161427975121,-0.062674537019503],[32.056666880655676,-0.066438504517857],[32.03257522854008,-0.07300459451289],[32.02646727383695,-0.046154382507888],[32.0315491523564,-0.042758946739033],[32.04225952054754,-0.04538215126505],[32.05494599450044,-0.039902659533761],[32.06665385762352,-0.040531498414068],[32.07145331351893,-0.036264613370965],[32.07506859167787,-0.037055197316843],[32.11156890590938,-0.006719361656032],[32.12353917142417,0.021794673073001],[32.1301731051106,0.027692169239051],[32.1337087571207,0.049832664751759],[32.14257807083511,0.061014990089454],[32.14482573240712,0.071404276521442],[32.15200717774746,0.07860965978231],[32.15472885248547,0.086681155100267],[32.15301133540375,0.130954363006688],[32.157691356839045,0.134589715102369],[32.1485,0.1428],[32.1325,0.1435],[32.1169,0.1313],[32.1027,0.1384],[32.0997,0.1462],[32.0846,0.1423],[32.0786,0.1292],[32.0569,0.1304],[32.0534,0.1263],[32.0535,0.1097],[32.0456,0.0999],[32.038,0.0941],[32.0298,0.0959],[32.01751081591192,0.087260362628853]]]]},"properties":{"name":"Mpigi District","id":"YMMexeHFUay"}},
{"type":"Feature","geometry":{"type":"Polygon","coordinates":[[[31.6546,0.8158],[31.629,0.8318],[31.6204,0.8276],[31.6174,0.8335],[31.5956,0.8398],[31.5861,0.8492],[31.5746,0.8546],[31.5433,0.8567],[31.5093,0.8648],[31.4708,0.8607],[31.4643,0.8642],[31.4494,0.865],[31.4401,0.8568],[31.4374,0.8503],[31.4376,0.837],[31.445,0.8253],[31.4348,0.8169],[31.4292,0.8185],[31.4215,0.8113],[31.4094,0.808],[31.4044,0.8013],[31.4087,0.7452],[31.4062,0.7422],[31.4022,0.7442],[31.3926,0.7331],[31.3828,0.7074],[31.3749,0.7034],[31.3696,0.7047],[31.2886,0.7398],[31.2868,0.7336],[31.2897,0.7145],[31.274,0.696],[31.2733,0.6823],[31.2625,0.6793],[31.2367,0.6419],[31.2156,0.6319],[31.2352,0.6145],[31.2554,0.6038],[31.2583,0.5822],[31.2568,0.5648],[31.2512,0.5544],[31.2507,0.5468],[31.2435,0.5445],[31.2413,0.5379],[31.2432,0.5326],[31.2487,0.5306],[31.2484,0.5275],[31.2407,0.521],[31.2182,0.5172],[31.2017,0.5072],[31.1691,0.5079],[31.1543,0.503],[31.1423,0.5082],[31.1417,0.5],[31.1453,0.4971],[31.1387,0.4741],[31.1416,0.453],[31.1178,0.4277],[31.1188,0.4222],[31.1138,0.4119],[31.1248,0.3843],[31.1233,0.3812],[31.1432,0.3536],[31.1388,0.3361],[31.1163,0.3172],[31.1152,0.3081],[31.1075,0.2953],[31.0787,0.2769],[31.063,0.2622],[31.0598,0.2545],[31.0232,0.228],[31.0281,0.2117],[31.0193,0.1975],[31.0267,0.1935],[31.0386,0.1978],[31.0801,0.2036],[31.1044,0.2156],[31.1113,0.2243],[31.1265,0.2318],[31.1582,0.2353],[31.1708,0.2305],[31.1917,0.1987],[31.2219,0.1819],[31.2336,0.1793],[31.2453,0.1667],[31.262,0.1621],[31.2779,0.1712],[31.2823,0.1796],[31.2949,0.1886],[31.2947,0.1986],[31.3023,0.2019],[31.3033,0.2074],[31.311,0.2104],[31.3131,0.2384],[31.318,0.2539],[31.3415,0.2833],[31.3485,0.2839],[31.3622,0.2926],[31.4061,0.2983],[31.437,0.3068],[31.4567,0.3063],[31.5,0.3172],[31.5202,0.3346],[31.5465,0.3476],[31.5703,0.3677],[31.6003,0.3973],[31.6157,0.4283],[31.6242,0.4362],[31.6293,0.4614],[31.6279,0.4682],[31.6177,0.4811],[31.6083,0.5382],[31.5721,0.5869],[31.5723,0.6001],[31.5778,0.62],[31.5716,0.6327],[31.5645,0.6319],[31.5633,0.637],[31.579,0.6449],[31.574,0.6483],[31.5778,0.6578],[31.5778,0.6859],[31.5817,0.6976],[31.6007,0.6948],[31.606,0.699],[31.6043,0.7111],[31.5916,0.7149],[31.5823,0.7223],[31.5822,0.7326],[31.5876,0.7458],[31.594,0.7504],[31.6053,0.7501],[31.6106,0.7576],[31.6193,0.7626],[31.636,0.7607],[31.6375,0.7745],[31.6567,0.7947],[31.6587,0.8051],[31.6546,0.8158]]]},"properties":{"name":"Mubende District","id":"lzWuB6bCQeV"}},
{"type":"Feature","geometry":{"type":"MultiPolygon","coordinates":[[[[32.88890539184324,0.188207045549982],[32.883325094967944,0.185065942998799],[32.881391025668655,0.176876291941637],[32.886964008736314,0.182161692300044],[32.88890539184324,0.188207045549982]]],[[[32.779713739707226,0.001526581462936],[32.80285698747773,-0.000036471765985],[32.80917350327172,0.016577130681832],[32.823160446903174,0.02856265644502],[32.82202811387484,0.033451431701614],[32.81514457878559,0.033921311282368],[32.806342646650855,0.043374834173241],[32.80696074302462,0.050653640720021],[32.794586908203776,0.049527643256881],[32.80060773961108,0.039478984855652],[32.79854643159648,0.032660316436011],[32.78951675568404,0.040310032268506],[32.777767222403625,0.041763638682688],[32.78022622599313,0.032644445107801],[32.775224012290124,0.033727275942116],[32.77362720054608,0.029686688863253],[32.77774003009739,0.017311196802972],[32.767697135969556,0.018899823277321],[32.76200155605757,0.015518128666738],[32.76654179630817,0.009357247352698],[32.779713739707226,0.001526581462936]]],[[[32.6570759281086,-0.103227279935963],[32.6662661746635,-0.0993642415172],[32.67148175684013,-0.101520487704112],[32.672411084185605,-0.095860506234079],[32.66122533177053,-0.091071907566111],[32.653464837385634,-0.091718562936989],[32.650951462967875,-0.084953536077378],[32.62807528989209,-0.084504216459095],[32.62751133414454,-0.089472352703602],[32.63756499921294,-0.095653482400399],[32.645719210144485,-0.094656403731989],[32.649519632674064,-0.100639855464193],[32.6570759281086,-0.103227279935963]]],[[[32.769302930739165,-0.129543043141514],[32.78711014139517,-0.122194146830323],[32.794313794089064,-0.126821025862404],[32.81373303149974,-0.11714512379482],[32.83431919724924,-0.096661233116641],[32.835785483123,-0.086581019761505],[32.833424803606576,-0.081990082783374],[32.8353457574684,-0.07076878272676],[32.82155988813607,-0.06229652906122],[32.810607272469156,-0.078971163208746],[32.81523261416339,-0.079977409798341],[32.81170386360033,-0.092851792120762],[32.80776010352128,-0.092636191459604],[32.805566540270185,-0.085790230080137],[32.80035623187536,-0.083023014329812],[32.79296775914337,-0.08325664968698],[32.79281415847292,-0.080193022502044],[32.80143074988135,-0.073356023720257],[32.79242046719879,-0.072170085496699],[32.79173555538899,-0.062035886267151],[32.78466221582085,-0.054471226466449],[32.78543876192254,-0.041614804609709],[32.771639471383764,-0.02337679937199],[32.77126313595068,-0.03281929119179],[32.781858663517376,-0.050679854116293],[32.78001747789597,-0.061047568219812],[32.76532431455772,-0.044911899472612],[32.7631804191854,-0.048505624219803],[32.76446799527667,-0.060310858946881],[32.76076208212628,-0.06747116307945],[32.75684670433686,-0.06675245408263],[32.75317147558918,-0.058451037527759],[32.74342180933122,-0.053231170370145],[32.74495732796726,-0.069510524304971],[32.756242564090925,-0.079267457607433],[32.74988362254751,-0.083894227729257],[32.74937496721254,-0.093686998787859],[32.73625385089356,-0.096184499160885],[32.73407690159707,-0.086679251513018],[32.73040160806596,-0.090937635256306],[32.732530285381706,-0.095914891277514],[32.72796698810624,-0.10084713992761],[32.725353342347624,-0.092420066928123],[32.7202559616759,-0.090147058011526],[32.718254226749075,-0.084594745499057],[32.71481652921184,-0.087873906372016],[32.713722018010486,-0.100874017181162],[32.708523233599664,-0.101934047588501],[32.702920091192446,-0.098708672458458],[32.69854946976109,-0.10161051820844],[32.70652898042073,-0.108438537690633],[32.71688077147703,-0.106929309160488],[32.71921360310284,-0.112032377868349],[32.72918404243098,-0.109705501246564],[32.739067942648525,-0.112975876564645],[32.75254278416487,-0.126074968260437],[32.768170509761305,-0.107450806619178],[32.786868442881286,-0.108762653635802],[32.78727338732084,-0.111413076842842],[32.77390927305491,-0.118007285476111],[32.76723628550654,-0.127988736887006],[32.769302930739165,-0.129543043141514]]],[[[32.96110896585051,0.506729886329484],[32.954908393812126,0.503355351012781],[32.9579976307402,0.51495443969385],[32.97283974062689,0.537240577543716],[32.97717315444433,0.55638893305173],[32.977220554324205,0.572732605464526],[32.969860903490876,0.569405142706534],[32.959001142636026,0.59026900199437],[32.950367421336125,0.600750794222611],[32.94539215852186,0.599335409521906],[32.94690808006885,0.610871297039256],[32.94358837808793,0.614335247556915],[32.925206303867995,0.617845936466454],[32.9341954751406,0.622255482592411],[32.93367558851509,0.624600705016354],[32.9226407875462,0.632584225084222],[32.918258417193,0.646953238000416],[32.909128602082006,0.653448188108168],[32.9070903679491,0.642381335683821],[32.897357834078385,0.662920186761655],[32.89091098311772,0.668702394000069],[32.88377365764893,0.667629560678408],[32.8843978964563,0.659845519406284],[32.89272967259769,0.648191389391399],[32.89586193732716,0.624739755235694],[32.902004163381264,0.609793468629405],[32.905434108259705,0.565118569235306],[32.909840507931136,0.554727398805473],[32.89288853645867,0.536301743756078],[32.88608728854107,0.518804165163341],[32.8835270282326,0.537204603967606],[32.8933083444064,0.55559495496891],[32.8873481757381,0.570369629255491],[32.887878481213185,0.581554065603825],[32.879171625316694,0.59255001015971],[32.88584098505086,0.605618956721622],[32.8801506186744,0.620375800442571],[32.86961789246395,0.62977510749157],[32.86433789455244,0.639832716624765],[32.8627099421255,0.655166392135129],[32.85599317091499,0.660948540666248],[32.85466567357176,0.667235225010658],[32.86007593068442,0.690686199271414],[32.85748036425322,0.706082882267857],[32.85018277189851,0.709438905281012],[32.8404910746253,0.74686230291219],[32.8376339896095,0.736742552436949],[32.832743885079104,0.731610594864964],[32.83322827341499,0.749072672911081],[32.83074500839485,0.754141869014454],[32.8224266995823,0.750056700115412],[32.820467615106736,0.752438026388811],[32.8170721955315,0.775231020037157],[32.80909231694019,0.789590907024053],[32.8115371876427,0.796301249346367],[32.80889704479652,0.803391057366148],[32.79100661055214,0.838063701874733],[32.78412876708353,0.844116205678604],[32.775469022713416,0.821847382432468],[32.76483811906423,0.8215954236362],[32.76054611395533,0.755418450357916],[32.76975439348283,0.721143256307447],[32.76698266235339,0.709345816656552],[32.761457179712515,0.702743606490756],[32.76638342841088,0.690079721765188],[32.76527032560307,0.668441815557317],[32.75582673470993,0.64381877984093],[32.740935708571556,0.621956023745235],[32.72548973066798,0.584985555051767],[32.709259842954715,0.576549140451497],[32.69347552303756,0.566715244153209],[32.673704361339134,0.538965265122473],[32.6639,0.5157],[32.6626,0.5033],[32.6643,0.4971],[32.6753,0.4896],[32.6774,0.4721],[32.6624,0.4593],[32.6659,0.4408],[32.6616,0.4295],[32.667,0.4065],[32.6746,0.3936],[32.6725,0.3866],[32.6834,0.3699],[32.6871,0.2898],[32.6737254754463,0.280725475452266],[32.669585254809306,0.270231365311735],[32.670262551001116,0.262527019517956],[32.66854485593137,0.266814903248558],[32.66434641641997,0.255078931605917],[32.66951182868936,0.253691175239409],[32.66520638743436,0.252825929483862],[32.66201911103582,0.245521259424349],[32.66017143344575,0.248441039160298],[32.64773652102595,0.244389006264074],[32.6486656161626,0.240534807402819],[32.65990223197955,0.232323672899828],[32.6492684191499,0.235173119427773],[32.64069386227809,0.230811333558996],[32.64465448301264,0.229266493718025],[32.64342091021326,0.224157234212449],[32.64945585915052,0.218322257102598],[32.656400059915306,0.21608028059162],[32.66033186283501,0.222179846604469],[32.663821637307144,0.215754891506755],[32.668938961842535,0.216457997100103],[32.66949200137218,0.225585746329143],[32.675218323851844,0.232313857604312],[32.68407084788814,0.228542801808838],[32.684159677870014,0.224547204242946],[32.676117891100105,0.203324776698642],[32.666773552462324,0.198509235131555],[32.6627782800255,0.191762944649544],[32.653454694944266,0.189247367856267],[32.65055875821466,0.174401512518853],[32.66076542927878,0.16807774037615],[32.663327002060015,0.161962190468599],[32.66864032556368,0.163260546171248],[32.66892356793519,0.17028680217751],[32.67324136965055,0.170105933047988],[32.67562236705705,0.164053560154619],[32.68037997249057,0.162700095592863],[32.68233056243179,0.167327048758808],[32.689077856031254,0.167019694861183],[32.69193386374778,0.171024107373899],[32.6944580789161,0.182830439502883],[32.702256571757864,0.180926562031005],[32.71204497451868,0.184127591370369],[32.71171613435818,0.199930071240326],[32.71612094246883,0.20417780926523],[32.727569759925494,0.201452819499659],[32.72816099431166,0.196690321504623],[32.73218566597476,0.194525275814823],[32.73101218089136,0.186678213966966],[32.7346330408503,0.182375611773105],[32.74227144809549,0.182771680774258],[32.74395566793679,0.178793754669464],[32.71496297520555,0.15554414048327],[32.71557390030337,0.146903223806464],[32.70865371632099,0.138317345639583],[32.698201142537776,0.136225759005284],[32.683326519837145,0.139772059070872],[32.67889483644308,0.129742644928798],[32.66886609446793,0.12588333512741],[32.661582106893476,0.130123246426834],[32.647733829423515,0.124018497125107],[32.64646703138606,0.121637385992043],[32.65073122924928,0.117091110630483],[32.65919455236912,0.124341942503126],[32.663999882036684,0.122717898529577],[32.66873282630758,0.115384527100796],[32.66592012877392,0.105309917522215],[32.656015622852074,0.092061248488848],[32.656218740113836,0.083709035106109],[32.66487364122604,0.087794043585687],[32.66713342521009,0.094982456418702],[32.67900213278019,0.103297201841504],[32.67691955182189,0.096325347642418],[32.67882959720333,0.083950250366324],[32.685639622158725,0.100635702456032],[32.6948883492412,0.091434804436817],[32.699660256023684,0.090848049963066],[32.70106547959129,0.098045525012965],[32.698389068153745,0.1064880814997],[32.702741964685075,0.10720921344416],[32.707903455681205,0.099722426832081],[32.71173458267981,0.098811096980091],[32.709033134733346,0.111610169642781],[32.71237754766568,0.114126313501475],[32.719594751887705,0.105710223456265],[32.72384317494049,0.107793239966821],[32.72298902193165,0.122278941269677],[32.731258175593304,0.120510154362462],[32.729750439561194,0.114449214121974],[32.73855517673442,0.108874089222734],[32.75205938907298,0.134262987648037],[32.76302219042934,0.116267580518577],[32.765701297979604,0.122094023751544],[32.776257619859614,0.116672129304277],[32.78340622620653,0.120793348548195],[32.78548080266536,0.113947141800014],[32.7814834539511,0.10738121332459],[32.7822057760003,0.105063144047884],[32.78590351448137,0.106091022170891],[32.78893733913429,0.11032982187895],[32.78791847648347,0.144144762811475],[32.799793621460196,0.13940820761498],[32.80285315518693,0.157844144603925],[32.80633354341177,0.158204512965432],[32.81002832813885,0.145008266091948],[32.8202535868909,0.139036163515659],[32.82641930052386,0.142580195783386],[32.830782299341486,0.150688564518776],[32.839514876022356,0.151778969326446],[32.84668549877726,0.145572587287177],[32.8464515981691,0.14021489930931],[32.858946565641396,0.136353201152873],[32.858180060333375,0.153166021187156],[32.8569199757744,0.149116221958076],[32.84811241805803,0.146645830728766],[32.84500600150685,0.159490260585658],[32.85242676735246,0.165478485767685],[32.84492886189979,0.183193990987361],[32.85007235793815,0.185646837906182],[32.85942742739429,0.168715768798242],[32.86669659835843,0.167957403090274],[32.87076337428027,0.170193807518609],[32.86996432994745,0.179619522655622],[32.87275608509207,0.18540980823831],[32.870000115642036,0.201167621349135],[32.89166336714166,0.193507547894049],[32.89156563668341,0.190143757790852],[32.8949,0.2017],[32.8951,0.2288],[32.8999,0.2402],[32.906,0.2447],[32.9028,0.2532],[32.908,0.268],[32.8873,0.2876],[32.8842,0.2969],[32.8754,0.3084],[32.8731,0.3243],[32.8784,0.3339],[32.8658,0.3431],[32.8645,0.373],[32.8802,0.3664],[32.8838,0.3697],[32.8918,0.3703],[32.8917,0.378],[32.9089,0.3834],[32.9089,0.3999],[32.9203,0.4024],[32.9233,0.3991],[32.9324,0.3988],[32.9474,0.4057],[32.9497,0.4111],[32.9738,0.4093],[32.9678,0.4252],[32.9499,0.4508],[32.9497,0.4648],[32.9537,0.469],[32.9561,0.493],[32.96110896585051,0.506729886329484]]]]},"properties":{"name":"Mukono District","id":"a0DfYpC2Rwl"}},
{"type":"Feature","geometry":{"type":"Polygon","coordinates":[[[34.3878,1.78895741940411],[34.4028773552565,1.79224231708114],[34.4195,1.808119180826506],[34.4188,1.8186],[34.4323,1.8659],[34.447,1.8703],[34.4613,1.8798],[34.4841,1.8826],[34.5014,1.8952],[34.507,1.8941],[34.5175,1.9029],[34.5245,1.9144],[34.534,1.9111],[34.5463,1.917],[34.5491,1.9134],[34.5865,1.9489],[34.5943,1.9467],[34.6046,1.9726],[34.6083,1.9771],[34.6148,1.9788],[34.6146,1.9827],[34.619,1.9866],[34.6278,1.9906],[34.6278,1.9953],[34.6323,1.9999],[34.637,1.9971],[34.6306,1.972],[34.638,1.9631],[34.6468,1.9685],[34.6498,1.9841],[34.6602,2.0091],[34.6751,2.0084],[34.684,2],[34.6923,2.008],[34.7008,1.9986],[34.721,1.9907],[34.7282,2.0049],[34.7332,2.0422],[34.7246,2.0642],[34.7261,2.0826],[34.7169,2.0959],[34.7075,2.1369],[34.6942,2.1481],[34.7298,2.129],[34.7549,2.1233],[34.7633,2.1243],[34.7896,2.1359],[34.7935,2.1465],[34.7878,2.1544],[34.7847,2.167],[34.7741,2.1808],[34.7625,2.1874],[34.7593,2.1936],[34.7382,2.2118],[34.7117,2.2215],[34.702,2.2506],[34.6859,2.2744],[34.6768,2.2825],[34.6767,2.2973],[34.6729,2.2967],[34.6662,2.3041],[34.6668,2.3118],[34.6605,2.3128],[34.6627,2.3139],[34.6598,2.3162],[34.6611,2.3223],[34.654,2.3244],[34.6427,2.3477],[34.6353,2.4333],[34.6223,2.4389],[34.6142,2.4365],[34.6107,2.4397],[34.6003,2.4368],[34.5914,2.4384],[34.5853,2.4198],[34.5117,2.1854],[34.5052,2.1568],[34.48,2.0919],[34.4388,2.0367],[34.3957,1.99],[34.309,1.9244],[34.2499,1.891],[34.2228,1.8801],[34.2223,1.6537],[34.2222,1.641117879720733],[34.2222,1.6402],[34.22220675625727,1.641112100489716],[34.22347664103732,1.640168224053713],[34.229,1.6401],[34.2291,1.6372],[34.2606,1.6365],[34.2614,1.6397],[34.2693,1.6404],[34.2754,1.6463],[34.2787,1.6448],[34.2849,1.651],[34.2913,1.65],[34.2985,1.6532],[34.305,1.662],[34.3125,1.6641],[34.3167,1.6706],[34.3167,1.6786],[34.327,1.6808],[34.3275,1.6997],[34.3342,1.7059],[34.3436,1.7364],[34.352,1.7383],[34.3616,1.7457],[34.3653,1.7544],[34.3739,1.7624],[34.38044948249735,1.784875776265269],[34.3803,1.785186132861948],[34.381304052091664,1.78603198266296],[34.3829,1.7879],[34.38530537702319,1.788237849204511],[34.38652886392236,1.788644319640328],[34.3878,1.78895741940411]],[[34.474081350328866,1.99631350973671],[34.46969918184123,1.974762546975829],[34.452351963020526,1.938297466257721],[34.46209829184064,1.944267278437294],[34.46970127061149,1.943648173548285],[34.46735579564307,1.936560962612103],[34.43771810237526,1.913750944118609],[34.44915329901514,1.930688028411404],[34.44823665733428,1.938244202476821],[34.45525893442728,1.955523456982244],[34.46725111164884,1.973219290590529],[34.474081350328866,1.99631350973671]],[[34.398923005806736,1.880360946099101],[34.40735205044442,1.891239436345859],[34.41871464087639,1.897578752663235],[34.437657967193985,1.894064265516932],[34.41359020366779,1.879943471359078],[34.398923005806736,1.880360946099101]],[[34.398923005806736,1.880360946099101],[34.379915613114505,1.848885194885747],[34.37028732255328,1.850864142555734],[34.37294163143896,1.868048529596396],[34.380571491117564,1.875205255853207],[34.398923005806736,1.880360946099101]]]},"properties":{"name":"Nabilatuk District","id":"mOXva2xiwQv"}},
{"type":"Feature","geometry":{"type":"Polygon","coordinates":[[[32.36776277008586,1.133273986439874],[32.34947173219475,1.175630384845697],[32.336342750095966,1.229110582865193],[32.328270738423306,1.230462439066141],[32.31817792739238,1.242307833969456],[32.26642337260524,1.264186755561729],[32.233739392003564,1.285060431792645],[32.238327221309206,1.246833711803951],[32.23712751884487,1.240254321038214],[32.22804708307357,1.240251671273799],[32.22333659117886,1.247697196460019],[32.227443261064856,1.249693154088395],[32.229417251300376,1.264102466157153],[32.224912354268994,1.290000780405272],[32.21692000740241,1.295153927738246],[32.21238045257104,1.304099408912954],[32.196937744813425,1.320440162326586],[32.16112385714819,1.349918031760756],[32.12805220807083,1.389716990305258],[32.090764750954214,1.415526952781521],[32.06473521699514,1.421758872446927],[32.05309694342732,1.429662577303038],[32.02818618435215,1.438501867158785],[32.00764968598789,1.449670302675029],[31.981386578076727,1.4568098510401],[31.97390870481422,1.464805181773849],[31.976528390355597,1.466453707244466],[31.9752,1.4662],[31.9621,1.4591],[31.9583,1.4596],[31.9578,1.4644],[31.9507,1.4572],[31.9322,1.4537],[31.9304,1.446],[31.9209,1.4515],[31.9185,1.4478],[31.9122,1.4481],[31.9133,1.4402],[31.9036,1.4362],[31.9013,1.4298],[31.8951,1.4316],[31.8903,1.4212],[31.8856,1.4247],[31.8781,1.4188],[31.8788,1.4145],[31.8723,1.4116],[31.8677,1.3948],[31.8629,1.3947],[31.8641,1.3887],[31.8597,1.3836],[31.853,1.3811],[31.837,1.3626],[31.8215,1.3591],[31.8235,1.3509],[31.8415,1.3291],[31.8602,1.2777],[31.8721,1.2709],[31.884,1.2521],[31.8931,1.2292],[31.9102,1.2054],[31.9056,1.1849],[31.8993,1.1741],[31.9038,1.1643],[31.9135,1.1573],[31.9141,1.1405],[31.9081,1.1277],[31.9085,1.1103],[31.9114,1.1063],[31.9178,1.1019],[31.9286,1.0832],[31.9598,1.0651],[32.0016,1.0207],[32.0025,1.0026],[31.9995,0.9916],[32.0057,0.9711],[32.0055,0.955],[32.0116,0.9355],[32.0209,0.9219],[32.0335,0.9142],[32.0642,0.904],[32.0974,0.9036],[32.1318,0.8962],[32.1554,0.8825],[32.1761,0.8625],[32.1937,0.8199],[32.2092,0.8079],[32.2121,0.7853],[32.2061,0.7776],[32.1991,0.743],[32.2015,0.7418],[32.1956,0.7349],[32.1939,0.7214],[32.1894,0.7149],[32.1893,0.6945],[32.1786,0.6839],[32.1717,0.6822],[32.1666,0.6755],[32.1717,0.6637],[32.1855,0.6473],[32.1895,0.6376],[32.197,0.6345],[32.2124,0.6203],[32.2184,0.6189],[32.2239,0.5999],[32.2345,0.5903],[32.2319,0.5794],[32.2595,0.5692],[32.2851,0.5361],[32.2944,0.5382],[32.3061,0.534],[32.3148,0.5469],[32.333,0.552],[32.3237,0.5602],[32.3197,0.5719],[32.3222,0.5822],[32.3321,0.5905],[32.3339,0.6115],[32.3437,0.6175],[32.3443,0.6298],[32.3775,0.6459],[32.3961,0.6617],[32.4114,0.6664],[32.4163,0.6665],[32.4274,0.656],[32.4479,0.6641],[32.451,0.6681],[32.4613,0.663],[32.4667,0.6698],[32.4595,0.678],[32.4666,0.6816],[32.4705,0.6897],[32.4893,0.6955],[32.4989,0.6929],[32.5005,0.699],[32.4917,0.7295],[32.4856,0.7292],[32.4857,0.7318],[32.4698,0.7426],[32.4625,0.7728],[32.4616,0.7956],[32.4519,0.8106],[32.4416,0.8178],[32.4163,0.8718],[32.399,0.8959],[32.3927,0.9271],[32.3604,0.9607],[32.3562,0.9854],[32.3477,1.0067],[32.3455,1.0338],[32.3504,1.0625],[32.359,1.088],[32.3588,1.1176],[32.3641,1.1308],[32.36776277008586,1.133273986439874]]]},"properties":{"name":"Nakaseke District","id":"aSbgVKaeCP0"}},
{"type":"Feature","geometry":{"type":"Polygon","coordinates":[[[32.76380876443423,1.073600000381815],[32.77152288777416,1.104692515882477],[32.77980011911541,1.122327574951815],[32.78366932466373,1.160157937620555],[32.779428497815445,1.173741143608937],[32.780548474131706,1.190881451060131],[32.768354274085574,1.217881530122388],[32.77512008906848,1.249688674474801],[32.7709462632437,1.261822016805303],[32.77249553085417,1.270375996231145],[32.755563343605,1.276061727466759],[32.74884916166174,1.273703437707717],[32.749518721617996,1.283539485929232],[32.74005254719381,1.289307239775057],[32.74371773187018,1.300950764105733],[32.73965646851624,1.305838363513293],[32.74235831002045,1.310434890941376],[32.74035326035124,1.326154426998089],[32.74315447707872,1.334257878423705],[32.737501022561176,1.359462688043995],[32.713935194474715,1.361081413047297],[32.692177670263774,1.368814014181776],[32.68672731068191,1.374041128960824],[32.64921607825781,1.383749065399654],[32.642374438540315,1.387708115447961],[32.63789636094168,1.399121450056033],[32.62783496816085,1.389686883766041],[32.60691152344653,1.39321747551379],[32.60467188746736,1.389405465888139],[32.59728879325296,1.388868456966692],[32.59041461903897,1.392171412427372],[32.59142937988492,1.39967016260112],[32.572696993827236,1.415524225697351],[32.56409726985393,1.417745914093634],[32.55817851091268,1.423251573327599],[32.554764798305776,1.435190385200769],[32.54217379548375,1.451284414895601],[32.5402912772748,1.453159579101033],[32.53731013663089,1.447899573642647],[32.52988022902259,1.454561396376042],[32.52946201329648,1.460996798692476],[32.524240541021534,1.467985019417336],[32.530349249015174,1.480675511522925],[32.52225491471706,1.48947559224214],[32.516257310451856,1.505938270152067],[32.511643098480306,1.51001909224573],[32.48978374346051,1.517094645170268],[32.47235439551527,1.5359367521037],[32.430986111882675,1.555299510017012],[32.40914917163197,1.547705499668777],[32.39985312749631,1.561775655164714],[32.389941215077535,1.564968258737889],[32.388073085139894,1.570724822089713],[32.38199913884981,1.569079631086322],[32.36748747044456,1.546450902940866],[32.372262577952064,1.558755842847891],[32.37186196908726,1.566367672244778],[32.3689152271246,1.567772976958054],[32.35762785053072,1.561888053955738],[32.35132354127116,1.576045546301925],[32.329654300358825,1.588253843627637],[32.31962643278553,1.598600424952978],[32.28670436667848,1.638195203196519],[32.281995423499104,1.650855253412544],[32.276149798403885,1.649432253036901],[32.26990339501838,1.660057332768647],[32.25616756250745,1.663219294944493],[32.2480120054792,1.65923009147548],[32.23848524856414,1.667078164291685],[32.20307333693115,1.668752058120554],[32.201381081018354,1.672808091592878],[32.18883964726488,1.668730090512232],[32.1863908996664,1.671322807300642],[32.17933076099157,1.672151825053109],[32.177140359616764,1.669754217945272],[32.15774212316308,1.668705067555172],[32.15224973150431,1.67128871858378],[32.15040929890561,1.67123224112945],[32.142354689981275,1.669697137030116],[32.13619992087246,1.660751970790161],[32.12364875785432,1.650964387711486],[32.10785646258592,1.643213545560149],[32.093672413753254,1.646575862126632],[32.0905,1.6409],[32.0834,1.6388],[32.0844,1.6337],[32.0913,1.6181],[32.0909,1.615],[32.0842,1.6111],[32.0908,1.6052],[32.0898,1.5911],[32.0811,1.5857],[32.0744,1.5873],[32.0728,1.5755],[32.0638,1.5789],[32.0628,1.5716],[32.057,1.5718],[32.0549,1.5607],[32.0499,1.5579],[32.046,1.5426],[32.0399,1.5422],[32.0376,1.5452],[32.0296,1.541],[32.0231,1.5429],[32.0168,1.5381],[32.0129,1.5399],[32.0088,1.5347],[32.0009,1.5429],[32.0009,1.5352],[31.9974,1.5326],[31.9995,1.5269],[31.9953,1.527],[31.993,1.531],[31.988,1.5275],[31.9894,1.5228],[31.987,1.5188],[31.9899,1.5161],[31.9856,1.5139],[31.9874,1.5067],[31.9718,1.504],[31.976,1.4963],[31.9684,1.4863],[31.9752,1.4662],[31.976528390355597,1.466453707244466],[31.978368139396427,1.471274984902943],[32.006257349766024,1.463136469562264],[32.019037239757196,1.46528686086088],[32.03875945253435,1.455263195705741],[32.05924371917334,1.452492211531841],[32.0614533880972,1.449944698405397],[32.09416429950107,1.449875844061993],[32.09942161684891,1.443726019434595],[32.08727820201723,1.433168868254797],[32.11257056222005,1.415404849516256],[32.13002223443969,1.411323747581633],[32.16953470721417,1.367777498954442],[32.194313292910515,1.350291746273574],[32.20282744239734,1.351332077984718],[32.215579415764644,1.33102819323806],[32.236034620471486,1.333733326311969],[32.23803902533678,1.323651388917459],[32.232630340296375,1.312511269510507],[32.24544323171341,1.296212592131169],[32.27597110098211,1.287211206112336],[32.28796599651477,1.271853253621077],[32.31252846263184,1.265301443054176],[32.33073027130063,1.254460431637073],[32.33970186340908,1.243666942804593],[32.349793315839456,1.23723811904109],[32.35316333400881,1.20914303126362],[32.36023161786152,1.182741337681288],[32.36965053726745,1.172926679744924],[32.38042234542741,1.129261876477491],[32.39892323279315,1.109970704418347],[32.39980376427723,1.104405983607708],[32.39678262783436,1.103595767125217],[32.4053,1.0845],[32.4265,1.0695],[32.4344,1.0506],[32.4655,1.0254],[32.5005,0.9763],[32.5419,0.9589],[32.5662,0.9613],[32.5826,0.9752],[32.5842,0.9863],[32.5815,0.9897],[32.5768,0.9888],[32.5671,0.9786],[32.564,0.9796],[32.5619,1.0091],[32.5555,1.0208],[32.5559,1.0283],[32.5767,1.0451],[32.5769,1.0529],[32.5707,1.0603],[32.5691,1.0689],[32.5746,1.0849],[32.5983,1.1139],[32.6119,1.1198],[32.6143,1.1345],[32.6226,1.1432],[32.6323,1.1416],[32.6503,1.1252],[32.6579,1.0983],[32.6713,1.0836],[32.6833,1.0817],[32.6996,1.0702],[32.7157,1.069],[32.7347,1.0737],[32.76380876443423,1.073600000381815]]]},"properties":{"name":"Nakasongola District","id":"aUcYGQCK9ub"}},
{"type":"Feature","geometry":{"type":"MultiPolygon","coordinates":[[[[33.985266732675996,-0.128014707119997],[33.98306949594641,-0.134762804872777],[33.985756204480985,-0.136318460228917],[33.9878,-0.1312],[33.985266732675996,-0.128014707119997]]],[[[33.74931807416339,0.30791726919922],[33.73849117092261,0.309150188948521],[33.73104880984529,0.307782371968759],[33.7242971483951,0.301975010849177],[33.72394894620488,0.293534571123376],[33.71548986542573,0.297551810098905],[33.712105431578564,0.288351630325816],[33.70099863485375,0.290188790132256],[33.702857686757795,0.281531052772437],[33.69645428771716,0.27841939588858],[33.69593392313496,0.273443774965116],[33.68753079440892,0.274882680706692],[33.69126650784155,0.269662547254319],[33.68517733494607,0.261213312918111],[33.69657233778232,0.260516091075357],[33.69861982339563,0.266332963088909],[33.70922657405818,0.27105468571828],[33.7225557407124,0.259845170571406],[33.733364863459926,0.259093678563192],[33.73994619238035,0.251729399698385],[33.73441098087291,0.245487585701649],[33.72500694670752,0.243904950333814],[33.72601485025689,0.239671095780715],[33.71875506128166,0.225848283253951],[33.72419181101353,0.217570386469691],[33.70535381104218,0.210795364852345],[33.70398569898892,0.198492017126901],[33.71625354098191,0.187997429663535],[33.72396816716782,0.189824519658774],[33.729436446104664,0.195840260398934],[33.73645605482719,0.191470462771596],[33.745735463904644,0.196020469170899],[33.753791332337144,0.18054150265909],[33.758069455232565,0.185851628236875],[33.75784003060692,0.192310850569193],[33.765284700971435,0.199629134839073],[33.76947494781905,0.198923311657592],[33.77737316363005,0.188881352460754],[33.78537413689107,0.20316534588215],[33.78267910049353,0.20705545651757],[33.77667248795978,0.205933990918048],[33.771275751396075,0.21544211283299],[33.786425842560625,0.221203924667874],[33.79381393157164,0.220262699077542],[33.786008747320025,0.235063116320533],[33.78773281591404,0.242915338270743],[33.79119472900888,0.244091172340196],[33.7987136630415,0.233207873011905],[33.803468838072945,0.231959195060722],[33.80725462675124,0.220071997662774],[33.815320787543214,0.213051557150443],[33.804506908617356,0.203888111386898],[33.817860241588164,0.186635978366076],[33.80793315064804,0.175409848845696],[33.81303207555126,0.161803847057982],[33.806648781266425,0.148279720058761],[33.809793705245006,0.144570579072829],[33.82344892527912,0.146967373354838],[33.83468065993573,0.174829700885969],[33.82940595835913,0.198459024460651],[33.82254018822941,0.209315018419019],[33.830063270865935,0.20286456701903],[33.8385820216644,0.206147945162276],[33.83807975631756,0.191402440429411],[33.84819212002214,0.190361613748145],[33.876822368628055,0.164261751477262],[33.88327810090574,0.165536983784792],[33.88784369643705,0.172068148932324],[33.896625499931844,0.171543055976453],[33.89879903133546,0.174112071911386],[33.90041786299934,0.18006438594064],[33.89623968511583,0.194339494377169],[33.89966239325232,0.199640378429866],[33.91142867190951,0.201503235053793],[33.92159045270892,0.193840583637243],[33.92800286423443,0.194726750652786],[33.91996868812629,0.216012757829652],[33.92035811995341,0.219983988381312],[33.92789101768717,0.222018895263049],[33.9293562695316,0.227615595708426],[33.9233,0.2345],[33.92,0.2469],[33.9132,0.2533],[33.894,0.305],[33.8829,0.3134],[33.8857,0.3258],[33.8795,0.3382],[33.8813,0.3431],[33.9061,0.3629],[33.9111,0.3743],[33.9263,0.3929],[33.9341,0.4239],[33.9219,0.441],[33.9119,0.4474],[33.9129,0.4596],[33.9099,0.4651],[33.9124,0.4707],[33.9016,0.4818],[33.8914,0.4894],[33.8768,0.4701],[33.8696,0.4487],[33.8581,0.4348],[33.8504,0.4317],[33.8398,0.4086],[33.828,0.3994],[33.8249,0.3886],[33.8143,0.3733],[33.8106,0.3524],[33.8012,0.3346],[33.7849,0.3316],[33.7677,0.3137],[33.74931807416339,0.30791726919922]]],[[[33.82063215400211,0.076505230742595],[33.83132674004823,0.092607534966591],[33.83594529977951,0.086320216488719],[33.844856409554545,0.08720655791294],[33.847831371107155,0.091982945578532],[33.8694440760763,0.080828377528747],[33.883033860226085,0.082592097540725],[33.89360288820453,0.090941507620604],[33.87835969694447,0.086129282914443],[33.87788360354036,0.092389295054402],[33.87156101636908,0.091539103352048],[33.87193007493032,0.094904302590049],[33.87640163788868,0.096894363360872],[33.87537566334453,0.099979161456297],[33.866418015178,0.099499948245749],[33.860986599128644,0.09548354082632],[33.842034760905584,0.105425929892171],[33.83591024694219,0.100251587218982],[33.83743089633195,0.113712502797993],[33.828523512186585,0.106430440878931],[33.82314324768991,0.106322029429633],[33.824274604812906,0.115920198487319],[33.81407694997637,0.121113125605308],[33.802230762411526,0.138726861803151],[33.79548453894908,0.13681829323993],[33.79403678944522,0.122108832377523],[33.785364859387805,0.123248942502283],[33.77660488297853,0.129310340417301],[33.768474705665646,0.124534040666201],[33.75882819908251,0.099900662913451],[33.76683461166876,0.096517085655803],[33.76742808326235,0.088963247646879],[33.79296088283892,0.082702566816654],[33.804518036293224,0.091721609023975],[33.808175227106595,0.089215671220496],[33.8078756952033,0.080006434401799],[33.82063215400211,0.076505230742595]]],[[[33.674406676191026,0.009543175061093],[33.67751299984334,0.015721852281041],[33.675260904618185,0.027223301133504],[33.659,0.017869187612017],[33.6591,0.0077],[33.674406676191026,0.009543175061093]]],[[[33.885190655276524,-0.145371305242235],[33.88911679445113,-0.144176908028832],[33.88854943820121,-0.140658092915],[33.885190655276524,-0.145371305242235]]],[[[33.87264741016819,-0.151667991422986],[33.87739963653822,-0.149207219318558],[33.87464025661806,-0.143996971548316],[33.86817380582118,-0.141455643266835],[33.86484255998123,-0.147208917041828],[33.87264741016819,-0.151667991422986]]],[[[33.710228228078385,-0.089106319447962],[33.70716768179733,-0.105109283542758],[33.691252217576256,-0.106123291187716],[33.67944521670949,-0.114645379108207],[33.667009502488966,-0.113840941576269],[33.662986114969,-0.120797808663743],[33.667989205357195,-0.122724348490366],[33.6650364526472,-0.135163210579509],[33.679573629176346,-0.129019973428629],[33.6876252456997,-0.130774383095756],[33.68976443236243,-0.147663718661904],[33.69912239598313,-0.149273301343455],[33.71612065995664,-0.164488003756994],[33.717440695260784,-0.136381303668282],[33.72081031761649,-0.131233832572579],[33.73043819884117,-0.127569547942058],[33.732153284490764,-0.123127774534229],[33.717724598664816,-0.104122679118432],[33.71599898001542,-0.090037724319287],[33.710228228078385,-0.089106319447962]]],[[[33.90455676243651,-0.165560046997872],[33.91406632717513,-0.164329048304393],[33.91534548550416,-0.160529747398342],[33.90577798200872,-0.159544567292384],[33.90235691121792,-0.164465701069543],[33.90455676243651,-0.165560046997872]]],[[[33.89071745208391,-0.17243594048437],[33.89524094893125,-0.167306530836704],[33.88880477133099,-0.163308821525674],[33.88591096841337,-0.166782700229884],[33.89071745208391,-0.17243594048437]]],[[[33.94070874876787,-0.178311637464119],[33.940892138305394,-0.173255149332421],[33.936901190342134,-0.168506431144985],[33.93585019228316,-0.174974159337326],[33.94070874876787,-0.178311637464119]]],[[[33.910260229926074,-0.195908107541249],[33.90957768863043,-0.19229886638019],[33.902707637505195,-0.19329459626771],[33.90246963089048,-0.195438412987941],[33.910260229926074,-0.195908107541249]]]]},"properties":{"name":"Namayingo District","id":"Ut0ysYGEipO"}},
{"type":"Feature","geometry":{"type":"Polygon","coordinates":[[[34.3107,0.7467],[34.3147,0.7611],[34.3191,0.7646],[34.3348,0.7656],[34.346,0.772],[34.3548,0.7712],[34.3593,0.7757],[34.3617,0.7739],[34.3732,0.7833],[34.3725,0.7879],[34.3769,0.7936],[34.3797,0.7952],[34.3814,0.79],[34.3839,0.7902],[34.3857,0.8008],[34.3921,0.803],[34.3954,0.7996],[34.4141,0.8076],[34.411,0.8134],[34.4143,0.8171],[34.4064,0.8261],[34.4161,0.8325],[34.415,0.8398],[34.4214,0.8431],[34.4213,0.8473],[34.4408,0.8539],[34.4469,0.8607],[34.4471,0.8742],[34.4524,0.8884],[34.4512,0.8976],[34.4652,0.9092],[34.4784,0.9334],[34.4373,0.9512],[34.4273,0.9603],[34.397,0.9738],[34.3707,0.9746],[34.3617,0.9719],[34.3563,0.9806],[34.3522,0.9769],[34.353,0.9705],[34.3479,0.9597],[34.3261,0.9555],[34.3114,0.9622],[34.3075,0.9611],[34.3056,0.9553],[34.3061,0.9442],[34.3123,0.9403],[34.3073,0.9362],[34.3063,0.9244],[34.3025,0.9246],[34.3056,0.9218],[34.3041,0.9123],[34.3145,0.9027],[34.3198,0.8907],[34.3243,0.8899],[34.3229,0.8773],[34.3178,0.8667],[34.321,0.8672],[34.3192,0.86],[34.3245,0.8534],[34.3248,0.8421],[34.3167,0.8281],[34.3041,0.8206],[34.3026,0.8084],[34.294,0.7964],[34.2857,0.7576],[34.3004,0.7547],[34.3068,0.7466],[34.3107,0.7467]]]},"properties":{"name":"Namisindwa District","id":"TGzZPOmbgn8"}},
{"type":"Feature","geometry":{"type":"MultiPolygon","coordinates":[[[[33.78811845241394,0.68677805560425],[33.81545527789912,0.692799446726105],[33.81892599751689,0.697530095796422],[33.818573239086305,0.706992661419225],[33.82658109110563,0.708818596463299],[33.828856199314686,0.714227902598734],[33.82571418237717,0.722985342470325],[33.82067645144907,0.721746909873953],[33.811472246887675,0.726353182827474],[33.80405442252863,0.723305879793485],[33.80518836009157,0.732496819749826],[33.81192240047282,0.743369350787006],[33.81176979789986,0.753456097583003],[33.80354349356036,0.755556398084298],[33.79497817394695,0.746647258918608],[33.788407115281736,0.745870456525426],[33.79598264625593,0.760216704988793],[33.793976327176374,0.772167401923145],[33.78899133872522,0.780282987266425],[33.7897139806344,0.791039058172167],[33.78164428230284,0.799146214403498],[33.7837274853342,0.801877840989068],[33.78183838648721,0.81264347774514],[33.77418544995578,0.8120931271533],[33.76410641084585,0.804423637557923],[33.76342000766755,0.807255317478296],[33.76740930616116,0.817621826300632],[33.7740291814157,0.823184122637769],[33.774849289165225,0.832167099274982],[33.780175081080955,0.83479855968657],[33.77578817624432,0.84521190837435],[33.782131550074546,0.852393505443171],[33.782483104432316,0.860417629736511],[33.77645643026005,0.864064591392311],[33.75982193792493,0.851610956361781],[33.75760279718529,0.854850042209436],[33.76207428125882,0.868563627175792],[33.77077970110388,0.870642538020218],[33.780986891217765,0.880057774753102],[33.7778503797054,0.893221023570012],[33.78435059381563,0.894974641986937],[33.78673570331299,0.901107609487169],[33.78319253789861,0.908779759563372],[33.78621986315433,0.92342527324186],[33.7739163511893,0.914598646024426],[33.772838495984686,0.9251832404994],[33.76200796561451,0.92541176057473],[33.75158222841786,0.914133005200261],[33.748811473098186,0.914531634423955],[33.74810427378895,0.922510808523382],[33.75478824077757,0.934767395148225],[33.75269762403286,0.945352256163578],[33.740129127808146,0.935141443518879],[33.73979383273028,0.945997351130116],[33.73305975519883,0.952078067016091],[33.723911042197784,0.948153804719412],[33.71753685494456,0.937290203478071],[33.71057210759194,0.939091904057671],[33.71670612632011,0.95386370331088],[33.713786591585254,0.957591505862359],[33.70619046631609,0.954001590432922],[33.71417998588319,0.972020719713921],[33.7062345461427,0.977070402084311],[33.70582427554714,0.984054461273776],[33.7015478592159,0.98353971281476],[33.684436816009615,0.96608327770314],[33.690771038462834,0.987187765355303],[33.68045904958804,0.986981832601214],[33.688642548678914,0.999993430222657],[33.68397792339533,1.010148131203451],[33.680398434236714,1.011791418763326],[33.666222039125046,1.007680689470228],[33.6664638580559,1.017301207314367],[33.67403884367508,1.018158207746858],[33.6765392555507,1.024456976294238],[33.681348863623484,1.025170917905869],[33.68252510683742,1.038347377335176],[33.678616317725336,1.044743071635774],[33.66302571706847,1.03983690486141],[33.663149472237,1.051380999860016],[33.65642562946402,1.051590221051661],[33.65346580767225,1.056630135673953],[33.6484931131359,1.049940018946747],[33.64307452792776,1.057463767244228],[33.63848428777702,1.058583686799253],[33.63594317968407,1.051107661842887],[33.63131689063971,1.048945307104748],[33.632723722348096,1.044625773758592],[33.62733769877183,1.04101297151921],[33.61937272055564,1.042848502522544],[33.62149088669963,1.033596085814646],[33.61903390316272,1.027885805929987],[33.610982205489364,1.028544105325272],[33.600509277691394,1.024129240972713],[33.58738715426507,1.009460548616046],[33.582417133493806,0.987850968572024],[33.58878518166676,0.983344529557502],[33.587427915647226,0.979318940392155],[33.577332535351026,0.975584367060944],[33.57526750777858,0.968175370320459],[33.58388387025251,0.958873761673217],[33.57622582770217,0.948127435834687],[33.57656919508079,0.935407537800373],[33.5842277118622,0.928992070060647],[33.58612838788113,0.9211119785229],[33.59349744432619,0.913882356138673],[33.601160559134556,0.911945060484468],[33.61988447749203,0.914447815857589],[33.6283902503453,0.910112937323888],[33.64866229740018,0.891283126001465],[33.653781689848856,0.872157492104895],[33.65164326964987,0.871985978010607],[33.644714002034554,0.887565623761331],[33.63587812479021,0.895736361647884],[33.624927961007785,0.897439046635363],[33.622104498369694,0.905454955654377],[33.600471184957094,0.904201123265319],[33.591295533293646,0.906998102314439],[33.570517796472075,0.928342952515243],[33.56573783671165,0.929935970433612],[33.54726002534624,0.888368509353286],[33.54950086874247,0.874200770689235],[33.547878403317966,0.840872314025498],[33.56626311419967,0.809829930293235],[33.567276646621735,0.801244525300981],[33.5918,0.8011],[33.6068,0.7899],[33.6303,0.7865],[33.6429,0.7679],[33.6436,0.758],[33.6386,0.7429],[33.6402,0.7317],[33.6472,0.7336],[33.6751,0.7271],[33.6942,0.712],[33.7224,0.7007],[33.7412,0.7075],[33.7508,0.7174],[33.7575,0.7199],[33.7759,0.6968],[33.78811845241394,0.68677805560425]]],[[[33.8025,0.6846],[33.80526799428428,0.685007058173346],[33.80129331011769,0.687247383165132],[33.794660917091285,0.684159951822846],[33.8025,0.6846]]]]},"properties":{"name":"Namutumba District","id":"esIUe2tQAtL"}},
{"type":"Feature","geometry":{"type":"Polygon","coordinates":[[[33.9965,2.4002],[33.99367867795317,2.39482969251325],[33.97844661890375,2.386379466257288],[33.95470516418782,2.381575910259348],[33.91037566883952,2.379885349449847],[33.887342380197104,2.356582784627677],[33.8607,2.348],[33.85748875514548,2.346413494171945],[33.85267500323874,2.341142046107308],[33.88663784636772,2.320232549536668],[33.895418542473045,2.338442795905403],[33.9156407644188,2.353444628009911],[33.9561868520267,2.354604259985365],[33.972010043281585,2.344828821112983],[33.97627682728811,2.34917321122076],[33.995196296957154,2.346067824760234],[34.0154689303089,2.352995778387856],[34.02609106360812,2.347461601718598],[34.069735636401745,2.371020707730409],[34.042861402495454,2.352681755430791],[34.01725128894566,2.32502959310023],[33.99582481747556,2.328726310054102],[33.988689808435446,2.324969999107474],[33.98354419745834,2.328123822416314],[33.971363916940795,2.323894046232856],[33.951288308698345,2.325197959656859],[33.9401035770298,2.33306246011744],[33.9302042220768,2.333363918823116],[33.91819672506819,2.317434215825683],[33.90569397128609,2.30821894215244],[33.9088,2.3059],[34.212,2.1187],[34.2231,1.9836],[34.2228,1.8801],[34.2499,1.891],[34.309,1.9244],[34.3957,1.99],[34.4388,2.0367],[34.48,2.0919],[34.5052,2.1568],[34.5117,2.1854],[34.5853,2.4198],[34.5797,2.4191],[34.5802,2.4306],[34.573,2.4398],[34.5714,2.4558],[34.5741,2.4622],[34.5502,2.4971],[34.5046,2.5611],[34.4946,2.5648],[34.4848,2.564],[34.4813,2.5698],[34.4764,2.5713],[34.3637,2.732],[34.3624,2.7794],[34.36,2.7898],[34.3532,2.7984],[34.3534,2.8113],[34.3496,2.8161],[34.3489,2.8265],[34.3354,2.8432],[34.3334,2.8556],[34.3157,2.8662],[34.3126,2.8774],[34.3069,2.8811],[34.3047,2.8872],[34.3,2.8886],[34.2941,2.8995],[34.285,2.9037],[34.2813,2.91],[34.2609,2.7271],[34.1486,2.7596],[34.1031,2.7554],[34.0708,2.7412],[34.0477,2.7257],[33.9865,2.669],[33.9826,2.6561],[33.9866,2.651],[33.9867,2.6442],[33.9658,2.6167],[33.9864,2.5708],[34.0112,2.5453],[34.0128,2.5398],[34.0154,2.5399],[34.0145,2.534],[34.0175,2.5331],[34.018,2.5362],[34.0235,2.5281],[34.0266,2.5299],[34.0294,2.5271],[34.033,2.5222],[34.0322,2.5109],[34.0361,2.5061],[34.0348,2.4874],[34.0374,2.4711],[34.0352,2.4713],[34.0373,2.469],[34.0351,2.4672],[34.0373,2.4669],[34.0335,2.4655],[34.0328,2.4499],[34.0277,2.4399],[34.0302,2.4311],[34.0276,2.429],[34.022,2.4333],[34.018,2.4325],[34.0075,2.4226],[34.0067,2.4177],[34.0033,2.418],[34.0068,2.4137],[34.0067,2.4088],[34.0035,2.4075],[34.0046,2.402],[34.0028,2.3995],[33.9965,2.4002]],[[34.069735636401745,2.371020707730409],[34.106342155123095,2.396068065953974],[34.1180815953863,2.424781098252665],[34.15006524731576,2.438197482464481],[34.16209789066545,2.438864075236453],[34.170637597470886,2.452198948878765],[34.18820242240379,2.459576986298032],[34.209146147305034,2.482718111647905],[34.22062619034123,2.489818636335346],[34.230835459062305,2.490242406403903],[34.21809100393059,2.461235106253136],[34.20539883504522,2.460303463711104],[34.169486138229104,2.449854130023481],[34.166071195014084,2.433092281215693],[34.13745289051738,2.426574508509634],[34.11461971444544,2.410852868820809],[34.11008430180794,2.403717756039695],[34.1093576968875,2.394120558488722],[34.069735636401745,2.371020707730409]]]},"properties":{"name":"Napak District","id":"EDhGji3EteB"}},
{"type":"Feature","geometry":{"type":"Polygon","coordinates":[[[31.2594,2.1893],[31.2673,2.221],[31.2644,2.2377],[31.2569,2.2496],[31.2647,2.2495],[31.2714,2.2543],[31.2748,2.2696],[31.2866,2.2762],[31.2892,2.2978],[31.283,2.2973],[31.2846,2.2995],[31.2805,2.2996],[31.2806,2.304],[31.2944,2.344],[31.2895,2.3941],[31.2916,2.4109],[31.2895,2.4493],[31.2839,2.4522],[31.275,2.4464],[31.2657,2.4481],[31.2504,2.4446],[31.2503,2.4471],[31.2638,2.4624],[31.282,2.4697],[31.2899,2.4807],[31.3038,2.485],[31.3087,2.4975],[31.2987,2.5421],[31.2933,2.5419],[31.2911,2.5383],[31.2842,2.5403],[31.2779,2.5601],[31.2787,2.5707],[31.2916,2.5902],[31.2946,2.59],[31.2967,2.6418],[31.292,2.6754],[31.2896,2.6737],[31.2869,2.6763],[31.2778,2.668],[31.2743,2.6698],[31.2673,2.6554],[31.2586,2.652],[31.2555,2.6475],[31.2475,2.6461],[31.2446,2.64],[31.2374,2.6378],[31.2339,2.6297],[31.2336,2.6175],[31.222,2.6157],[31.2215,2.6012],[31.2088,2.5851],[31.2048,2.5848],[31.1982,2.5771],[31.1925,2.5808],[31.186,2.5686],[31.1766,2.5679],[31.1736,2.5641],[31.1642,2.566],[31.154,2.5578],[31.1526,2.553],[31.1356,2.5482],[31.1257,2.5408],[31.1017,2.5477],[31.0662,2.5497],[31.0205,2.5752],[31.0143,2.5761],[31.0137,2.5699],[31.0063,2.5683],[31.0033,2.5576],[30.9961,2.5515],[30.9941,2.553],[30.9962,2.5479],[30.9911,2.5201],[31.0219,2.5222],[31.0395,2.5001],[31.0455,2.4974],[31.0565,2.5004],[31.07,2.4991],[31.0755,2.4945],[31.0718,2.4938],[31.071,2.4884],[31.0654,2.488],[31.0605,2.4813],[31.0514,2.4781],[31.0346,2.4336],[31.0291,2.4063],[31.0194,2.3955],[31.0158,2.3859],[31.0214,2.3852],[31.0219,2.3821],[31.0273,2.3841],[31.0285,2.3778],[31.0371,2.37],[31.0739,2.3432],[31.0692,2.336],[31.0701,2.3306],[31.0737,2.3213],[31.0857,2.3082],[31.0789,2.3016],[31.07,2.3025],[31.076,2.2993],[31.0765,2.2956],[31.0835,2.2951],[31.0886,2.2862],[31.0957,2.2857],[31.0979,2.2792],[31.1135,2.2702],[31.1195,2.2711],[31.1256,2.2637],[31.1335,2.2627],[31.1338,2.2685],[31.1362,2.2678],[31.1418,2.2807],[31.1647,2.2753],[31.1728,2.2782],[31.1756,2.2824],[31.1853,2.2832],[31.2037,2.2916],[31.2038,2.2182],[31.2483,2.1975],[31.2594,2.1893]]]},"properties":{"name":"Nebbi District","id":"Xjc0LDFa5gW"}},
{"type":"Feature","geometry":{"type":"Polygon","coordinates":[[[33.5985856331229,1.390300000179281],[33.594453354298054,1.379030949577841],[33.58745735214115,1.37957917962641],[33.5816643797552,1.37639557546986],[33.58217900203733,1.369470412623705],[33.587043646596,1.367173879840798],[33.581671096627254,1.350546057888226],[33.574046868880515,1.343057125911884],[33.567749204533484,1.34340323343093],[33.566934867337494,1.337244519235485],[33.5704113321472,1.332681004913413],[33.58067928364215,1.328044085753122],[33.59002647524022,1.330806498282178],[33.584841302520275,1.319566537595745],[33.585606795176815,1.311201075186822],[33.6293,1.3166],[33.6511,1.3117],[33.6742,1.3154],[33.68325649297469,1.323461428352008],[33.67655365277859,1.324889979494123],[33.67546303287434,1.344738024479572],[33.67860362650075,1.347529728088973],[33.68142249863715,1.336762609795496],[33.688187791354856,1.353868693757113],[33.67634346655466,1.359362220728247],[33.67852794518685,1.366248629508152],[33.70165373114241,1.363363436506994],[33.71439940873351,1.35717040733016],[33.7297372150505,1.364632574598419],[33.73652274526942,1.374834674117414],[33.74513676096199,1.366277395084345],[33.745220237608336,1.358560119112522],[33.7694,1.3661],[33.7983,1.3553],[33.8058,1.3611],[33.808,1.3655],[33.8039,1.3771],[33.7906,1.3933],[33.7896,1.3982],[33.8024,1.4169],[33.8105,1.4421],[33.8278,1.4568],[33.844,1.4895],[33.8515,1.4936],[33.8656,1.5207],[33.887,1.5819],[33.8991,1.5978],[33.89785038707707,1.618896905055699],[33.89636723837715,1.614255837059692],[33.88930570645726,1.614352810572443],[33.87198383513699,1.624406999121134],[33.87255585194359,1.654420578671573],[33.85059374821268,1.658941419042605],[33.849762759278406,1.666770731167903],[33.84199158128557,1.671392485302098],[33.82736250998517,1.666876727373028],[33.82242197667804,1.681700000032902],[33.8118,1.6789],[33.8071,1.6761],[33.8024,1.6705],[33.7986,1.6639],[33.7976,1.6638],[33.7959,1.6651],[33.7952,1.6658],[33.7922,1.668],[33.7829,1.6709],[33.7805,1.6709],[33.7739,1.6703],[33.7702,1.6706],[33.7627,1.6724],[33.756,1.6728],[33.7504,1.6727],[33.7447,1.6713],[33.7434,1.6702],[33.7411,1.6664],[33.7385,1.661],[33.7379,1.6592],[33.7354,1.6514],[33.731,1.6415],[33.7274,1.6335],[33.724,1.6291],[33.7149,1.6174],[33.713,1.6154],[33.7122,1.6132],[33.7121,1.6093],[33.7122,1.607],[33.7129,1.6048],[33.7139,1.6026],[33.7186,1.5978],[33.7234,1.5947],[33.7232,1.5911],[33.7208,1.5899],[33.7193,1.5893],[33.7161,1.5859],[33.7155,1.5813],[33.7127219041519,1.573084920174596],[33.712602218046435,1.565585947721754],[33.72860708830358,1.560305449033063],[33.72920094090676,1.557025034042211],[33.72178030923002,1.540574234967796],[33.71044800614302,1.53144755481739],[33.70031875561719,1.494505844139941],[33.691605066062785,1.488783732812164],[33.676,1.4592],[33.67336807247525,1.423159342127264],[33.676840111518416,1.422537210144255],[33.67804392894839,1.41823970958777],[33.670886513900115,1.414084451032813],[33.663,1.4061],[33.649,1.4087],[33.6457,1.4046],[33.6395,1.4052],[33.6332,1.4016],[33.6255,1.3878],[33.5985856331229,1.390300000179281]],[[33.7074832290881,1.473790022643116],[33.70091116774137,1.475697830662435],[33.69793670504518,1.485785706461082],[33.7043002410745,1.494107927767625],[33.71245441327129,1.497410099468814],[33.7141443937921,1.504430795746227],[33.72024667705402,1.493490671045102],[33.71206369261161,1.484371604655494],[33.711661398738414,1.47545240064667],[33.7074832290881,1.473790022643116]],[[33.724364855013654,1.598117692777169],[33.71657232088906,1.602059924848743],[33.7158605941015,1.607286809421498],[33.721186806213815,1.608612501031509],[33.717188169878625,1.615121483396836],[33.729579738679156,1.607229341717598],[33.724364855013654,1.598117692777169]],[[33.71246448096212,1.42961919958165],[33.706686709941806,1.428971339883899],[33.704470939721894,1.425208369033993],[33.70556471020353,1.412037924968094],[33.69429734103534,1.412281638853509],[33.68929283375446,1.408489219746984],[33.68513737472401,1.414839192780265],[33.68830818349391,1.414847012238453],[33.69708689707975,1.428019594226565],[33.692844932122746,1.424976141063853],[33.689979594686775,1.428273643265763],[33.68708300752965,1.42663679861319],[33.68265022267279,1.435634698628754],[33.68673281207591,1.439198395449471],[33.684479490206996,1.448880359943796],[33.69189710180801,1.458246969466678],[33.69358012720395,1.466872369975407],[33.69742267308448,1.460591993219942],[33.711757345535545,1.457276997982261],[33.70633957782467,1.456494207387715],[33.70502675519768,1.451466143562587],[33.715956704409805,1.451425088521809],[33.72090469426729,1.443039629885221],[33.721893283110624,1.435301135066531],[33.71880859904346,1.428638769856933],[33.71577818831898,1.426639586751085],[33.71246448096212,1.42961919958165]]]},"properties":{"name":"Ngora District","id":"aj4hsYK3dVm"}},
{"type":"Feature","geometry":{"type":"Polygon","coordinates":[[[30.551,1.037122136052708],[30.53988974881654,1.058873065467807],[30.512385756553755,1.038614995001431],[30.50269575641053,1.037856244664348],[30.504101609078003,1.063327708284807],[30.511531446894793,1.075575818929264],[30.512094771977175,1.085764593457556],[30.495458904011365,1.137036824511841],[30.494255549667308,1.170750222506403],[30.484482899218225,1.185245669775786],[30.486397164251528,1.196400104371841],[30.509113491389233,1.208192711992631],[30.50409518370067,1.219134997141269],[30.49237581882772,1.229353345414496],[30.4762,1.2099],[30.4705,1.211],[30.4535,1.1991],[30.4433,1.2018],[30.422,1.1905],[30.4137,1.198],[30.4075,1.1965],[30.4,1.1895],[30.3961,1.191],[30.3907,1.1877],[30.3845,1.1928],[30.3774,1.1928],[30.3704,1.2001],[30.3607,1.2024],[30.342,1.1769],[30.3371,1.1515],[30.3279,1.1517],[30.3235,1.1571],[30.3141,1.1525],[30.3092,1.1676],[30.3002,1.1644],[30.2948,1.172],[30.2902,1.1731],[30.283,1.1657],[30.2747,1.1666],[30.2734,1.1629],[30.2691,1.1619],[30.269,1.1533],[30.2645,1.1516],[30.2617,1.1458],[30.2478,1.1428],[30.2362,1.1322],[30.2346,1.1256],[30.24,1.1145],[30.2406,1.0976],[30.2383,1.0913],[30.2322,1.088],[30.2324,1.0845],[30.2287,1.0853],[30.2276,1.078],[30.2307,1.0737],[30.2259,1.0716],[30.2298,1.0683],[30.2251,1.0654],[30.2285,1.0564],[30.2228,1.0543],[30.2218,1.0452],[30.2292,1.043],[30.2211,1.0359],[30.2231,1.0331],[30.2271,1.0373],[30.2273,1.029],[30.2263,1.0268],[30.2235,1.0286],[30.2246,1.0233],[30.2202,1.0157],[30.225,1.0168],[30.2276,1.0113],[30.2232,1.0034],[30.2314,1.001],[30.2248,0.9992],[30.2239,0.9937],[30.2279,0.9908],[30.2258,0.987],[30.2219,0.9907],[30.2202,0.985],[30.2155,0.9879],[30.2157,0.9836],[30.2107,0.9811],[30.2146,0.9747],[30.2066,0.974],[30.2016,0.977],[30.2021,0.9674],[30.1991,0.9639],[30.1953,0.97],[30.1912,0.9702],[30.1944,0.9639],[30.1853,0.9615],[30.1918,0.9593],[30.1914,0.9555],[30.1857,0.9575],[30.1886,0.9486],[30.182,0.9535],[30.1801,0.9515],[30.1834,0.9446],[30.1746,0.9459],[30.1775,0.9434],[30.1709,0.9251],[30.1772,0.9222],[30.1689,0.9205],[30.1735,0.9161],[30.1732,0.9111],[30.1686,0.9139],[30.1707,0.9073],[30.1685,0.9062],[30.1623,0.9103],[30.1652,0.9047],[30.1634,0.9003],[30.1598,0.9026],[30.1589,0.8987],[30.149,0.8972],[30.1537,0.8949],[30.1525,0.8906],[30.1563,0.8858],[30.1832,0.8869],[30.1971,0.8763],[30.1952,0.8721],[30.2032,0.8554],[30.1989,0.8471],[30.2056,0.8428],[30.2064,0.8389],[30.1986,0.8209],[30.1919,0.8161],[30.1933,0.8117],[30.1877,0.8011],[30.1969,0.7935],[30.1917,0.7801],[30.1939,0.7712],[30.1869,0.7711],[30.1745,0.7621],[30.1751,0.7543],[30.1667,0.7439],[30.1682,0.7398],[30.1644,0.7326],[30.1665,0.7316],[30.1666,0.7317],[30.1667,0.7318],[30.1673,0.7325],[30.1677,0.7325],[30.1685,0.7321],[30.1707,0.7321],[30.1714,0.7317],[30.1718,0.7315],[30.1723,0.7311],[30.1728,0.7305],[30.1736,0.7294],[30.1743,0.7283],[30.1759,0.7263],[30.1763,0.7258],[30.1788,0.724],[30.1797,0.7228],[30.18,0.7225],[30.1809,0.722],[30.1819,0.7214],[30.1829,0.7212],[30.1841,0.7205],[30.1842,0.7203],[30.1846,0.7201],[30.1854,0.72],[30.1858,0.7202],[30.1862,0.7198],[30.1863,0.7196],[30.1862,0.7194],[30.1858,0.7182],[30.1861,0.7174],[30.1865,0.7167],[30.1871,0.7165],[30.1883,0.717],[30.1885,0.7172],[30.189,0.7174],[30.1901,0.7201],[30.1903,0.721],[30.1909,0.7225],[30.1912,0.7238],[30.1911,0.724],[30.1912,0.7245],[30.1913,0.7246],[30.1918,0.7255],[30.1919,0.7268],[30.1923,0.7273],[30.1924,0.7276],[30.1925,0.7281],[30.1927,0.7283],[30.1931,0.7288],[30.1932,0.729],[30.1932,0.7294],[30.1934,0.7299],[30.1935,0.7301],[30.1944,0.7309],[30.1953,0.7316],[30.202,0.7375],[30.2025,0.7383],[30.2032,0.7391],[30.2033,0.7392],[30.2049,0.7413],[30.2101,0.746],[30.212,0.7485],[30.2165,0.7516],[30.2185,0.7528],[30.2202,0.7519],[30.224,0.7508],[30.2256,0.7501],[30.231,0.7497],[30.2326,0.7495],[30.2358,0.7493],[30.2419,0.749],[30.2442,0.7473],[30.244,0.7468],[30.2431,0.7453],[30.2428,0.7444],[30.2432,0.7427],[30.2446,0.7407],[30.2475,0.7376],[30.2481,0.7366],[30.258,0.7463],[30.2596,0.7485],[30.2622,0.7519],[30.2654,0.7556],[30.2687,0.76],[30.2698,0.7611],[30.2755,0.764],[30.28,0.7661],[30.2814,0.7668],[30.2847,0.7685],[30.2959,0.7735],[30.2995,0.7769],[30.3015,0.7794],[30.3009,0.7802],[30.3008,0.7808],[30.3005,0.7839],[30.3004,0.784],[30.3001,0.7846],[30.2996,0.7851],[30.2995,0.7853],[30.2984,0.7854],[30.2981,0.7854],[30.2972,0.7864],[30.2967,0.7885],[30.2951,0.79],[30.2943,0.7909],[30.2936,0.7917],[30.2935,0.795],[30.2935,0.7955],[30.2941,0.796],[30.2948,0.7965],[30.295,0.7978],[30.2952,0.7981],[30.2961,0.7988],[30.2959,0.802],[30.2955,0.8023],[30.2962,0.8044],[30.2963,0.8051],[30.2975,0.8105],[30.2992,0.8117],[30.3035,0.8135],[30.3043,0.814],[30.3052,0.8139],[30.3062,0.8145],[30.3078,0.8135],[30.3092,0.8137],[30.3102,0.8141],[30.3106,0.8146],[30.312,0.816],[30.3135,0.8169],[30.3149,0.8178],[30.3156,0.8184],[30.3152,0.8193],[30.3153,0.8197],[30.3164,0.8204],[30.3167,0.8204],[30.3186,0.8211],[30.3212,0.8218],[30.3227,0.8225],[30.3233,0.8227],[30.3243,0.8233],[30.3254,0.8241],[30.3257,0.8245],[30.3268,0.8245],[30.3269,0.8248],[30.3274,0.8256],[30.328,0.8255],[30.329,0.8259],[30.3309,0.827],[30.3319,0.8272],[30.3323,0.8275],[30.333,0.8273],[30.3339,0.8277],[30.3344,0.8276],[30.3347,0.8278],[30.3348,0.828],[30.3349,0.8283],[30.3354,0.8292],[30.3353,0.8302],[30.3354,0.8319],[30.3352,0.833],[30.3348,0.8339],[30.3344,0.8345],[30.3352,0.8353],[30.3358,0.8356],[30.3373,0.8357],[30.3387,0.8355],[30.3396,0.8363],[30.3406,0.8373],[30.3418,0.8383],[30.3419,0.8386],[30.3416,0.8397],[30.3419,0.8403],[30.3421,0.8412],[30.3419,0.8427],[30.3408,0.8431],[30.3406,0.8434],[30.3407,0.8441],[30.3412,0.8443],[30.3412,0.8448],[30.3416,0.8449],[30.3418,0.8453],[30.3418,0.8459],[30.3414,0.8463],[30.3411,0.8468],[30.3414,0.847],[30.3409,0.8479],[30.3415,0.8488],[30.3407,0.8499],[30.3408,0.8503],[30.341,0.8509],[30.3414,0.8513],[30.341,0.8516],[30.3394,0.8531],[30.3391,0.8532],[30.3397,0.8551],[30.3397,0.856],[30.3403,0.8565],[30.3406,0.8568],[30.3409,0.857],[30.342,0.8583],[30.3431,0.8582],[30.344,0.8593],[30.3442,0.8605],[30.3437,0.8609],[30.3431,0.8614],[30.3435,0.8617],[30.3437,0.8624],[30.3434,0.8641],[30.3433,0.8642],[30.3427,0.8647],[30.3427,0.8653],[30.342,0.8663],[30.3414,0.8669],[30.3416,0.8673],[30.3419,0.8675],[30.3426,0.8689],[30.3431,0.8698],[30.343,0.8703],[30.343,0.8707],[30.3425,0.8709],[30.3422,0.8711],[30.3418,0.8718],[30.3415,0.873],[30.3417,0.8739],[30.3416,0.8749],[30.3422,0.8758],[30.342,0.8769],[30.3424,0.8779],[30.3431,0.8807],[30.3434,0.8808],[30.3437,0.8813],[30.3451,0.8826],[30.3451,0.8837],[30.3458,0.8842],[30.346,0.8851],[30.3458,0.8859],[30.3459,0.8866],[30.3463,0.8869],[30.3461,0.8872],[30.3457,0.8874],[30.3463,0.8878],[30.346,0.8885],[30.3456,0.8886],[30.3455,0.8895],[30.346,0.89],[30.3457,0.8905],[30.3461,0.8915],[30.346,0.8919],[30.3455,0.8927],[30.3459,0.8933],[30.3458,0.8947],[30.3467,0.8952],[30.3458,0.8972],[30.3456,0.8979],[30.3462,0.8993],[30.3476,0.8983],[30.3492,0.8957],[30.3506,0.8934],[30.3518,0.8915],[30.3556,0.8867],[30.3589,0.8822],[30.36,0.8806],[30.3615,0.8764],[30.3623,0.8766],[30.363,0.8778],[30.3631,0.8803],[30.3652,0.8827],[30.366,0.884],[30.3677,0.8853],[30.3693,0.8863],[30.371,0.8876],[30.3725,0.889],[30.3737,0.8899],[30.3764,0.8911],[30.3783,0.8911],[30.3801,0.8902],[30.3813,0.8902],[30.3822,0.8912],[30.3835,0.8921],[30.3856,0.8924],[30.3895,0.8929],[30.3912,0.8934],[30.3928,0.8939],[30.395,0.8947],[30.3977,0.8955],[30.4005,0.8972],[30.4018,0.8989],[30.4049,0.9005],[30.4098,0.9023],[30.4116,0.9029],[30.4149,0.9038],[30.4187,0.9058],[30.4234,0.9078],[30.4257,0.9085],[30.4301,0.9092],[30.4322,0.9095],[30.4348,0.91],[30.437,0.9103],[30.4392,0.9104],[30.4402,0.9109],[30.4403,0.911],[30.4434,0.9135],[30.4454,0.9137],[30.4464,0.9138],[30.4502,0.9138],[30.4522,0.9143],[30.4529,0.9144],[30.4562,0.9137],[30.4592,0.9137],[30.4597,0.9139],[30.4603,0.914],[30.462,0.9145],[30.4659,0.9162],[30.4689,0.9176],[30.4728,0.919],[30.4763,0.9201],[30.4775,0.9197],[30.4791,0.9199],[30.4803,0.9197],[30.4824,0.9219],[30.4844,0.9231],[30.4861,0.9248],[30.487,0.9258],[30.4877,0.9267],[30.4879,0.9272],[30.4885,0.9285],[30.4893,0.9292],[30.4899,0.9299],[30.4918,0.932],[30.4938,0.9345],[30.4955,0.9369],[30.4983,0.9395],[30.4993,0.94],[30.5005,0.9407],[30.5023,0.942],[30.5054,0.9434],[30.5109,0.9483],[30.5174,0.953],[30.5235,0.9586],[30.524,0.959],[30.5296,0.9646],[30.5314,0.9666],[30.5331,0.9671],[30.5339,0.9673],[30.5349,0.9678],[30.5359,0.968],[30.5368,0.969],[30.5373,0.97],[30.5387,0.9706],[30.5401,0.9715],[30.5417,0.9733],[30.5428,0.9755],[30.5435,0.9759],[30.5462,0.977],[30.5459,0.9815],[30.5531,0.9853],[30.5391,0.9964],[30.5383,1.0092],[30.551,1.037122136052708]]]},"properties":{"name":"Ntoroko District","id":"z8D9ER36EKN"}},
{"type":"Feature","geometry":{"type":"Polygon","coordinates":[[[30.049596168989723,-0.82859521123796],[30.049221741821924,-0.826165574613745],[30.049747619903165,-0.828796826550492],[30.0525,-0.8508],[30.0482,-0.8552],[30.0529,-0.8604],[30.0512,-0.8653],[30.0538,-0.8672],[30.0497,-0.878],[30.0529,-0.8833],[30.0382,-0.8965],[30.0307,-0.8924],[30.0303,-0.896],[30.0249,-0.8947],[30.0236,-0.9019],[30.02,-0.9044],[30.0222,-0.9069],[30.0368,-0.9071],[30.0399,-0.9147],[30.0449,-0.9168],[30.0474,-0.9258],[30.0759,-0.9494],[30.0692,-0.9662],[30.07,-1.0004],[30.0583,-1.0119],[30.0444,-1.0194],[30.0505,-1.0318],[30.0499,-1.0418],[30.0457,-1.045],[30.0465,-1.0608],[30.0709,-1.0737],[30.0749,-1.0874],[30.0838,-1.1003],[30.0826,-1.1161],[30.0849,-1.1224],[30.105,-1.1361],[30.1102,-1.144],[30.1124,-1.1556],[30.1365,-1.1561],[30.1405,-1.1601],[30.1506,-1.1565],[30.1546,-1.1615],[30.1701,-1.1601],[30.1931,-1.1522],[30.1871,-1.1732],[30.1904,-1.1889],[30.1997,-1.1946],[30.2157,-1.1932],[30.2207,-1.1853],[30.2284,-1.182],[30.2572,-1.1567],[30.299,-1.1559],[30.3073,-1.1449],[30.3367,-1.1312],[30.3448,-1.1318],[30.3384,-1.1055],[30.341,-1.0928],[30.3488,-1.087],[30.3513,-1.0764],[30.3488,-1.0727],[30.3526,-1.0688],[30.3521,-1.063],[30.3545,-1.065],[30.3587,-1.0604],[30.3614,-1.065],[30.3657,-1.067],[30.3693,-1.065],[30.3727,-1.0696],[30.3749,-1.0681],[30.3723,-1.0657],[30.3766,-1.0611],[30.3862,-1.0678],[30.391,-1.0665],[30.3913,-1.0689],[30.4025,-1.0612],[30.4283,-1.0646],[30.4388,-1.0487],[30.4446,-1.0505],[30.4476,-1.0475],[30.4781,-1.0575],[30.4908,-1.0289],[30.5047,-1.0152],[30.5071,-1.0048],[30.5017,-0.99],[30.5062,-0.9779],[30.5301,-0.9542],[30.5325,-0.9426],[30.5396,-0.9325],[30.5431,-0.9302],[30.5632,-0.9306],[30.5714,-0.903],[30.5812,-0.9028],[30.5971,-0.8951],[30.601,-0.8882],[30.5987,-0.8767],[30.6029,-0.8673],[30.603,-0.8621],[30.5884,-0.8614],[30.5808,-0.8578],[30.5678,-0.8584],[30.5707,-0.8444],[30.5937,-0.8272],[30.5928,-0.8197],[30.5708,-0.8203],[30.5658,-0.8261],[30.5557,-0.8289],[30.5486,-0.8261],[30.5182,-0.8282],[30.5099,-0.8435],[30.5006,-0.846],[30.4743,-0.8411],[30.4634,-0.832],[30.4436,-0.833],[30.4361,-0.8284],[30.4303,-0.8163],[30.4214,-0.8133],[30.41,-0.8114],[30.4003,-0.8149],[30.3604,-0.7868],[30.3519,-0.7662],[30.3442,-0.7568],[30.335,-0.7517],[30.3383,-0.748],[30.3237,-0.7301],[30.3234,-0.7203],[30.3141,-0.7172],[30.3112,-0.7358],[30.3028,-0.7294],[30.2962,-0.7299],[30.2865,-0.7361],[30.2761,-0.732],[30.2735,-0.7365],[30.2559,-0.7396],[30.2449,-0.7501],[30.2337,-0.7509],[30.2235,-0.7576],[30.1999,-0.7635],[30.1921,-0.7535],[30.1925,-0.7472],[30.1892,-0.7432],[30.1685,-0.7332],[30.1394,-0.7328],[30.1379,-0.7466],[30.1221,-0.7619],[30.1084,-0.7645],[30.1025,-0.7608],[30.0993,-0.7623],[30.0937,-0.7541],[30.078,-0.7536],[30.0672,-0.7674],[30.0643,-0.7804],[30.0573,-0.777],[30.053,-0.7787],[30.0521,-0.7845],[30.0572,-0.7941],[30.0569,-0.7998],[30.053,-0.7997],[30.054533792507467,-0.803600000000274],[30.054555068022673,-0.803600000000303],[30.058,-0.8121],[30.0525,-0.8202],[30.0477,-0.8207],[30.0465,-0.8243],[30.049596168989723,-0.82859521123796]],[[30.341663836982505,-1.063661801377444],[30.344033039894654,-1.06580955723771],[30.34031693599825,-1.075200149451025],[30.341663836982505,-1.063661801377444]]]},"properties":{"name":"Ntungamo District","id":"hAoe9dhZh9V"}},
{"type":"Feature","geometry":{"type":"MultiPolygon","coordinates":[[[[31.60630417995818,3.329449840560579],[31.595409128790617,3.315539673645164],[31.59638172230254,3.311839789309015],[31.6055,3.322],[31.60630417995818,3.329449840560579]]],[[[31.53440324469896,3.153155289567142],[31.557319463944363,3.195981442590132],[31.566517769929845,3.221199993523073],[31.563503061665045,3.234468064397019],[31.558053492461458,3.208540300028803],[31.55404202561907,3.215397987983103],[31.55636862706998,3.228719378373748],[31.54537049567404,3.205495308787494],[31.5428680575023,3.191696649324322],[31.539615357637366,3.190126255248351],[31.564439706328123,3.265506765458482],[31.565613109959813,3.295325982202662],[31.579524007659355,3.313536784635384],[31.588185602600625,3.338366112140265],[31.57336116881722,3.328220198122324],[31.575343727439236,3.332944720236778],[31.60549653944327,3.359370934713688],[31.616369232320352,3.361018403632932],[31.62614450581456,3.366567439152463],[31.633572795661994,3.379284779513571],[31.641801408738065,3.38391356678526],[31.654517235304077,3.404713370553238],[31.646225547707356,3.42267815580517],[31.6478725213792,3.438729902340887],[31.65820629608409,3.451815555404317],[31.677264724363305,3.46272808283715],[31.704625976763335,3.505590837050806],[31.741392757843503,3.499649583326373],[31.764660630635884,3.514724633514816],[31.759959763003955,3.527167458130223],[31.75414836072221,3.532956766652457],[31.754499484572854,3.536285172600793],[31.757700087897565,3.535198769435915],[31.748,3.5498],[31.7418,3.5519],[31.7206,3.5435],[31.701,3.5528],[31.6866,3.5533],[31.6134,3.5524],[31.5754,3.5432],[31.5709,3.5599],[31.5616,3.5634],[31.5539,3.5595],[31.5414,3.56],[31.5367,3.5766],[31.4531,3.4466],[31.4439,3.3893],[31.4272,3.2661],[31.4397,3.2413],[31.471,3.2037],[31.4784,3.1891],[31.4902,3.1738],[31.517079633687175,3.162553547087974],[31.526560529367778,3.165207613135635],[31.52257815462455,3.159538653469525],[31.53440324469896,3.153155289567142]],[[31.564902016165313,3.406820300285285],[31.57083363924076,3.414850777679735],[31.572540222940663,3.403604053313413],[31.584405081094516,3.391189189163892],[31.595228841872398,3.393750427532352],[31.607196536953328,3.391590391742202],[31.60944567764662,3.371027955211702],[31.59695646168391,3.368150268334326],[31.579581570966763,3.373981684021045],[31.57760362763327,3.384234916531751],[31.56551053134844,3.40003809108311],[31.564902016165313,3.406820300285285]]]]},"properties":{"name":"Obongi District","id":"uTMUclQ5bi6"}},
{"type":"Feature","geometry":{"type":"Polygon","coordinates":[[[32.3302,2.7437],[32.3126,2.7433],[32.3008,2.7366],[32.2831,2.7376],[32.2804,2.7476],[32.2722,2.7566],[32.2538,2.7575],[32.2462,2.7606],[32.2473,2.7657],[32.244,2.7663],[32.2405,2.767],[32.2361,2.768],[32.2304,2.7649],[32.226,2.7624],[32.2237,2.7611],[32.2219,2.7607],[32.2205,2.7596],[32.2186,2.7583],[32.2172,2.758],[32.2149,2.7574],[32.2121,2.7562],[32.2109,2.7561],[32.2086,2.7561],[32.2065,2.756],[32.2049,2.7563],[32.2032,2.7558],[32.2024,2.7561],[32.2012,2.7566],[32.1988,2.7576],[32.1985,2.7578],[32.1979,2.7584],[32.1962,2.7599],[32.1952,2.7604],[32.1936,2.7613],[32.192,2.7617],[32.1914,2.7618],[32.1893,2.7622],[32.1883,2.7626],[32.1863,2.7605],[32.1818,2.7549],[32.1804,2.7527],[32.1798,2.7515],[32.1796,2.7511],[32.1786,2.747],[32.1783,2.7467],[32.1762,2.7452],[32.1755,2.7447],[32.1741,2.7431],[32.1742,2.7415],[32.1747,2.74],[32.1743,2.738],[32.1742,2.7376],[32.1741,2.7374],[32.1736,2.7377],[32.1733,2.7371],[32.1732,2.7364],[32.1728,2.7357],[32.1728,2.7348],[32.1727,2.7345],[32.1724,2.7339],[32.1726,2.7334],[32.1722,2.7319],[32.1711,2.7312],[32.1708,2.7297],[32.1717,2.7287],[32.1712,2.7269],[32.1715,2.7259],[32.172,2.7242],[32.1723,2.7224],[32.1722,2.7223],[32.1714,2.722],[32.1713,2.722],[32.1708,2.7222],[32.1702,2.7216],[32.1686,2.7197],[32.1684,2.7198],[32.1675,2.7192],[32.1666,2.7186],[32.1657,2.7183],[32.1652,2.7183],[32.1649,2.7182],[32.1632,2.7178],[32.1627,2.7182],[32.1625,2.7185],[32.1618,2.7181],[32.1613,2.7183],[32.161,2.7186],[32.1551,2.7173],[32.1548,2.7172],[32.1544,2.7172],[32.1538,2.7174],[32.1533,2.7166],[32.1521,2.7165],[32.1512,2.7162],[32.1506,2.7164],[32.1496,2.7153],[32.1502,2.714],[32.1491,2.7131],[32.1482,2.7137],[32.1469,2.7129],[32.1466,2.7128],[32.1464,2.7128],[32.1462,2.7128],[32.1453,2.7115],[32.1438,2.7113],[32.1433,2.7111],[32.1425,2.7108],[32.1424,2.7108],[32.1419,2.7109],[32.141,2.7104],[32.1402,2.7102],[32.1398,2.7101],[32.1395,2.709],[32.1387,2.7086],[32.1384,2.7081],[32.1377,2.7081],[32.1376,2.7071],[32.1378,2.7068],[32.1373,2.7064],[32.1367,2.7065],[32.1366,2.7057],[32.1355,2.7051],[32.1354,2.7051],[32.1351,2.7054],[32.1349,2.7055],[32.1347,2.7052],[32.1348,2.7047],[32.1337,2.7046],[32.1334,2.7045],[32.1323,2.7034],[32.1322,2.7031],[32.1326,2.7023],[32.1314,2.7015],[32.1319,2.701],[32.1319,2.7004],[32.1307,2.7001],[32.1305,2.7],[32.1304,2.6998],[32.1286,2.6982],[32.1288,2.6974],[32.129,2.6965],[32.1286,2.696],[32.1281,2.6962],[32.1268,2.6949],[32.1264,2.6936],[32.1258,2.6931],[32.1254,2.6921],[32.1266,2.6924],[32.1281,2.6938],[32.1282,2.6941],[32.1285,2.6942],[32.1288,2.6948],[32.1291,2.6946],[32.1293,2.6943],[32.1298,2.6944],[32.1301,2.6942],[32.1305,2.6938],[32.1309,2.6935],[32.1311,2.6934],[32.1325,2.6926],[32.1329,2.6933],[32.1333,2.6933],[32.1333,2.6925],[32.1337,2.6928],[32.1342,2.6925],[32.1346,2.6917],[32.1348,2.6912],[32.136,2.6915],[32.1359,2.6913],[32.136,2.6908],[32.1372,2.6903],[32.1377,2.6898],[32.1379,2.6896],[32.1383,2.6898],[32.1392,2.6894],[32.1393,2.689],[32.1404,2.6881],[32.1406,2.6879],[32.1408,2.6882],[32.1411,2.6882],[32.1411,2.6876],[32.1414,2.6872],[32.1421,2.686],[32.1426,2.6852],[32.1424,2.6847],[32.1431,2.6834],[32.1433,2.6832],[32.1437,2.6832],[32.1443,2.6831],[32.145,2.6832],[32.1452,2.683],[32.1452,2.6825],[32.1467,2.6805],[32.1471,2.6801],[32.1474,2.6801],[32.1475,2.6799],[32.1477,2.6796],[32.1481,2.6796],[32.1481,2.6795],[32.1484,2.6792],[32.1485,2.6795],[32.1488,2.6796],[32.1491,2.6795],[32.149,2.6792],[32.1489,2.6785],[32.1493,2.6787],[32.1501,2.6783],[32.1505,2.6778],[32.1505,2.6775],[32.151,2.6771],[32.1512,2.6765],[32.1518,2.6759],[32.1523,2.6749],[32.153,2.675],[32.1536,2.674],[32.1543,2.6736],[32.1545,2.6734],[32.1553,2.6736],[32.1562,2.6731],[32.1564,2.6725],[32.157,2.672],[32.1574,2.6711],[32.1575,2.6705],[32.1584,2.6701],[32.1586,2.6701],[32.1603,2.6688],[32.1606,2.669],[32.1609,2.6689],[32.1613,2.6685],[32.1617,2.6684],[32.1627,2.6677],[32.1633,2.6673],[32.1637,2.6676],[32.1638,2.667],[32.1645,2.6661],[32.1656,2.666],[32.1657,2.666],[32.1661,2.6661],[32.1667,2.666],[32.1669,2.666],[32.1686,2.6649],[32.1692,2.6641],[32.1692,2.6635],[32.1697,2.6628],[32.1712,2.6585],[32.1717,2.6566],[32.1717,2.656],[32.1721,2.6554],[32.1746,2.6527],[32.1755,2.651],[32.1762,2.6496],[32.1783,2.6474],[32.1786,2.6471],[32.1793,2.6462],[32.1801,2.6443],[32.1808,2.6425],[32.1813,2.642],[32.1816,2.6415],[32.1814,2.6384],[32.1814,2.6378],[32.1819,2.6361],[32.1829,2.6356],[32.1841,2.634],[32.1866,2.6328],[32.1877,2.6302],[32.1867,2.6298],[32.1865,2.6293],[32.1858,2.6287],[32.1852,2.6275],[32.1848,2.627],[32.187,2.623],[32.1884,2.6215],[32.1924,2.6182],[32.1926,2.6184],[32.1928,2.6184],[32.1932,2.6184],[32.1941,2.6186],[32.1947,2.619],[32.1951,2.6191],[32.1962,2.6191],[32.1967,2.6192],[32.1977,2.6189],[32.1984,2.6192],[32.1992,2.6191],[32.2003,2.6195],[32.2006,2.6199],[32.201,2.6201],[32.2036,2.6212],[32.2048,2.6218],[32.2079,2.621],[32.2103,2.6196],[32.2164,2.6179],[32.2205,2.6187],[32.2251,2.6194],[32.2283,2.6199],[32.2299,2.6204],[32.2302,2.6207],[32.2318,2.6217],[32.2321,2.6219],[32.2329,2.6224],[32.2339,2.6228],[32.2357,2.623],[32.2362,2.6231],[32.2375,2.6228],[32.2383,2.6222],[32.24,2.6217],[32.2407,2.6214],[32.2417,2.6212],[32.2422,2.6209],[32.2425,2.6206],[32.2436,2.62],[32.2447,2.6197],[32.2467,2.619],[32.247,2.6186],[32.2482,2.6185],[32.25,2.6185],[32.2507,2.6188],[32.2517,2.6172],[32.2525,2.6162],[32.2541,2.6138],[32.2548,2.6114],[32.2557,2.6099],[32.2573,2.6083],[32.2577,2.6078],[32.2587,2.6055],[32.2587,2.604],[32.2588,2.6017],[32.2626,2.5943],[32.2621,2.5935],[32.2615,2.5929],[32.2595,2.5908],[32.2622,2.5894],[32.2631,2.5888],[32.2642,2.5879],[32.265,2.5867],[32.2634,2.5817],[32.2633,2.5802],[32.2636,2.5771],[32.264,2.5745],[32.2636,2.574],[32.2626,2.5725],[32.2617,2.5697],[32.2619,2.5691],[32.262,2.568],[32.2625,2.5668],[32.2624,2.5655],[32.2627,2.5643],[32.2622,2.5629],[32.2617,2.5615],[32.2619,2.5563],[32.2626,2.5544],[32.2645,2.5507],[32.266,2.5476],[32.2717,2.5413],[32.2719,2.5291],[32.2739,2.5263],[32.2768,2.5238],[32.2795,2.5225],[32.2834,2.5214],[32.2875,2.5193],[32.2892,2.5143],[32.2898,2.5125],[32.291,2.5107],[32.2915,2.5098],[32.2945,2.5066],[32.2971,2.5045],[32.3295,2.4875],[32.3485,2.4893],[32.3573,2.4869],[32.3635,2.4762],[32.3936,2.4831],[32.4028,2.4754],[32.4152,2.4536],[32.4251,2.4459],[32.43,2.4609],[32.4275,2.4651],[32.4308,2.4687],[32.4344,2.4669],[32.4377,2.4737],[32.4415,2.4984],[32.4384,2.5053],[32.4475,2.5162],[32.4445,2.527],[32.4522,2.5397],[32.4504,2.5547],[32.4584,2.5602],[32.4583,2.5775],[32.4616,2.5781],[32.4702,2.5899],[32.4803,2.6138],[32.5394,2.6203],[32.6564,2.6016],[32.6663,2.6054],[32.6977,2.6053],[32.6996,2.61],[32.7682,2.6033],[32.7787,2.6062],[32.786,2.6036],[32.7863,2.5874],[32.7908,2.5887],[32.7972,2.5903],[32.798,2.5921],[32.7977,2.5932],[32.7976,2.5935],[32.7974,2.5946],[32.797,2.5958],[32.797,2.5964],[32.7968,2.5997],[32.7968,2.6006],[32.7968,2.6008],[32.797,2.601],[32.7977,2.6017],[32.8002,2.603],[32.8015,2.604],[32.8018,2.6045],[32.8026,2.6057],[32.8027,2.6058],[32.8036,2.6067],[32.8041,2.6072],[32.8042,2.6073],[32.8048,2.6079],[32.805,2.6085],[32.8052,2.6092],[32.8056,2.6098],[32.8069,2.6106],[32.8082,2.6115],[32.8096,2.6131],[32.8101,2.6141],[32.8109,2.6152],[32.8112,2.6156],[32.8116,2.6169],[32.8131,2.6189],[32.8149,2.6209],[32.8157,2.6218],[32.8165,2.6251],[32.8166,2.6259],[32.8166,2.6262],[32.8168,2.6272],[32.8169,2.6277],[32.817,2.6283],[32.8161,2.6301],[32.8159,2.6306],[32.8148,2.6319],[32.8144,2.6323],[32.8134,2.6344],[32.813,2.6348],[32.8119,2.6371],[32.8115,2.6381],[32.8111,2.6388],[32.8107,2.6395],[32.8107,2.6397],[32.8117,2.6408],[32.8118,2.641],[32.8126,2.642],[32.8129,2.6422],[32.8136,2.6425],[32.8141,2.6428],[32.8148,2.6434],[32.816,2.6443],[32.8184,2.6462],[32.8187,2.6467],[32.819,2.6469],[32.8193,2.6477],[32.8199,2.6486],[32.8211,2.6494],[32.822,2.6497],[32.8233,2.6501],[32.8241,2.6501],[32.8243,2.6503],[32.8247,2.651],[32.825,2.6511],[32.8254,2.6513],[32.8251,2.6564],[32.8215,2.6591],[32.8294,2.6652],[32.8264,2.6745],[32.8227,2.6749],[32.8138,2.6653],[32.8079,2.6696],[32.7979,2.6642],[32.7973,2.6743],[32.7926,2.6769],[32.7854,2.6904],[32.7816,2.6897],[32.7789,2.6966],[32.7746,2.6985],[32.7734,2.706],[32.7648,2.7172],[32.7388,2.7424],[32.7302,2.7546],[32.7248,2.7527],[32.7217,2.7667],[32.7163,2.769],[32.7077,2.7649],[32.6943,2.7718],[32.6951,2.7758],[32.7006,2.7761],[32.7006,2.7806],[32.7061,2.7836],[32.694,2.7863],[32.6885,2.7844],[32.6879,2.7955],[32.6918,2.7965],[32.6928,2.8002],[32.6771,2.8148],[32.6697,2.8295],[32.6609,2.8355],[32.6597,2.84],[32.659,2.8398],[32.6563,2.8384],[32.6536,2.8374],[32.6536,2.8357],[32.6528,2.8357],[32.6516,2.8346],[32.6511,2.8341],[32.65,2.8337],[32.6497,2.8333],[32.6497,2.8328],[32.6492,2.8326],[32.6488,2.8335],[32.6482,2.8335],[32.6479,2.8331],[32.6481,2.8314],[32.648,2.8293],[32.6471,2.8283],[32.6466,2.8282],[32.6461,2.8276],[32.6448,2.8265],[32.6446,2.8255],[32.6437,2.8256],[32.6433,2.8246],[32.6406,2.824],[32.6394,2.8241],[32.6382,2.8236],[32.6376,2.823],[32.6357,2.8216],[32.6345,2.8201],[32.6346,2.819],[32.6338,2.8177],[32.633,2.8158],[32.6332,2.8154],[32.6333,2.8143],[32.6333,2.8137],[32.6335,2.8126],[32.6311,2.8078],[32.6309,2.8065],[32.6302,2.8055],[32.6281,2.8037],[32.6284,2.8011],[32.6259,2.7985],[32.6254,2.7971],[32.6255,2.7961],[32.6252,2.7953],[32.6234,2.794],[32.6223,2.7931],[32.6194,2.7931],[32.6188,2.7927],[32.618,2.7919],[32.6152,2.7916],[32.6146,2.7919],[32.6128,2.7927],[32.6112,2.7937],[32.6089,2.7947],[32.6063,2.7947],[32.6043,2.7946],[32.603,2.795],[32.6002,2.7967],[32.5993,2.7967],[32.595,2.7955],[32.5931,2.7942],[32.5923,2.7936],[32.5907,2.7921],[32.5893,2.7917],[32.5871,2.7907],[32.5855,2.7895],[32.5825,2.7876],[32.5809,2.7862],[32.5784,2.7849],[32.5772,2.7839],[32.5757,2.784],[32.5732,2.7835],[32.5727,2.7839],[32.5713,2.7845],[32.5699,2.7851],[32.5696,2.7851],[32.5684,2.7848],[32.5682,2.7849],[32.5645,2.7842],[32.5488,2.7777],[32.5476,2.7795],[32.5463,2.7805],[32.5443,2.7818],[32.5415,2.7815],[32.5393,2.7828],[32.5385,2.784],[32.5368,2.7861],[32.5357,2.7872],[32.5342,2.7889],[32.5329,2.7896],[32.5313,2.7904],[32.529,2.791],[32.5266,2.7912],[32.5234,2.7906],[32.5222,2.79],[32.5216,2.7904],[32.5214,2.7926],[32.5207,2.7933],[32.52,2.795],[32.5191,2.7962],[32.5183,2.7987],[32.5173,2.7984],[32.5164,2.7992],[32.5151,2.8005],[32.5148,2.8021],[32.5152,2.8034],[32.5155,2.8047],[32.5163,2.8097],[32.5154,2.8099],[32.5141,2.8087],[32.5127,2.8089],[32.5119,2.8094],[32.5101,2.8104],[32.5093,2.8088],[32.5091,2.8076],[32.508,2.8069],[32.5068,2.8065],[32.5058,2.8066],[32.5045,2.8061],[32.5042,2.8058],[32.5034,2.805],[32.5026,2.8039],[32.5018,2.8027],[32.5012,2.8009],[32.5009,2.8009],[32.5003,2.8007],[32.4959,2.7984],[32.494,2.7975],[32.4929,2.7959],[32.4905,2.7957],[32.4895,2.7949],[32.4884,2.7941],[32.4874,2.7941],[32.4855,2.7948],[32.484,2.7924],[32.4841,2.7918],[32.484,2.7909],[32.4822,2.7893],[32.4815,2.7875],[32.4796,2.7857],[32.4777,2.7862],[32.4766,2.7861],[32.4761,2.7858],[32.4751,2.7855],[32.4746,2.786],[32.4742,2.7864],[32.4724,2.786],[32.4709,2.7862],[32.4701,2.7866],[32.4685,2.7867],[32.4676,2.787],[32.4667,2.7869],[32.4663,2.7869],[32.4654,2.7866],[32.4645,2.7857],[32.4641,2.7838],[32.4626,2.7831],[32.4621,2.7832],[32.4616,2.7833],[32.4607,2.785],[32.4585,2.7853],[32.4577,2.7855],[32.4564,2.7858],[32.4552,2.7877],[32.4546,2.7896],[32.4544,2.7911],[32.454,2.7926],[32.4534,2.7936],[32.453,2.7938],[32.4515,2.7936],[32.4507,2.7937],[32.4473,2.7911],[32.4455,2.7906],[32.4451,2.7894],[32.4442,2.7884],[32.4433,2.7874],[32.4418,2.7875],[32.4411,2.7869],[32.4401,2.7865],[32.4399,2.7857],[32.4396,2.7852],[32.4381,2.7843],[32.4383,2.7835],[32.4384,2.7831],[32.4359,2.7803],[32.4347,2.7797],[32.4337,2.7792],[32.4324,2.7787],[32.4318,2.7784],[32.431,2.7771],[32.4306,2.7764],[32.4298,2.7753],[32.4285,2.7744],[32.4275,2.7743],[32.4265,2.7744],[32.4255,2.7751],[32.4227,2.7778],[32.422,2.778],[32.4214,2.7788],[32.4202,2.78],[32.4187,2.7797],[32.418,2.7796],[32.417,2.7795],[32.4164,2.78],[32.4159,2.7793],[32.4142,2.7783],[32.4137,2.7778],[32.4125,2.7762],[32.412,2.7752],[32.4112,2.7737],[32.4106,2.7729],[32.408,2.7729],[32.4074,2.774],[32.4064,2.7752],[32.4051,2.7774],[32.4012,2.7805],[32.3994,2.7804],[32.3982,2.7805],[32.396,2.7815],[32.3942,2.7818],[32.3933,2.7824],[32.392,2.7822],[32.3905,2.783],[32.3898,2.7831],[32.3854,2.7786],[32.384,2.7769],[32.3816,2.7756],[32.3751,2.7795],[32.3713,2.7799],[32.3692,2.7802],[32.3679,2.7802],[32.3321,2.7736],[32.3355,2.7559],[32.3328,2.752],[32.3315,2.7499],[32.3309,2.7486],[32.3307,2.7469],[32.3307,2.7464],[32.3306,2.7457],[32.3306,2.7451],[32.3304,2.7444],[32.3302,2.7437]]]},"properties":{"name":"Omoro District","id":"S5fvUXgY54J"}},
{"type":"Feature","geometry":{"type":"Polygon","coordinates":[[[33.739732583135,2.444067416871095],[33.7392,2.4448],[33.7387,2.4456],[33.7055,2.4605],[33.6963,2.4821],[33.6696,2.5054],[33.6274,2.4712],[33.6146,2.4898],[33.6151,2.493],[33.6061,2.4958],[33.6078,2.4997],[33.5933,2.511],[33.5801,2.5264],[33.5753,2.5414],[33.5532,2.5589],[33.5515,2.5686],[33.533,2.6038],[33.5231,2.6044],[33.516,2.5945],[33.5073,2.5933],[33.5031,2.5877],[33.4967,2.589],[33.4948,2.5925],[33.4888,2.5905],[33.4844,2.5933],[33.4801,2.5903],[33.4769,2.5966],[33.4716,2.5945],[33.4692,2.5966],[33.4662,2.5935],[33.46,2.5963],[33.4542,2.5909],[33.4438,2.5909],[33.446,2.5961],[33.4445,2.608],[33.4423,2.6084],[33.444,2.612],[33.437,2.6133],[33.4352,2.6184],[33.4403,2.6214],[33.4413,2.6271],[33.4381,2.6272],[33.4375,2.6304],[33.4343,2.6284],[33.4317,2.6337],[33.4277,2.6323],[33.4289,2.6268],[33.4108,2.5953],[33.3956,2.5961],[33.3518,2.6079],[33.3149,2.6121],[33.2994,2.6073],[33.2913,2.5959],[33.266,2.5951],[33.2586,2.5975],[33.2403,2.5934],[33.2228,2.5968],[33.2136,2.5955],[33.2069,2.5986],[33.1833,2.5854],[33.1574,2.6191],[33.1006,2.5992],[33.073,2.5888],[33.067,2.5774],[33.0503,2.5639],[33.0347,2.556],[33.0292,2.5485],[33.0157,2.5394],[33.0118,2.5317],[33.0066,2.5304],[33.0058,2.5299],[33.0034,2.5291],[33.0061,2.5249],[33.0083,2.5225],[33.009,2.5221],[33.0094,2.5214],[33.0098,2.5208],[33.0101,2.5177],[33.0099,2.5152],[33.0103,2.5141],[33.0108,2.5119],[33.012,2.51],[33.0129,2.5085],[33.0129,2.5076],[33.009,2.5041],[33.0074,2.5037],[33.0048,2.5038],[33.0042,2.5032],[33.0033,2.5014],[33.0015,2.5001],[33.0022,2.4983],[33.005,2.4982],[33.0073,2.4985],[33.0083,2.498],[33.0093,2.4973],[33.0097,2.4971],[33.01,2.4971],[33.0161,2.5024],[33.0212,2.5011],[33.0334,2.5056],[33.0427,2.4885],[33.0464,2.4868],[33.0553,2.4941],[33.0542,2.4992],[33.0569,2.5031],[33.0722,2.5006],[33.0688,2.4956],[33.0712,2.4895],[33.0832,2.4951],[33.0901,2.4894],[33.085,2.4818],[33.0885,2.475],[33.1023,2.486],[33.1015,2.4764],[33.104,2.4753],[33.1177,2.4909],[33.1285,2.4903],[33.1242,2.4852],[33.1264,2.4799],[33.1316,2.4873],[33.137,2.4819],[33.1474,2.4892],[33.1494,2.4846],[33.1369,2.4735],[33.1359,2.4692],[33.1502,2.4701],[33.1406,2.4584],[33.1392,2.4515],[33.135,2.4505],[33.1357,2.4473],[33.142,2.4468],[33.1552,2.4585],[33.1594,2.4566],[33.1599,2.4487],[33.1545,2.4409],[33.1477,2.4376],[33.145,2.4306],[33.1483,2.431],[33.1501,2.4254],[33.1536,2.4267],[33.1616,2.4377],[33.1708,2.4443],[33.1729,2.4527],[33.1772,2.4495],[33.1827,2.4548],[33.1907,2.456],[33.1892,2.4507],[33.1847,2.4499],[33.1825,2.446],[33.1813,2.441],[33.1852,2.4354],[33.1726,2.4247],[33.1741,2.4212],[33.1851,2.4189],[33.1805,2.407],[33.1879,2.4056],[33.1934,2.4172],[33.1961,2.414],[33.1992,2.4184],[33.1989,2.415],[33.2051,2.4146],[33.21,2.4067],[33.2162,2.4064],[33.2178,2.4021],[33.2208,2.4021],[33.213,2.3939],[33.216,2.3901],[33.2138,2.3881],[33.2229,2.387],[33.2264,2.3831],[33.2194,2.3713],[33.2325,2.372],[33.2354,2.3755],[33.2334,2.3795],[33.2377,2.384],[33.2474,2.3814],[33.2445,2.3689],[33.2474,2.363],[33.2459,2.3573],[33.2544,2.3563],[33.2498,2.3461],[33.2585,2.351],[33.2632,2.3508],[33.2626,2.3446],[33.266,2.3486],[33.2772,2.3501],[33.2839,2.3428],[33.2896,2.3423],[33.2873,2.3308],[33.2935,2.3287],[33.2968,2.332],[33.2957,2.321],[33.3033,2.3264],[33.3091,2.3189],[33.3131,2.3269],[33.3206,2.3232],[33.3246,2.3315],[33.3311,2.3277],[33.3403,2.3369],[33.3435,2.3381],[33.349,2.3343],[33.3539,2.3396],[33.3606,2.3328],[33.3682,2.3354],[33.3757,2.327],[33.3819,2.3322],[33.3798,2.3281],[33.3818,2.3267],[33.3879,2.3314],[33.3923,2.3287],[33.3949,2.3322],[33.3988,2.3294],[33.4086,2.3465],[33.4187,2.346],[33.4203,2.3509],[33.4288,2.3567],[33.431,2.3638],[33.4373,2.3602],[33.4429,2.3642],[33.445,2.3593],[33.4481,2.3627],[33.452,2.3599],[33.4554,2.3622],[33.4586,2.3562],[33.4708,2.3599],[33.4849,2.3573],[33.4886,2.3523],[33.4934,2.3554],[33.4977,2.3516],[33.5027,2.3549],[33.5032,2.3526],[33.5163,2.3493],[33.5184,2.3534],[33.535,2.3521],[33.538,2.3574],[33.5609,2.3534],[33.5685,2.3413],[33.5685,2.3347],[33.5713,2.3366],[33.5762,2.3325],[33.5806,2.3337],[33.5839,2.327],[33.5875,2.3306],[33.5945,2.3285],[33.6072,2.3364],[33.6123,2.3337],[33.6169,2.3362],[33.6175,2.3402],[33.6199,2.3386],[33.6239,2.3418],[33.6252,2.3513],[33.6327,2.356],[33.6321,2.3584],[33.6549,2.3565],[33.659,2.3538],[33.6741,2.3557],[33.6726,2.3598],[33.6791,2.3714],[33.688,2.3747],[33.6961,2.3862],[33.7071,2.3895],[33.7074,2.3955],[33.736,2.4175],[33.7376,2.4275],[33.7431,2.4287],[33.7453,2.4356],[33.7401,2.4384],[33.7402,2.443283246490608],[33.739732583135,2.444067416871095]]]},"properties":{"name":"Otuke District","id":"aXjub1BYn1y"}},
{"type":"Feature","geometry":{"type":"Polygon","coordinates":[[[32.2559,2.2593],[32.27292721363201,2.245909114636711],[32.27411726769917,2.244976976424851],[32.28492283988936,2.239162967213395],[32.296533585382484,2.220386850006956],[32.297202688192414,2.218991935486942],[32.30276123020445,2.217906387663581],[32.314481116466524,2.204341252842089],[32.31725576900318,2.193544230999286],[32.3170828096987,2.190565619401688],[32.32259714414572,2.171554931979888],[32.32099537792099,2.149980456760888],[32.32467369365726,2.138119518788358],[32.33264742648826,2.130834881451466],[32.33256437119918,2.125365319518459],[32.33242448207572,2.121997928322573],[32.33246320103981,2.105616065103955],[32.34316747336338,2.096366819956694],[32.34447921705009,2.088206493253978],[32.35563404761563,2.079585746251889],[32.35432673973254,2.074400000010933],[32.4078,2.072],[32.4357,2.0761],[32.46,2.0843],[32.4799,2.1054],[32.4867,2.1086],[32.4996,2.1054],[32.5082,2.1083],[32.5525,2.1583],[32.5576,2.1916],[32.5627,2.1989],[32.5658,2.2156],[32.5692,2.2194],[32.5768,2.2186],[32.5867,2.2329],[32.6089,2.2516],[32.6278,2.258],[32.6397,2.2563],[32.6543,2.2743],[32.6551,2.2928],[32.6625,2.3041],[32.6461,2.3225],[32.6262,2.3223],[32.6209,2.3267],[32.624,2.3359],[32.6145,2.3399],[32.6171,2.3493],[32.6149,2.3619],[32.6405,2.3812],[32.651,2.3972],[32.6612,2.3949],[32.6799,2.4168],[32.6935,2.4151],[32.6958,2.4188],[32.694,2.4274],[32.6974,2.4331],[32.695,2.4375],[32.7034,2.4464],[32.7073,2.4582],[32.6934,2.47],[32.7071,2.4732],[32.7163,2.4674],[32.7304,2.4647],[32.7487,2.4719],[32.7747,2.4737],[32.792,2.4831],[32.803,2.502],[32.8027,2.5019],[32.8017,2.5016],[32.8002,2.5016],[32.7985,2.5026],[32.7984,2.5038],[32.7984,2.5047],[32.7986,2.5108],[32.7986,2.5136],[32.7977,2.5182],[32.7967,2.5198],[32.7913,2.5338],[32.7912,2.5347],[32.7914,2.5413],[32.7917,2.5432],[32.7923,2.547],[32.794,2.5499],[32.7947,2.5526],[32.7961,2.557],[32.7967,2.5592],[32.797,2.5608],[32.7972,2.5625],[32.7968,2.5636],[32.7958,2.5666],[32.7941,2.5682],[32.789,2.5737],[32.7864,2.5811],[32.7863,2.5874],[32.786,2.6036],[32.7787,2.6062],[32.7682,2.6033],[32.6996,2.61],[32.6977,2.6053],[32.6663,2.6054],[32.6564,2.6016],[32.5394,2.6203],[32.4803,2.6138],[32.4702,2.5899],[32.4616,2.5781],[32.4583,2.5775],[32.4584,2.5602],[32.4504,2.5547],[32.4522,2.5397],[32.4445,2.527],[32.4475,2.5162],[32.4384,2.5053],[32.4415,2.4984],[32.4377,2.4737],[32.4344,2.4669],[32.4308,2.4687],[32.4275,2.4651],[32.43,2.4609],[32.4251,2.4459],[32.4152,2.4536],[32.4028,2.4754],[32.3936,2.4831],[32.3635,2.4762],[32.3573,2.4869],[32.3485,2.4893],[32.3295,2.4875],[32.2971,2.5045],[32.2968,2.5047],[32.2933,2.5076],[32.2909,2.5106],[32.282,2.511],[32.2767,2.5105],[32.272,2.5104],[32.2684,2.5103],[32.2605,2.513],[32.2567,2.515],[32.2534,2.5168],[32.248,2.518],[32.2468,2.518],[32.2425,2.5152],[32.2389,2.5131],[32.2372,2.5132],[32.235,2.5137],[32.2335,2.5127],[32.2325,2.5119],[32.2318,2.5107],[32.2292,2.5075],[32.2283,2.5062],[32.2277,2.5053],[32.2277,2.5032],[32.228,2.5019],[32.2301,2.498],[32.2287,2.4907],[32.2287,2.4765],[32.2294,2.474],[32.2301,2.4696],[32.2301,2.4634],[32.23,2.4603],[32.2294,2.4586],[32.229,2.4577],[32.2286,2.4534],[32.2292,2.4486],[32.2297,2.4437],[32.2288,2.4399],[32.2286,2.4386],[32.2288,2.4377],[32.2292,2.4359],[32.2318,2.4299],[32.2331,2.4249],[32.2335,2.4215],[32.2328,2.4171],[32.2328,2.4164],[32.2323,2.4147],[32.2312,2.4134],[32.2308,2.413],[32.2292,2.4117],[32.228,2.4068],[32.2299,2.4016],[32.2303,2.3969],[32.2303,2.3967],[32.2309,2.3921],[32.2316,2.3883],[32.2318,2.3873],[32.2318,2.3868],[32.2311,2.3819],[32.2313,2.3811],[32.2316,2.3781],[32.2319,2.3775],[32.2317,2.3768],[32.2308,2.3735],[32.2304,2.3716],[32.2304,2.3705],[32.2305,2.3695],[32.231,2.3678],[32.2311,2.3677],[32.2311,2.3665],[32.2311,2.3663],[32.2314,2.3646],[32.232,2.3627],[32.2326,2.3617],[32.2325,2.3607],[32.2329,2.3594],[32.2331,2.3589],[32.2335,2.3585],[32.2337,2.357],[32.2335,2.3566],[32.2332,2.3553],[32.2335,2.3541],[32.2334,2.3505],[32.2314,2.346],[32.231,2.3431],[32.2311,2.3414],[32.2311,2.3407],[32.2311,2.3367],[32.2315,2.3356],[32.2316,2.3349],[32.2315,2.3335],[32.2319,2.3307],[32.2329,2.3271],[32.2333,2.3259],[32.2333,2.3253],[32.2341,2.3227],[32.2342,2.3223],[32.2349,2.3201],[32.2352,2.3192],[32.2366,2.3168],[32.2367,2.3166],[32.2388,2.3119],[32.2389,2.3115],[32.2394,2.3099],[32.2397,2.3078],[32.2396,2.3074],[32.24,2.3068],[32.2409,2.3055],[32.2416,2.3045],[32.2429,2.3022],[32.243,2.3018],[32.2441,2.2943],[32.2439,2.2935],[32.2432,2.2919],[32.2422,2.29],[32.2422,2.2888],[32.2426,2.287],[32.2427,2.2864],[32.2438,2.2857],[32.2447,2.2854],[32.2454,2.2846],[32.2459,2.2846],[32.2468,2.2838],[32.2479,2.2823],[32.2482,2.282],[32.2484,2.2814],[32.249,2.2785],[32.2493,2.278],[32.2506,2.2758],[32.2516,2.2742],[32.2519,2.2726],[32.2528,2.2716],[32.2535,2.2701],[32.2538,2.2682],[32.2541,2.2669],[32.2542,2.2645],[32.2555,2.2619],[32.2552,2.261],[32.2559,2.2593]]]},"properties":{"name":"Oyam District","id":"xpIFdCMhVHG"}},
{"type":"Feature","geometry":{"type":"Polygon","coordinates":[[[31.2594,2.1893],[31.28593300702844,2.169547284346113],[31.295488711320612,2.181668078370397],[31.303803006639267,2.216412464578423],[31.31630358404217,2.242758230783804],[31.32770007030921,2.260699163051253],[31.339243458327967,2.272197554243506],[31.339231426410112,2.282702246527542],[31.356897702516108,2.297569437864847],[31.36425807216208,2.314385782034259],[31.37260813310463,2.318597281382154],[31.388202072711955,2.319595887044804],[31.39556873496034,2.331229861304283],[31.406013437638048,2.330121227836047],[31.428003885462875,2.339670559731806],[31.435240190532152,2.343880943333918],[31.435234272309994,2.349203481671597],[31.453051259430257,2.355526434801297],[31.462371890339433,2.363941128162856],[31.4707028162203,2.386081712528083],[31.47483033669712,2.431329468026498],[31.478992796352465,2.444921032249829],[31.486359698148654,2.457535866701347],[31.50429049810468,2.467182162480884],[31.517036223517778,2.481458498905707],[31.517436658941484,2.485737377464684],[31.513786249798464,2.489400629657101],[31.488665855287415,2.491001812647382],[31.47224337834076,2.50361429327879],[31.462295161276437,2.52275384442348],[31.461122408603256,2.561044448447903],[31.4556,2.5693],[31.4444,2.5809],[31.4369,2.5848],[31.4346,2.5858],[31.4336,2.5862],[31.41152523523059,2.60250268941344],[31.41078833671502,2.609955691168432],[31.40415900500596,2.613412647855499],[31.401187628418587,2.620655592564632],[31.412657484028205,2.635505225503338],[31.411544719837565,2.646936932733434],[31.41579129794504,2.670290842710319],[31.4227518168961,2.675414043185601],[31.439634502583758,2.676896313733705],[31.4507,2.7174],[31.451496039463148,2.722826678937535],[31.45091771872441,2.729746845419171],[31.449,2.7393],[31.438,2.7566],[31.4324,2.7615],[31.4148,2.7603],[31.39312057470558,2.768555125082667],[31.381704606554038,2.773178382954582],[31.366493083394946,2.772117453468748],[31.34,2.7641],[31.3298,2.7577],[31.3254,2.7482],[31.3298,2.7352],[31.3093,2.7261],[31.2855,2.7019],[31.292,2.6754],[31.2967,2.6418],[31.2946,2.59],[31.2916,2.5902],[31.2787,2.5707],[31.2779,2.5601],[31.2842,2.5403],[31.2911,2.5383],[31.2933,2.5419],[31.2987,2.5421],[31.3087,2.4975],[31.3038,2.485],[31.2899,2.4807],[31.282,2.4697],[31.2638,2.4624],[31.2503,2.4471],[31.2504,2.4446],[31.2657,2.4481],[31.275,2.4464],[31.2839,2.4522],[31.2895,2.4493],[31.2916,2.4109],[31.2895,2.3941],[31.2944,2.344],[31.2806,2.304],[31.2805,2.2996],[31.2846,2.2995],[31.283,2.2973],[31.2892,2.2978],[31.2866,2.2762],[31.2748,2.2696],[31.2714,2.2543],[31.2647,2.2495],[31.2569,2.2496],[31.2644,2.2377],[31.2673,2.221],[31.2594,2.1893]]]},"properties":{"name":"Pakwach District","id":"uqUyTPvQKII"}},
{"type":"Feature","geometry":{"type":"MultiPolygon","coordinates":[[[[33.397193746143756,1.328286470880026],[33.401681187019044,1.336414121731665],[33.3954,1.3339],[33.397193746143756,1.328286470880026]]],[[[33.585606795176815,1.311201075186822],[33.58489600954167,1.308407306919403],[33.59280330142098,1.311369955676192],[33.59115485105715,1.305865381136257],[33.57695514197831,1.293606321736351],[33.56130899844367,1.29177843543122],[33.559984175052776,1.298859855163761],[33.55418520957786,1.305726280412433],[33.56460494098972,1.334092241969372],[33.560998320927595,1.337048557837863],[33.55299950129017,1.33634825467183],[33.54584910192558,1.318099281626484],[33.54458773811791,1.311677546593562],[33.53599005967449,1.306381625096211],[33.532808511682916,1.314275778346086],[33.5238,1.3094],[33.510916615158415,1.310284273699831],[33.50786503922,1.303774360974226],[33.50232885044168,1.305254084145187],[33.49963616171869,1.310906122037369],[33.4953485928858,1.308359986828209],[33.49590212760606,1.303471992455609],[33.48240580794879,1.304818101778238],[33.48191698316416,1.310385176838814],[33.50161411747527,1.319142017310362],[33.4813,1.3302],[33.45935942225902,1.329747321902896],[33.46948871259682,1.315491451233404],[33.47973131567375,1.311896156484765],[33.47703054381349,1.304849666732512],[33.47971907834221,1.300691514289751],[33.49957063216261,1.294812228403863],[33.502080036761946,1.282708366300834],[33.510856605205504,1.272816652827373],[33.51051756396139,1.265640260684647],[33.516453070550405,1.258344166836971],[33.54312942695211,1.256262177276701],[33.544341959004626,1.249112642541751],[33.56306606975087,1.244067608188249],[33.56802881661845,1.238896843285673],[33.56708500299857,1.23079080811861],[33.5944584664988,1.213023996007501],[33.59851589996376,1.186234457305083],[33.604300521159246,1.17665181564376],[33.61545574665773,1.175955871348056],[33.62136937771756,1.168410702080617],[33.60810292740666,1.160363982950845],[33.60850906480028,1.144429999801426],[33.615408332050556,1.12240108794395],[33.62452528923867,1.126860598247043],[33.62708380381931,1.136215498005707],[33.63099167463652,1.137855208876192],[33.637393292415396,1.124743123340536],[33.646664898429975,1.129950272859704],[33.649306516233395,1.126222159169579],[33.657160935192074,1.131810387477597],[33.662810488498,1.129787728399948],[33.682376911851485,1.136356113809409],[33.68956590467568,1.130896740012367],[33.694885749199095,1.13398855525245],[33.705052932787744,1.132791931107954],[33.704509323379305,1.126430049487182],[33.7087512205786,1.117900000040573],[33.73,1.1174],[33.7428,1.1115],[33.7625,1.1132],[33.7709,1.1068],[33.7764,1.0916],[33.7835,1.0899],[33.7942,1.0961],[33.8124,1.1138],[33.8185,1.1352],[33.8372,1.168],[33.842,1.168],[33.8525,1.161],[33.8514,1.1703],[33.8577,1.1795],[33.8552,1.1981],[33.8663,1.2065],[33.8738,1.2205],[33.8732,1.2274],[33.8486,1.221],[33.8304,1.2258],[33.8064,1.2191],[33.8078,1.2059],[33.8037,1.196],[33.7977,1.1925],[33.7951,1.1851],[33.7833,1.1783],[33.7681,1.1796],[33.7703,1.1937],[33.7628,1.2048],[33.7483,1.1961],[33.7354,1.2098],[33.7386,1.2201],[33.7358,1.2301],[33.7604,1.2345],[33.7658,1.238],[33.7754,1.2374],[33.8012,1.2472],[33.8128,1.2603],[33.8185,1.2794],[33.829010740840936,1.289600133098003],[33.82357512116032,1.300943098654582],[33.80614825594474,1.316789796964649],[33.792749285923925,1.321193238154344],[33.78562666570643,1.319665946605594],[33.79200968425445,1.314717927246616],[33.77608825476477,1.315154360511136],[33.767147792764575,1.311691786134104],[33.7614976386425,1.313896336390373],[33.753276270125305,1.31054853739656],[33.74029612971264,1.320453267884519],[33.73973845475231,1.32669891716147],[33.726132487714175,1.335153284138603],[33.716010074858424,1.328315380594421],[33.708924570308,1.329021937880107],[33.6990749213116,1.32109797324035],[33.6950323665184,1.327154114154476],[33.68325649297469,1.323461428352008],[33.6742,1.3154],[33.6511,1.3117],[33.6293,1.3166],[33.585606795176815,1.311201075186822]],[[33.64470922171839,1.270440836664991],[33.64481876752651,1.279472518053058],[33.63940290226629,1.278055528950843],[33.63083032896573,1.287744434147684],[33.64283551083938,1.296647604158774],[33.64801243588741,1.294963027026564],[33.65604563871243,1.285340660875496],[33.65478433263144,1.278230018118649],[33.64470922171839,1.270440836664991]],[[33.59430888154407,1.272644863084758],[33.58683347058915,1.275953470587265],[33.58937712419531,1.282953967694103],[33.59683119055506,1.286888989193554],[33.594533680792914,1.280364257623059],[33.597144644348184,1.279533322711522],[33.6016894114722,1.286606825405585],[33.61174292697318,1.286134271185495],[33.61048377478363,1.278163538202817],[33.59430888154407,1.272644863084758]],[[33.6291946546909,1.215621266062881],[33.63454853621991,1.214416226756632],[33.631262883471415,1.207549409087717],[33.63648619251551,1.205367077601547],[33.62750575513351,1.192464865475383],[33.62070528588245,1.195797596546315],[33.60678187789194,1.212828999614032],[33.620772440725815,1.219428794969729],[33.6291946546909,1.215621266062881]]]]},"properties":{"name":"Pallisa District","id":"WiVj4bEhX4P"}},
{"type":"Feature","geometry":{"type":"MultiPolygon","coordinates":[[[[31.1525,-0.4975],[31.160967056481507,-0.487700000031098],[31.1547,-0.49],[31.1525,-0.4975]]],[[[31.2708,-0.9993],[31.450860228152422,-0.999883452490274],[31.446002618088478,-0.990709423237397],[31.444208726432514,-0.965784913612648],[31.452473191535812,-0.951525809067524],[31.504845347098954,-0.953266043223521],[31.495495411687397,-0.947518695961766],[31.509459832020813,-0.934403250794594],[31.529195756369162,-0.935085212682609],[31.547845506127466,-0.939880112955859],[31.560429323516512,-0.932583197883506],[31.5795,-0.9067],[31.5853,-0.888],[31.5858,-0.8644],[31.576,-0.786],[31.5626,-0.7755],[31.5321,-0.8039],[31.5042,-0.8093],[31.4874,-0.8074],[31.4831,-0.799],[31.4828,-0.7876],[31.4898,-0.7629],[31.4777,-0.7448],[31.4787,-0.7364],[31.4802,-0.7335],[31.5061,-0.7349],[31.5107,-0.7224],[31.5034,-0.7209],[31.5197,-0.7028],[31.4997,-0.6848],[31.5025,-0.6742],[31.4895,-0.6658],[31.4892,-0.6385],[31.4798,-0.6321],[31.476,-0.6145],[31.44,-0.5981],[31.4332,-0.5952],[31.4302,-0.5968],[31.4229,-0.5872],[31.4089,-0.5882],[31.4036,-0.5817],[31.389,-0.575],[31.3608,-0.5271],[31.3141,-0.4934],[31.2682,-0.4846],[31.2441,-0.4579],[31.2362,-0.4555],[31.2193,-0.4566],[31.2022,-0.464],[31.191442421307343,-0.479924249516334],[31.19352324834437,-0.481130417521671],[31.189501384347743,-0.483758062000082],[31.183345677073632,-0.489708879207008],[31.175537554185382,-0.495259323395233],[31.16923804895767,-0.494163412607977],[31.167732622677498,-0.490578114635518],[31.164120411306307,-0.488675738376365],[31.15888386426783,-0.490959448537986],[31.154704170326607,-0.498337036963584],[31.160454098850465,-0.503140284190108],[31.156727655612272,-0.511575965525771],[31.15761469312147,-0.52124275990633],[31.153474602835356,-0.527101128905522],[31.15566336819681,-0.536090114673586],[31.14580936609484,-0.531652567399707],[31.141389574758648,-0.537322339808896],[31.143675888007095,-0.548583238465784],[31.126316059997194,-0.588635780914687],[31.104024837380877,-0.619914615552817],[31.104518048932512,-0.633116580870937],[31.101066994724498,-0.636614680074263],[31.104824944043923,-0.644356299398914],[31.09988702253531,-0.647040008913463],[31.099801952888846,-0.655331760993183],[31.091902977815025,-0.665248088479401],[31.109348253544432,-0.667217039099351],[31.12009733696494,-0.677773667953716],[31.134949822654658,-0.675220429046915],[31.145832960524412,-0.690931501107765],[31.15813174112884,-0.695104954938844],[31.180679228927097,-0.696967511360782],[31.185695432070855,-0.685566570032959],[31.195912589476983,-0.676572883920757],[31.21174672709936,-0.67259992518437],[31.216392761495296,-0.659679347707102],[31.226984171561487,-0.663879084115196],[31.223329919386103,-0.632037626044863],[31.225945184540038,-0.620879540589468],[31.238007025000982,-0.599424568432943],[31.24096499403991,-0.601035182177047],[31.243863890758355,-0.622856943932749],[31.246781238824337,-0.626764515270666],[31.261437472304163,-0.617165650731964],[31.26970308954337,-0.602147690454365],[31.284600211288257,-0.599547982843375],[31.28553023170139,-0.60410606262824],[31.277178956696243,-0.606807315957253],[31.27417487383811,-0.611409326702964],[31.273920202518486,-0.624621317433565],[31.264238790203986,-0.633426109878955],[31.267876156696374,-0.642560908342033],[31.25880299448518,-0.643082302325415],[31.246850429322787,-0.648766254915303],[31.250042338073413,-0.654970903270419],[31.27273349683972,-0.662421353433327],[31.26695982201322,-0.67519727515374],[31.252703496190815,-0.681440896487262],[31.24979318280332,-0.686223607594386],[31.25172476357326,-0.690302739759048],[31.262031889591736,-0.694882358540476],[31.263274877686733,-0.688896274923674],[31.269219050967045,-0.684024196687252],[31.274607638184662,-0.690980349925317],[31.271770381202796,-0.693918338012902],[31.26517235375649,-0.701837685190126],[31.2665822250137,-0.713024567103224],[31.261847746359347,-0.7145329691222],[31.24768043444312,-0.697752707625447],[31.242000447898043,-0.680415114787351],[31.232442168288884,-0.68345003552017],[31.220768262913218,-0.673878295701472],[31.218218805461916,-0.677648246026219],[31.22128824705948,-0.689685499458724],[31.219353774993284,-0.692786487025747],[31.209543290862417,-0.682012724187468],[31.196554847891285,-0.683427559591877],[31.188762249703164,-0.687023622109447],[31.18550120070053,-0.699528478264043],[31.1549198556159,-0.706712996459669],[31.1705,-0.7293],[31.19,-0.7417],[31.2,-0.758],[31.1979,-0.7695],[31.1997,-0.7787],[31.1949,-0.7914],[31.1923,-0.822],[31.2218,-0.8373],[31.2277,-0.8475],[31.2271,-0.8557],[31.2037,-0.873],[31.2063,-0.8779],[31.2035,-0.8877],[31.2099,-0.901],[31.2709,-0.9497],[31.2643,-0.9844],[31.2708,-0.9993]],[[31.271770381202796,-0.693918338012902],[31.2902419881693,-0.690244495182922],[31.278972483666283,-0.689191391885278],[31.271221055953177,-0.684413778996097],[31.26863338947319,-0.677124065221806],[31.28291539242482,-0.677924982572083],[31.289735447415346,-0.673035017487569],[31.296851966835792,-0.676202672362528],[31.30252959066843,-0.672605439205169],[31.311331006233157,-0.675294387454817],[31.317121714361686,-0.671932274471619],[31.31977781270332,-0.665919343186624],[31.330496998833752,-0.663644064381065],[31.332863617311958,-0.665245558227513],[31.32682196208943,-0.674250744488563],[31.311174685660788,-0.682438575845201],[31.310461672946857,-0.691092802070633],[31.31968696754398,-0.699551661911913],[31.308272420196232,-0.70237809511634],[31.317601403162293,-0.708124028835105],[31.335367251887778,-0.708139530027959],[31.342685267912856,-0.704153990676262],[31.34265252484236,-0.707825636207514],[31.3578594110923,-0.7092961396815],[31.362906799175626,-0.705472504436196],[31.36697998827423,-0.69274959751303],[31.372992937388986,-0.688564479651193],[31.402280546822432,-0.68401639765685],[31.397182373792536,-0.692769024288007],[31.369733072140715,-0.695644508686047],[31.364724840749496,-0.711197741502097],[31.37998549555663,-0.715182370374656],[31.381480440704475,-0.718438621418479],[31.3720723967256,-0.716111044752647],[31.359943026661522,-0.720501866221967],[31.34170143030273,-0.719446173546318],[31.340728281839525,-0.72438355814026],[31.349915846166457,-0.728094780494593],[31.348600445422875,-0.738403905023662],[31.334710466641862,-0.734012613343435],[31.33231183366905,-0.729444775105982],[31.325707983139452,-0.731838810224278],[31.323310873923486,-0.727750291643733],[31.31309652035018,-0.726326650654172],[31.307514375601656,-0.717986601862586],[31.295023189131793,-0.714807741643682],[31.287687843395847,-0.706702256172461],[31.276796859000623,-0.70458209625429],[31.271770381202796,-0.693918338012902]]]]},"properties":{"name":"Rakai District","id":"P8iz90eiIrW"}},
{"type":"Feature","geometry":{"type":"Polygon","coordinates":[[[29.89702857221058,-1.341218367682567],[29.894476862068665,-1.311050562113252],[29.884829965015317,-1.285450155088111],[29.875170312222867,-1.273249811450281],[29.873812254514267,-1.260350882911546],[29.866956492362682,-1.248995272404534],[29.857700091820497,-1.248797434175971],[29.850983522187967,-1.241596211892182],[29.837631467135406,-1.243363444829029],[29.82264578384138,-1.23778452200831],[29.82650721628969,-1.225858038406314],[29.84986981542508,-1.222222064921859],[29.877842685268174,-1.242677700986264],[29.890891003767123,-1.259401747055124],[29.921407443051656,-1.284033693445452],[29.9381,-1.2668],[29.9357,-1.2641],[29.9404,-1.265],[29.9429,-1.258],[29.9523,-1.2527],[29.965,-1.2518],[29.9577,-1.2371],[29.963,-1.2336],[29.9758,-1.2315],[29.9797,-1.2354],[29.9988,-1.2269],[30.0053,-1.2289],[30.0044,-1.223],[30.0095,-1.2183],[30.0132,-1.2031],[30.0056,-1.1961],[30.0056,-1.1916],[30.012,-1.1905],[30.024,-1.202],[30.0283,-1.2017],[30.0302,-1.1926],[30.0156,-1.1679],[30.0152,-1.1584],[29.9884,-1.1409],[29.9845,-1.1237],[29.9585,-1.1205],[29.9551,-1.1141],[29.9562,-1.1051],[29.9523,-1.0998],[29.9445,-1.0964],[29.9284,-1.0976],[29.9301,-1.091],[29.9268,-1.0737],[29.9296,-1.0686],[29.9267,-1.0622],[29.9181,-1.0577],[29.9085,-1.0537],[29.9002,-1.0413],[29.9,-1.0465],[29.8875,-1.0503],[29.8817,-1.0614],[29.8693,-1.0701],[29.8398,-1.0451],[29.8341,-1.035],[29.824,-1.0286],[29.8056,-1.03],[29.7978,-1.0184],[29.7939,-1.0186],[29.7922,-1.0134],[29.7674,-0.9929],[29.7671,-0.9879],[29.7639,-0.9929],[29.7494,-1.0017],[29.742,-1.0022],[29.7376,-1.0103],[29.7422,-1.0171],[29.7498,-1.0212],[29.7505,-1.0252],[29.7589,-1.0246],[29.7645,-1.0289],[29.7533,-1.0314],[29.7551,-1.0486],[29.7657,-1.0634],[29.7585,-1.0652],[29.7521,-1.0787],[29.7473,-1.0943],[29.743,-1.0985],[29.7381,-1.0972],[29.7339,-1.1027],[29.7278,-1.1245],[29.7409,-1.1269],[29.7435,-1.1354],[29.7516,-1.1451],[29.7513,-1.1527],[29.78,-1.173],[29.7929,-1.1913],[29.7883,-1.1928],[29.7699,-1.1882],[29.7648,-1.1924],[29.7562,-1.1916],[29.7518,-1.1948],[29.7684,-1.2148],[29.7763,-1.2166],[29.7822,-1.225],[29.7865,-1.2355],[29.7858,-1.2432],[29.812,-1.2836],[29.8189,-1.3007],[29.8192,-1.3105],[29.8225,-1.3079],[29.8271,-1.3135],[29.8407,-1.3199],[29.8385,-1.3319],[29.8487,-1.3389],[29.8595,-1.3605],[29.869,-1.3551],[29.8789,-1.3555],[29.8826,-1.355],[29.8827,-1.3524],[29.8776,-1.3381],[29.8822,-1.3365],[29.89702857221058,-1.341218367682567]]]},"properties":{"name":"Rubanda District","id":"wZrfAgC3WrU"}},
{"type":"Feature","geometry":{"type":"Polygon","coordinates":[[[30.182991540152216,-0.085691540153776],[30.179561801260743,-0.082510275088601],[30.17310719197058,-0.087027928343714],[30.16979147763813,-0.083485486019191],[30.172369728138566,-0.075669339281389],[30.181575353961552,-0.080097727846443],[30.18423862875214,-0.072100000001309],[30.1663,-0.0728],[30.1599,-0.0759],[30.157716313996097,-0.073692673505513],[30.15399546580025,-0.077005468443038],[30.156356836606424,-0.083873061630522],[30.151169601504293,-0.0784600834383],[30.143176493824157,-0.080004689234809],[30.108883108677894,-0.102934927305547],[30.094184405492424,-0.101487884927168],[30.081946587275706,-0.114531489307549],[30.081867698034227,-0.114614682712569],[30.076675509200413,-0.118364535666944],[30.06743296087801,-0.115923998405771],[30.059850809852882,-0.119121710819916],[30.058487944661834,-0.121271968679226],[30.064375422907723,-0.121615956382263],[30.06452379013326,-0.125437930681483],[30.051025361481486,-0.126547737499401],[30.040245954494914,-0.134072791514764],[30.038486791345242,-0.138517870399835],[30.03450543346573,-0.137125960863863],[30.016436638158762,-0.141686357009499],[30.00158509602732,-0.153845324855387],[29.990462833935204,-0.17243726470905],[29.982989308273556,-0.174550189834363],[29.96869258079927,-0.171918813827929],[29.956060124468888,-0.189028060129179],[29.93879499395429,-0.185420310001336],[29.928435270351947,-0.177865887386558],[29.918705384671373,-0.183420252158792],[29.90717294946825,-0.18249501944538],[29.906131869401573,-0.182888048975283],[29.90965817910559,-0.197891256210367],[29.901680016233183,-0.201773325558801],[29.88514403973403,-0.209105119244029],[29.881803958883935,-0.210849546084919],[29.87952624052139,-0.221228931259988],[29.88911166395499,-0.25859512978608],[29.874303864941144,-0.29019156351565],[29.85770718454989,-0.311063619823284],[29.86016047588479,-0.319221731307323],[29.85731901385735,-0.329257201483161],[29.826353552508106,-0.359174780030687],[29.817995752913703,-0.373782981197773],[29.8409,-0.3865],[29.8487,-0.3853],[29.8614,-0.3901],[29.8642,-0.4025],[29.8606,-0.4132],[29.8753,-0.4309],[29.8719,-0.4409],[29.8767,-0.4478],[29.89,-0.4516],[29.8918,-0.4481],[29.9039,-0.4494],[29.9211,-0.444],[29.9365,-0.4488],[29.9534,-0.4115],[29.9601,-0.4024],[29.977,-0.389],[30.0053,-0.3852],[30.0215,-0.376],[30.083,-0.3522],[30.089,-0.3515],[30.0973,-0.3553],[30.1238,-0.3723],[30.1549,-0.3732],[30.1644,-0.3801],[30.1789,-0.3818],[30.1748,-0.3758],[30.1775,-0.3748],[30.1729,-0.3671],[30.1747,-0.3646],[30.1689,-0.36],[30.1712,-0.3567],[30.1685,-0.3549],[30.1729,-0.3515],[30.1643,-0.3338],[30.1712,-0.324],[30.1669,-0.3242],[30.1663,-0.3202],[30.1703,-0.3002],[30.1786,-0.2843],[30.1842,-0.2864],[30.1883,-0.2815],[30.1839,-0.2778],[30.1855,-0.2762],[30.2058,-0.2674],[30.2284,-0.2518],[30.231,-0.2293],[30.2375,-0.226],[30.2491,-0.2308],[30.2507,-0.223],[30.2691,-0.2186],[30.2841,-0.2112],[30.2863,-0.2065],[30.2835,-0.1904],[30.2864,-0.1874],[30.2806,-0.1773],[30.2818,-0.1682],[30.2674,-0.154],[30.2644,-0.1444],[30.2461,-0.1241],[30.2415,-0.1226],[30.2385,-0.1256],[30.2314,-0.1138],[30.2179,-0.1031],[30.2123,-0.1034],[30.216,-0.0784],[30.2021,-0.0781],[30.1845,-0.0885],[30.182991540152216,-0.085691540153776]]]},"properties":{"name":"Rubirizi District","id":"fS71jg1WYPk"}},
{"type":"Feature","geometry":{"type":"Polygon","coordinates":[[[30.1694,-1.2745],[30.1875,-1.2706],[30.1908,-1.2815],[30.1978,-1.2807],[30.1975,-1.2735],[30.2039,-1.2724],[30.2108,-1.2762],[30.2211,-1.2602],[30.2427,-1.241],[30.2541,-1.2204],[30.2661,-1.2124],[30.2756,-1.2103],[30.2781,-1.1986],[30.2923,-1.1896],[30.299,-1.1559],[30.2572,-1.1567],[30.2284,-1.182],[30.2207,-1.1853],[30.2157,-1.1932],[30.1997,-1.1946],[30.1904,-1.1889],[30.1871,-1.1732],[30.1931,-1.1522],[30.1701,-1.1601],[30.1546,-1.1615],[30.1506,-1.1565],[30.1405,-1.1601],[30.1365,-1.1561],[30.1124,-1.1556],[30.1102,-1.144],[30.105,-1.1361],[30.0849,-1.1224],[30.0826,-1.1161],[30.0838,-1.1003],[30.0749,-1.0874],[30.0709,-1.0737],[30.0465,-1.0608],[30.03,-1.0592],[30.0202,-1.0523],[30.0274,-1.0388],[30.0234,-1.03],[30.0086,-1.0257],[29.9932,-1.0338],[29.9818,-1.0245],[29.97,-1.0233],[29.9449,-1.0121],[29.937,-1.0139],[29.9339,-1.027],[29.9245,-1.0329],[29.9244,-1.0412],[29.9181,-1.0577],[29.9267,-1.0622],[29.9296,-1.0686],[29.9268,-1.0737],[29.9301,-1.091],[29.9284,-1.0976],[29.9445,-1.0964],[29.9523,-1.0998],[29.9562,-1.1051],[29.9551,-1.1141],[29.9585,-1.1205],[29.9845,-1.1237],[29.9884,-1.1409],[30.0152,-1.1584],[30.0156,-1.1679],[30.0302,-1.1926],[30.0283,-1.2017],[30.024,-1.202],[30.0274,-1.2056],[30.0294,-1.2034],[30.0374,-1.2047],[30.0487,-1.2114],[30.0635,-1.2064],[30.0774,-1.2117],[30.0808,-1.2173],[30.1072,-1.2224],[30.1168,-1.2355],[30.1233,-1.2319],[30.1329,-1.2328],[30.1353,-1.2545],[30.1405,-1.2526],[30.1448,-1.2284],[30.1622,-1.2248],[30.1651,-1.2428],[30.1618,-1.2641],[30.1694,-1.2745]]]},"properties":{"name":"Rukiga District","id":"fsP0Wxie1UW"}},
{"type":"Feature","geometry":{"type":"Polygon","coordinates":[[[29.817995752913703,-0.373782981197773],[29.802433103144306,-0.386690327009406],[29.7767034967066,-0.396842535278755],[29.75700601227745,-0.410745172506784],[29.747707266001346,-0.424534206656691],[29.72368513244855,-0.437982891871089],[29.7358,-0.4527],[29.7391,-0.465],[29.7502,-0.4716],[29.7502,-0.4876],[29.7459,-0.4907],[29.7466,-0.4944],[29.7383,-0.4933],[29.7315,-0.5046],[29.7259,-0.5058],[29.7213,-0.5134],[29.7201,-0.5221],[29.7221,-0.5223],[29.7196,-0.5263],[29.7246,-0.5301],[29.723,-0.5348],[29.7263,-0.5391],[29.7253,-0.5451],[29.7181,-0.5537],[29.7206,-0.5667],[29.7249,-0.5681],[29.7218,-0.5724],[29.7253,-0.5778],[29.7241,-0.5834],[29.7299,-0.586],[29.7346,-0.5981],[29.7408,-0.6029],[29.7371,-0.6094],[29.7454,-0.6223],[29.7538,-0.6212],[29.7687,-0.63],[29.7743,-0.6202],[29.7847,-0.6215],[29.7894,-0.6169],[29.7939,-0.6206],[29.7937,-0.627],[29.7987,-0.6305],[29.7988,-0.6357],[29.7879,-0.6416],[29.7776,-0.6545],[29.7873,-0.6645],[29.7891,-0.6719],[29.794,-0.6711],[29.7968,-0.6803],[29.8052,-0.6871],[29.8017,-0.6923],[29.805,-0.6963],[29.8018,-0.7017],[29.8048,-0.7151],[29.8025,-0.7229],[29.8091,-0.7395],[29.8189,-0.7453],[29.8241,-0.7565],[29.8213,-0.7909],[29.827,-0.8044],[29.8264,-0.8099],[29.8379,-0.815],[29.8438,-0.8327],[29.8437,-0.844],[29.8577,-0.8543],[29.8857,-0.8962],[29.8545,-0.9137],[29.8512,-0.941],[29.8593,-0.9624],[29.8565,-0.9704],[29.8702,-0.9903],[29.8912,-1.007],[29.8853,-1.0191],[29.8931,-1.0251],[29.9002,-1.0413],[29.9085,-1.0537],[29.9181,-1.0577],[29.9244,-1.0412],[29.9245,-1.0329],[29.9339,-1.027],[29.937,-1.0139],[29.9449,-1.0121],[29.97,-1.0233],[29.9818,-1.0245],[29.9932,-1.0338],[30.0086,-1.0257],[30.0234,-1.03],[30.0274,-1.0388],[30.0202,-1.0523],[30.03,-1.0592],[30.0465,-1.0608],[30.0457,-1.045],[30.0499,-1.0418],[30.0505,-1.0318],[30.0444,-1.0194],[30.0583,-1.0119],[30.07,-1.0004],[30.0692,-0.9662],[30.0759,-0.9494],[30.0474,-0.9258],[30.0449,-0.9168],[30.0399,-0.9147],[30.0368,-0.9071],[30.0222,-0.9069],[30.02,-0.9044],[30.0236,-0.9019],[30.0249,-0.8947],[30.0303,-0.896],[30.0307,-0.8924],[30.0382,-0.8965],[30.0529,-0.8833],[30.0497,-0.878],[30.0538,-0.8672],[30.0512,-0.8653],[30.0529,-0.8604],[30.0482,-0.8552],[30.0525,-0.8508],[30.049747619903165,-0.828796826550492],[30.049596168989723,-0.82859521123796],[30.0465,-0.8243],[30.0477,-0.8207],[30.0525,-0.8202],[30.058,-0.8121],[30.054555068022673,-0.803600000000303],[30.05454496117454,-0.80389394941572],[30.054533792507467,-0.803600000000274],[30.053,-0.7997],[30.0569,-0.7998],[30.0572,-0.7941],[30.0521,-0.7845],[30.053,-0.7787],[30.0421,-0.7698],[30.0406,-0.7597],[30.0367,-0.7599],[30.0369,-0.7554],[30.0233,-0.75],[30.0221,-0.7415],[30.0155,-0.7458],[30.0065,-0.7468],[30.0038,-0.7443],[30.0036,-0.7304],[29.9927,-0.7248],[29.988,-0.7102],[29.9822,-0.7062],[29.9813,-0.7006],[29.9728,-0.695],[29.9712,-0.6868],[29.9571,-0.6653],[29.9597,-0.6617],[29.958,-0.6578],[29.938,-0.6507],[29.9362,-0.6464],[29.9262,-0.6438],[29.9208,-0.6468],[29.919,-0.6421],[29.914,-0.6408],[29.9097,-0.6317],[29.9064,-0.6311],[29.902,-0.6221],[29.8957,-0.6249],[29.8928,-0.6169],[29.8882,-0.6156],[29.8851,-0.6094],[29.8965,-0.5974],[29.8967,-0.5915],[29.9033,-0.5886],[29.9048,-0.5815],[29.9106,-0.5821],[29.9162,-0.5692],[29.926,-0.5628],[29.9267,-0.5594],[29.918,-0.547],[29.9258,-0.5463],[29.9382,-0.5389],[29.9246,-0.5176],[29.9342,-0.4935],[29.9446,-0.4669],[29.9442,-0.4593],[29.9365,-0.4488],[29.9211,-0.444],[29.9039,-0.4494],[29.8918,-0.4481],[29.89,-0.4516],[29.8767,-0.4478],[29.8719,-0.4409],[29.8753,-0.4309],[29.8606,-0.4132],[29.8642,-0.4025],[29.8614,-0.3901],[29.8487,-0.3853],[29.8409,-0.3865],[29.817995752913703,-0.373782981197773]]]},"properties":{"name":"Rukungiri District","id":"tugqr4dY6wq"}},
{"type":"Feature","geometry":{"type":"Polygon","coordinates":[[[30.641,-0.7662],[30.6398,-0.7663],[30.6382,-0.7655],[30.638,-0.7654],[30.6378,-0.7653],[30.6375,-0.765],[30.6367,-0.7651],[30.6357,-0.7653],[30.6342,-0.7653],[30.6337,-0.765],[30.6333,-0.7649],[30.6316,-0.7644],[30.6313,-0.7643],[30.6301,-0.7639],[30.6294,-0.764],[30.6287,-0.7641],[30.628,-0.7643],[30.6279,-0.7641],[30.6274,-0.7637],[30.6271,-0.7635],[30.6267,-0.7632],[30.6267,-0.7629],[30.6263,-0.7626],[30.6262,-0.7625],[30.6217,-0.7607],[30.6197,-0.7593],[30.6194,-0.7587],[30.6192,-0.7585],[30.6175,-0.7572],[30.6161,-0.7567],[30.614,-0.7554],[30.6131,-0.7552],[30.6115,-0.7543],[30.6108,-0.7534],[30.6102,-0.7527],[30.6093,-0.7512],[30.6088,-0.7507],[30.6075,-0.7495],[30.6065,-0.7486],[30.6042,-0.7467],[30.6034,-0.7461],[30.5997,-0.7424],[30.5975,-0.7398],[30.5953,-0.7381],[30.5942,-0.7368],[30.5936,-0.7358],[30.5906,-0.7327],[30.5902,-0.7322],[30.5886,-0.7308],[30.5877,-0.7301],[30.5864,-0.7289],[30.5861,-0.7287],[30.5861,-0.7275],[30.5861,-0.7263],[30.5856,-0.7251],[30.5853,-0.7242],[30.5845,-0.723],[30.5835,-0.7222],[30.5822,-0.7212],[30.581,-0.7205],[30.5805,-0.7198],[30.5758,-0.7169],[30.575,-0.7166],[30.5736,-0.7151],[30.5724,-0.7137],[30.5708,-0.7129],[30.5705,-0.7125],[30.5698,-0.7114],[30.5694,-0.7109],[30.5685,-0.7104],[30.5681,-0.7101],[30.5679,-0.7097],[30.5678,-0.7095],[30.5673,-0.7085],[30.5668,-0.707],[30.5659,-0.7054],[30.5648,-0.7049],[30.5642,-0.7047],[30.5629,-0.7042],[30.5622,-0.7026],[30.5621,-0.7015],[30.562,-0.701],[30.5593,-0.6991],[30.5557,-0.6981],[30.5559,-0.698],[30.5578,-0.6963],[30.5572,-0.6911],[30.5562,-0.6905],[30.5559,-0.6901],[30.554,-0.6887],[30.5534,-0.6882],[30.5511,-0.6869],[30.55,-0.6863],[30.5483,-0.6852],[30.5467,-0.6837],[30.5408,-0.6805],[30.5306,-0.6694],[30.5264,-0.6634],[30.5258,-0.6626],[30.5256,-0.6604],[30.5271,-0.6568],[30.5274,-0.656],[30.5281,-0.6549],[30.5286,-0.6535],[30.5292,-0.6524],[30.5299,-0.6514],[30.5321,-0.6484],[30.533,-0.6474],[30.5347,-0.6469],[30.5394,-0.6426],[30.5403,-0.6424],[30.5409,-0.6423],[30.5412,-0.6418],[30.542,-0.6407],[30.5409,-0.6389],[30.541,-0.6379],[30.541,-0.6376],[30.5416,-0.6367],[30.5417,-0.6365],[30.5422,-0.6356],[30.5423,-0.6349],[30.5418,-0.6332],[30.542,-0.6323],[30.5421,-0.6319],[30.5419,-0.6298],[30.5426,-0.6285],[30.5425,-0.6273],[30.5408,-0.6264],[30.5361,-0.6224],[30.5355,-0.6212],[30.5353,-0.62],[30.5346,-0.6187],[30.5344,-0.6183],[30.5345,-0.618],[30.5347,-0.6179],[30.5348,-0.6176],[30.5348,-0.6172],[30.5353,-0.6165],[30.5354,-0.6163],[30.5356,-0.6158],[30.5356,-0.6157],[30.5352,-0.6158],[30.5335,-0.6149],[30.533,-0.6147],[30.5326,-0.615],[30.5324,-0.6153],[30.5321,-0.6159],[30.532,-0.6162],[30.5317,-0.6164],[30.5311,-0.6163],[30.5305,-0.6162],[30.5301,-0.6159],[30.5301,-0.6157],[30.5305,-0.6153],[30.5305,-0.6149],[30.53,-0.6146],[30.5297,-0.6144],[30.5294,-0.6142],[30.5275,-0.6101],[30.5268,-0.6092],[30.5255,-0.6079],[30.5249,-0.6074],[30.5235,-0.6062],[30.5227,-0.6057],[30.5196,-0.6047],[30.5183,-0.6041],[30.5173,-0.6041],[30.5169,-0.6045],[30.5166,-0.6047],[30.514,-0.6041],[30.5118,-0.6057],[30.5112,-0.6064],[30.5108,-0.6065],[30.5097,-0.6066],[30.5087,-0.6064],[30.5081,-0.6063],[30.5065,-0.6058],[30.5047,-0.6057],[30.5042,-0.6054],[30.5032,-0.6047],[30.502,-0.6041],[30.5016,-0.6038],[30.5008,-0.6029],[30.4992,-0.6025],[30.4988,-0.6025],[30.4983,-0.6025],[30.4982,-0.6023],[30.4975,-0.6021],[30.4973,-0.6022],[30.4966,-0.6027],[30.4964,-0.603],[30.4964,-0.6034],[30.4965,-0.6041],[30.4959,-0.6047],[30.4942,-0.6055],[30.494,-0.6058],[30.4937,-0.6063],[30.4928,-0.6068],[30.4924,-0.6069],[30.492,-0.6074],[30.4913,-0.608],[30.491,-0.6083],[30.4911,-0.6093],[30.4911,-0.6094],[30.4911,-0.6097],[30.4906,-0.6104],[30.4895,-0.6111],[30.4887,-0.6113],[30.4879,-0.6116],[30.4869,-0.6119],[30.4863,-0.612],[30.4862,-0.612],[30.486,-0.6119],[30.4858,-0.6121],[30.4851,-0.6121],[30.4848,-0.612],[30.4844,-0.612],[30.4835,-0.6122],[30.4828,-0.6124],[30.4826,-0.6127],[30.4819,-0.6128],[30.4816,-0.613],[30.4814,-0.6131],[30.4811,-0.6137],[30.4806,-0.6141],[30.4798,-0.6146],[30.4795,-0.6147],[30.4793,-0.6151],[30.4792,-0.6154],[30.4787,-0.6158],[30.4783,-0.616],[30.478,-0.616],[30.4777,-0.6162],[30.4774,-0.6162],[30.477,-0.6164],[30.4766,-0.6168],[30.4763,-0.6169],[30.4761,-0.617],[30.4759,-0.6171],[30.4758,-0.6172],[30.4756,-0.6174],[30.4756,-0.6175],[30.4756,-0.6177],[30.4757,-0.6179],[30.4753,-0.618],[30.475,-0.6182],[30.4749,-0.6183],[30.4738,-0.6187],[30.4731,-0.6188],[30.473,-0.6188],[30.4728,-0.6189],[30.4726,-0.6191],[30.4724,-0.6191],[30.4717,-0.6197],[30.4708,-0.62],[30.4617,-0.6215],[30.459,-0.6224],[30.458,-0.6223],[30.4568,-0.6223],[30.4503,-0.6251],[30.4392,-0.6313],[30.424,-0.6465],[30.4059,-0.6739],[30.3991,-0.6774],[30.3982,-0.6812],[30.3817,-0.6956],[30.377,-0.7049],[30.3598,-0.708],[30.3552,-0.7123],[30.3421,-0.7149],[30.335,-0.7196],[30.33,-0.7137],[30.3141,-0.7172],[30.3234,-0.7203],[30.3237,-0.7301],[30.3383,-0.748],[30.335,-0.7517],[30.3442,-0.7568],[30.3519,-0.7662],[30.3604,-0.7868],[30.4003,-0.8149],[30.41,-0.8114],[30.4214,-0.8133],[30.4303,-0.8163],[30.4361,-0.8284],[30.4436,-0.833],[30.4634,-0.832],[30.4743,-0.8411],[30.5006,-0.846],[30.5099,-0.8435],[30.5182,-0.8282],[30.5486,-0.8261],[30.5557,-0.8289],[30.5658,-0.8261],[30.5708,-0.8203],[30.5928,-0.8197],[30.5937,-0.8272],[30.5707,-0.8444],[30.5678,-0.8584],[30.5808,-0.8578],[30.5884,-0.8614],[30.603,-0.8621],[30.6029,-0.8673],[30.6308,-0.8643],[30.637,-0.8415],[30.6407,-0.8378],[30.6524,-0.8372],[30.6504,-0.8116],[30.6566,-0.7862],[30.6472,-0.7681],[30.641,-0.7662]]]},"properties":{"name":"Rwampara District","id":"tsugXWRXwGu"}},
{"type":"Feature","geometry":{"type":"Polygon","coordinates":[[[31.55736939213348,0.081586730515285],[31.54051432252404,0.085650784087287],[31.525405045820758,0.057474672252129],[31.52494861367772,0.074651614382118],[31.53022051319383,0.094100323587102],[31.530688711423217,0.109279491906021],[31.5008,0.126],[31.4878,0.1386],[31.4791,0.1429],[31.4572,0.1476],[31.4375,0.1603],[31.4197,0.1634],[31.4088,0.1838],[31.4106,0.1931],[31.4065,0.1984],[31.3713,0.2077],[31.3579,0.205],[31.3283,0.2085],[31.3127,0.2011],[31.3023,0.2019],[31.2947,0.1986],[31.2949,0.1886],[31.2823,0.1796],[31.2779,0.1712],[31.262,0.1621],[31.2453,0.1667],[31.2336,0.1793],[31.2219,0.1819],[31.1917,0.1987],[31.1708,0.2305],[31.1582,0.2353],[31.1265,0.2318],[31.1113,0.2243],[31.1044,0.2156],[31.0801,0.2036],[31.0386,0.1978],[31.0267,0.1935],[31.0193,0.1975],[31.0134,0.1983],[31.0164,0.1689],[31.0339,0.1518],[31.0429,0.1503],[31.0497,0.1423],[31.0515,0.127],[31.0476,0.122],[31.0568,0.1165],[31.047,0.0987],[31.0496,0.0938],[31.0444,0.0916],[31.0428,0.0855],[31.052,0.0781],[31.0521,0.0639],[31.0546,0.0614],[31.057,0.0569],[31.0538,0.0491],[31.0589,0.044],[31.0548,0.0352],[31.0594,0.0219],[31.0585,0.015],[31.0299,-0.0098],[31.0236,-0.0257],[31.0265,-0.0361],[31.04,-0.0353],[31.0526,-0.027],[31.0586,-0.0307],[31.0695,-0.0302],[31.0758,-0.0239],[31.0831,-0.0296],[31.0915,-0.0439],[31.101,-0.0397],[31.1165,-0.0408],[31.1271,-0.0306],[31.1635,-0.0304],[31.161,-0.036],[31.2065,-0.0495],[31.2068,-0.0695],[31.2166,-0.0716],[31.2684,-0.0964],[31.3243,-0.11],[31.3315,-0.1466],[31.3316,-0.1838],[31.327,-0.1982],[31.3145,-0.2122],[31.304,-0.2502],[31.2935,-0.2678],[31.2947,-0.2828],[31.2881,-0.3017],[31.2981,-0.3107],[31.3349,-0.3156],[31.354,-0.3228],[31.3619,-0.3355],[31.3842,-0.3459],[31.3974,-0.3393],[31.4084,-0.3261],[31.4228,-0.3169],[31.438,-0.3184],[31.4622,-0.3135],[31.4707,-0.3167],[31.4806,-0.3145],[31.4839,-0.317],[31.504,-0.3181],[31.5256,-0.3126],[31.529,-0.3287],[31.5252,-0.34],[31.5455,-0.3357],[31.5472,-0.3195],[31.5582,-0.3215],[31.5711,-0.3315],[31.5896,-0.3256],[31.5973,-0.2957],[31.596,-0.2848],[31.5824,-0.2528],[31.5821,-0.2457],[31.5672,-0.2295],[31.5547,-0.2092],[31.5561,-0.2036],[31.5521,-0.182],[31.5466,-0.1728],[31.5508,-0.1488],[31.5493,-0.1329],[31.5531,-0.1266],[31.5425,-0.0838],[31.544,-0.0621],[31.5348,-0.0354],[31.5367,-0.0134],[31.5425,0.0004],[31.5571,0.0131],[31.5662,0.0267],[31.5899,0.0378],[31.6009,0.05],[31.579,0.0593],[31.55736939213348,0.081586730515285]]]},"properties":{"name":"Sembabule District","id":"j7AQsnEYmvi"}},
{"type":"Feature","geometry":{"type":"MultiPolygon","coordinates":[[[[33.532808511682916,1.314275778346086],[33.52809472226258,1.314872390472276],[33.523004918757444,1.309743601112087],[33.520502559439926,1.311842438569238],[33.52262910135063,1.315265673971209],[33.516983680626865,1.315568231938968],[33.510916615158415,1.310284273699831],[33.5238,1.3094],[33.532808511682916,1.314275778346086]]],[[[33.401681187019044,1.336414121731665],[33.40812963989778,1.341906926697642],[33.40491727845127,1.355932914426819],[33.3989066556828,1.350439253854602],[33.39226475614087,1.353047871011311],[33.39331844973837,1.361810613820128],[33.403228727738295,1.364281068902923],[33.404298431332144,1.367679181000981],[33.38527418257404,1.374759954944167],[33.37309217249545,1.367952283373115],[33.384,1.3585],[33.3954,1.3339],[33.401681187019044,1.336414121731665]]],[[[33.55299950129017,1.33634825467183],[33.54102972366761,1.336748584583782],[33.53106367265707,1.345777291502339],[33.52033507562686,1.346406398133339],[33.513974006207725,1.360809002322369],[33.52178739416562,1.372848435143549],[33.529340596096986,1.373999392649166],[33.53053269603398,1.366080003914301],[33.53600575733425,1.363309875802701],[33.544227335535865,1.366386493913322],[33.54991582044689,1.37470828561902],[33.56208783737508,1.364779371310491],[33.56491895310267,1.365601399018636],[33.57936539123032,1.378359010643148],[33.57255856091639,1.399347278375994],[33.58242654038598,1.400798257017066],[33.594853728851966,1.396257312778778],[33.598938221677024,1.399096952675694],[33.6048367548451,1.412670081516808],[33.61699570522629,1.407313461479118],[33.61840040708062,1.403740759962696],[33.60856910335323,1.404960990894321],[33.60625896791776,1.402850027292539],[33.610377806445804,1.401570249169225],[33.609964235598085,1.396906195638595],[33.5985856331229,1.390300000179281],[33.6255,1.3878],[33.6332,1.4016],[33.6395,1.4052],[33.6457,1.4046],[33.649,1.4087],[33.663,1.4061],[33.670886513900115,1.414084451032813],[33.667245861051995,1.419503177655193],[33.67336807247525,1.423159342127264],[33.676,1.4592],[33.691605066062785,1.488783732812164],[33.685940166389734,1.489309745672919],[33.68228374272163,1.477983403776262],[33.67685562301234,1.472944977586712],[33.673790966928685,1.474997234218155],[33.66956626573108,1.497938513023525],[33.67691638325369,1.515430700111429],[33.670745329067785,1.526552066519165],[33.67056879623383,1.533409747156361],[33.678477239725446,1.544361836927384],[33.685050433381676,1.566175300691943],[33.68771646016855,1.569916600904682],[33.69065973900832,1.571010261499955],[33.693649487783226,1.571606056473248],[33.69390055619697,1.571710935803558],[33.6812,1.5728],[33.67793923307852,1.573065601910906],[33.674479512536415,1.566511778972812],[33.67499461985101,1.559156714079078],[33.66102434862853,1.560571036743414],[33.658647997738605,1.573919828552579],[33.6565,1.5742],[33.6536,1.5741],[33.6477,1.574],[33.6428,1.5728],[33.6409,1.5724],[33.6402,1.5721],[33.6387,1.5722],[33.6379,1.5724],[33.6355,1.5726],[33.6348,1.5722],[33.6345,1.5708],[33.633,1.5703],[33.6325,1.5702],[33.6295,1.569],[33.6193,1.5696],[33.6157,1.5672],[33.6114,1.5617],[33.6089,1.5593],[33.6063,1.5576],[33.6031,1.5563],[33.6009,1.5556],[33.5993,1.5559],[33.5935,1.5573],[33.5882,1.5599],[33.5805,1.5678],[33.5767,1.5739],[33.576,1.574],[33.5711,1.578],[33.5682,1.5805],[33.5653,1.582],[33.5594,1.5869],[33.5593,1.588],[33.5577,1.5981],[33.5556,1.6021],[33.5533,1.6082],[33.5531,1.6133],[33.5529,1.6154],[33.5509,1.6164],[33.5497,1.6171],[33.5458,1.6187],[33.545,1.6188],[33.5438,1.6193],[33.5435,1.6194],[33.5433,1.6194],[33.5428,1.6193],[33.5418,1.6192],[33.5415,1.6193],[33.541,1.6194],[33.538,1.6194],[33.5366,1.6197],[33.5359,1.6199],[33.5355,1.62],[33.535,1.62],[33.5346,1.6201],[33.5339,1.6203],[33.5323,1.621],[33.532,1.6209],[33.5317,1.621],[33.5313,1.6213],[33.5302,1.6219],[33.5283,1.6227],[33.5216,1.6244],[33.5194,1.6246],[33.5183,1.6247],[33.5161,1.6248],[33.5146,1.6249],[33.5113,1.6254],[33.5082,1.626],[33.4996,1.6282],[33.4976,1.6286],[33.4956,1.6292],[33.4952,1.6293],[33.4945,1.6292],[33.4913,1.6295],[33.4901,1.6299],[33.4868,1.6314],[33.4853,1.6327],[33.4839,1.6343],[33.4819,1.6355],[33.478056657624826,1.633838510822048],[33.4643,1.6456],[33.4634,1.6461],[33.44877738466914,1.647798262965529],[33.43093201366396,1.658799115353864],[33.41049762552917,1.647270534343234],[33.39858277166329,1.652853564686011],[33.380613094008766,1.644794221646116],[33.366445981132166,1.643761850060941],[33.35423614429907,1.650339869268515],[33.33324140559539,1.645961903497386],[33.32111420164243,1.639728194135648],[33.318401935438686,1.628923566125531],[33.319998678649696,1.613693933856489],[33.307693549512386,1.622104850169534],[33.2927045233833,1.625234564381216],[33.280627238638,1.624953848896259],[33.263982009911594,1.617779741778902],[33.25682595115096,1.618983088564935],[33.2208617879116,1.588872415644497],[33.214619557100875,1.577944931679134],[33.2071191978741,1.573986139335972],[33.19525776823345,1.584231539124001],[33.18253633040898,1.566382582617381],[33.1650978124124,1.5689164079738],[33.160922842222256,1.566143482713823],[33.15724427181463,1.555403874762474],[33.142655279994514,1.552761433522984],[33.13335317297078,1.534966722099957],[33.13951758516103,1.519590572269059],[33.128837842567165,1.518475320855885],[33.12027252436156,1.524518518625511],[33.10688075164653,1.520317072041243],[33.09915718074266,1.523329324247144],[33.09405145271467,1.51609459178526],[33.088886635115344,1.49874079160874],[33.09037576865828,1.489871607240364],[33.09638698158714,1.480539123035863],[33.116033336154686,1.483987999558372],[33.13764835561287,1.476169100237068],[33.15651531866969,1.462185648727863],[33.165619370398595,1.471128730124855],[33.17539276454845,1.466990010349148],[33.18104894862512,1.470740190453888],[33.18601178289997,1.480758711739622],[33.20274695852985,1.487458662776655],[33.211737271243834,1.496831550251731],[33.215414823377984,1.493015821237285],[33.21099586346073,1.481685776823978],[33.21903728721631,1.477632982795922],[33.238533357202016,1.486060101502952],[33.25381650297964,1.497170000029945],[33.26150560865663,1.498005104649018],[33.27470395013318,1.491679523821577],[33.2762714378245,1.486477217072724],[33.26954413848045,1.479917454681468],[33.25015201666198,1.481722388500372],[33.24477379299757,1.475075584681639],[33.23754076279174,1.472113706155673],[33.23321057601409,1.461259530563449],[33.23826148321432,1.449501908712951],[33.236155393006655,1.44666697115865],[33.22881172413294,1.443116143342149],[33.22217420739691,1.444275410916662],[33.210834867642895,1.460475215502063],[33.20772957595037,1.461010139120375],[33.196499574212645,1.441105615015828],[33.17179768960613,1.428815568160073],[33.170216839853154,1.423559536055468],[33.150971307349586,1.42903078098533],[33.145260236471415,1.421138010326313],[33.15043723806725,1.419793881017911],[33.15511959295477,1.410910325692844],[33.16870759800486,1.402209341667912],[33.188135718757785,1.410591788005764],[33.2053381312375,1.411407682565357],[33.2110195716921,1.406737403523797],[33.21030968907047,1.403566142466277],[33.19997006777608,1.401659791415137],[33.198617470435046,1.395227344538843],[33.19105920916583,1.403288189387487],[33.1898609410403,1.397897564344012],[33.1964287130433,1.390219052440073],[33.2179206117282,1.385477555807302],[33.22594155477043,1.388102181140038],[33.23752804468732,1.386616735271599],[33.24356641967325,1.390390204762817],[33.246672361599174,1.397144162326903],[33.24021767405253,1.404687638464098],[33.24316012570519,1.405895130383136],[33.246428621630265,1.403436498485354],[33.24860099015608,1.406452651330818],[33.25451706649494,1.406083620260609],[33.25033615028472,1.397900907655065],[33.254950097946725,1.38913030780694],[33.279672360313974,1.394537973082211],[33.28676383527686,1.399627547583382],[33.28048865511257,1.422360122760131],[33.28464671629614,1.430746596723771],[33.29323457634807,1.431991468940625],[33.29950556034544,1.42567009986612],[33.30745184631247,1.423178258911397],[33.3204097599038,1.429437370632648],[33.33318640504902,1.42111814281389],[33.31219034307309,1.410401384255055],[33.302076355975935,1.415716786469397],[33.29252650090504,1.412884850262154],[33.29137944760293,1.405547481143016],[33.30235656984908,1.3971559923684],[33.30107572970603,1.389343109174268],[33.31846732051604,1.386785851451054],[33.32803035167695,1.400324669593251],[33.33491916359703,1.397966070583062],[33.34177858361982,1.382772453350648],[33.34851373570574,1.386661152224358],[33.35380522990305,1.376828157375895],[33.36539952925202,1.380412432397751],[33.36764533831683,1.389042709327292],[33.3601733822597,1.398462160377348],[33.36524078517286,1.411174490804581],[33.37187764208098,1.418027716565124],[33.37429469507797,1.40785644520328],[33.37736226444735,1.411273757814087],[33.375405872300654,1.403595098413492],[33.37992367411869,1.404534975705854],[33.387041397168396,1.400750719267778],[33.38449642596228,1.394451280772582],[33.38956526519118,1.391408654406597],[33.39362184572473,1.396104806925226],[33.390867295303615,1.399945741184966],[33.394527496065315,1.409462331305421],[33.392988089238415,1.412808586112444],[33.399330535952664,1.412643803071673],[33.394798942720286,1.416615951144026],[33.401130246787325,1.420208791649458],[33.40641197263979,1.41359024398157],[33.39847690479117,1.404764262472713],[33.40249409783025,1.392392880032986],[33.42154654087445,1.388881549655792],[33.42422996441168,1.396116413285108],[33.43305824613082,1.376559136353747],[33.44053588614196,1.372752932251905],[33.45128036848063,1.374546458712766],[33.4393524537581,1.362111058659184],[33.43623281021882,1.353286281436893],[33.43912252341995,1.33304621181429],[33.44765255841268,1.330691601444428],[33.452975549846464,1.333172606089074],[33.45935942225902,1.329747321902896],[33.4813,1.3302],[33.50161411747527,1.319142017310362],[33.50461503533354,1.323255284188032],[33.51952515694262,1.323270846114666],[33.51960507309921,1.32664362331337],[33.51531430389138,1.325116166151772],[33.51116561689632,1.328795162599977],[33.52621629678432,1.334537882676942],[33.53507331154698,1.32790573649352],[33.54832769409666,1.324996796274069],[33.54584910192558,1.318099281626484],[33.55299950129017,1.33634825467183]],[[33.664824848792236,1.499194904116551],[33.66631543967498,1.486364055297244],[33.65979946486762,1.492142592108162],[33.66179006846836,1.496108661650749],[33.652257305490224,1.495157111233735],[33.655409939557096,1.501615761915077],[33.664824848792236,1.499194904116551]],[[33.46281897517635,1.339413171492556],[33.46638886863244,1.337394735048735],[33.46614249143752,1.344682958861241],[33.47629162437614,1.342309555780476],[33.48205814783468,1.354525182180378],[33.49549994185599,1.348968491461303],[33.49387318188971,1.336107488323546],[33.48963841069171,1.330912857745363],[33.48168854167808,1.334785959245472],[33.46354267110147,1.333901734946748],[33.46281897517635,1.339413171492556]],[[33.43623281021882,1.353286281436893],[33.44424954677131,1.363934819789589],[33.4500652393256,1.36592491651393],[33.44166511859378,1.347947283650767],[33.43623281021882,1.353286281436893]],[[33.442122494613024,1.376039239624612],[33.43572836557253,1.37858065096797],[33.43038700621992,1.390133804478703],[33.429757469098156,1.397782879038584],[33.43498699262173,1.401305150189286],[33.43221688976026,1.402633596197626],[33.43460998140386,1.407234679256653],[33.44314050848997,1.3972064579202],[33.450460300800586,1.393377054259814],[33.4486213880098,1.384023959406342],[33.45180494333622,1.379663273326357],[33.442122494613024,1.376039239624612]]]]},"properties":{"name":"Serere District","id":"zJfpujxC1kD"}},
{"type":"Feature","geometry":{"type":"Polygon","coordinates":[[[30.3057,-0.4334],[30.3071,-0.4596],[30.3105,-0.4624],[30.305,-0.4768],[30.3064,-0.4877],[30.3104,-0.493],[30.3068,-0.5457],[30.3093,-0.5483],[30.3059,-0.5631],[30.3097,-0.5739],[30.2975,-0.5836],[30.3004,-0.591],[30.2898,-0.6097],[30.2887,-0.6205],[30.2759,-0.6201],[30.2478,-0.6281],[30.2418,-0.6275],[30.2373,-0.6215],[30.2306,-0.6192],[30.2182,-0.6259],[30.2079,-0.6221],[30.1959,-0.6302],[30.1832,-0.6322],[30.1778,-0.6443],[30.1678,-0.6529],[30.1596,-0.6667],[30.1511,-0.6557],[30.1369,-0.6533],[30.1364,-0.6532],[30.1138,-0.6497],[30.1202,-0.6658],[30.1214,-0.6776],[30.1258,-0.682],[30.1196,-0.6916],[30.1321,-0.701],[30.1348,-0.709],[30.1439,-0.712],[30.1588,-0.7253],[30.1665,-0.7247],[30.1685,-0.7332],[30.1892,-0.7432],[30.1925,-0.7472],[30.1921,-0.7535],[30.1999,-0.7635],[30.2235,-0.7576],[30.2337,-0.7509],[30.2449,-0.7501],[30.2559,-0.7396],[30.2735,-0.7365],[30.2761,-0.732],[30.2865,-0.7361],[30.2962,-0.7299],[30.3028,-0.7294],[30.3112,-0.7358],[30.3141,-0.7172],[30.33,-0.7137],[30.335,-0.7196],[30.3421,-0.7149],[30.3552,-0.7123],[30.3598,-0.708],[30.377,-0.7049],[30.3817,-0.6956],[30.3982,-0.6812],[30.3991,-0.6774],[30.4059,-0.6739],[30.424,-0.6465],[30.4392,-0.6313],[30.4388,-0.6301],[30.4381,-0.6275],[30.4386,-0.6262],[30.4389,-0.625],[30.4405,-0.6235],[30.4425,-0.6194],[30.441,-0.6171],[30.4407,-0.6146],[30.4441,-0.607],[30.4446,-0.6064],[30.4466,-0.6058],[30.4476,-0.6034],[30.448,-0.602],[30.4477,-0.6009],[30.447,-0.5992],[30.4471,-0.5984],[30.4477,-0.5977],[30.4478,-0.5972],[30.448,-0.5946],[30.4485,-0.5927],[30.4484,-0.5925],[30.4488,-0.5914],[30.4482,-0.5888],[30.4484,-0.5877],[30.4493,-0.5855],[30.4499,-0.5836],[30.4508,-0.5815],[30.4511,-0.5801],[30.4514,-0.5795],[30.4538,-0.578],[30.4565,-0.5777],[30.4576,-0.5746],[30.4576,-0.5736],[30.4568,-0.572],[30.4546,-0.5689],[30.4544,-0.5669],[30.4552,-0.5591],[30.4556,-0.5566],[30.4566,-0.5516],[30.457,-0.5496],[30.4574,-0.5436],[30.4574,-0.5393],[30.4579,-0.5374],[30.4584,-0.5354],[30.4601,-0.5291],[30.4612,-0.5273],[30.4656,-0.5151],[30.4673,-0.508],[30.4686,-0.5028],[30.469,-0.501],[30.4693,-0.4978],[30.4696,-0.4937],[30.4701,-0.4895],[30.4705,-0.488],[30.4712,-0.4863],[30.4714,-0.4844],[30.472,-0.4812],[30.4727,-0.4779],[30.473,-0.476],[30.4731,-0.4753],[30.4739,-0.4718],[30.4742,-0.4711],[30.4775,-0.4667],[30.4784,-0.4627],[30.478,-0.4603],[30.4776,-0.459],[30.4766,-0.4525],[30.4749,-0.4504],[30.473,-0.4491],[30.4729,-0.449],[30.4699,-0.4447],[30.4689,-0.4434],[30.4674,-0.4424],[30.466,-0.442],[30.464,-0.4416],[30.4622,-0.4405],[30.4612,-0.4386],[30.4611,-0.438],[30.4609,-0.4359],[30.4603,-0.4349],[30.4602,-0.4339],[30.46,-0.4322],[30.4589,-0.4322],[30.4584,-0.4321],[30.4574,-0.4301],[30.4572,-0.4295],[30.4572,-0.4292],[30.4565,-0.4293],[30.4547,-0.4292],[30.4524,-0.4293],[30.4445,-0.4301],[30.442,-0.43],[30.4369,-0.4256],[30.4315,-0.4258],[30.4199,-0.4285],[30.4137,-0.4332],[30.4017,-0.429],[30.3969,-0.4374],[30.3903,-0.4328],[30.3851,-0.4342],[30.3742,-0.4558],[30.3687,-0.4566],[30.3603,-0.4463],[30.3544,-0.4507],[30.3477,-0.4492],[30.3375,-0.4567],[30.3285,-0.4578],[30.3196,-0.4555],[30.3164,-0.4439],[30.3057,-0.4334]]]},"properties":{"name":"Sheema District","id":"xAJgEKKAeRA"}},
{"type":"Feature","geometry":{"type":"Polygon","coordinates":[[[33.5879,1.6803],[33.5757,1.6571],[33.5679,1.6539],[33.5617,1.6471],[33.5645,1.6439],[33.579,1.6393],[33.6048,1.6419],[33.623,1.6318],[33.64,1.6372],[33.6551,1.6239],[33.6668,1.6182],[33.6675,1.615],[33.6707,1.6274],[33.6669,1.6489],[33.6698,1.6563],[33.6661,1.6647],[33.6737,1.6709],[33.6753,1.6775],[33.6949,1.7003],[33.6848,1.7074],[33.6837,1.728],[33.6643,1.729],[33.6543,1.7577],[33.6541,1.7766],[33.6632,1.8079],[33.67,1.8138],[33.6727,1.8231],[33.6698,1.8194],[33.6523,1.8211],[33.6379,1.7959],[33.6214,1.8005],[33.6206,1.7914],[33.6153,1.7967],[33.6163,1.8074],[33.6124,1.8127],[33.6038,1.8148],[33.5976,1.822],[33.5892,1.8258],[33.5821,1.8256],[33.5832,1.81],[33.5777,1.7922],[33.5519,1.7723],[33.5804,1.7446],[33.5673,1.7393],[33.5482,1.7421],[33.5235,1.7374],[33.5171,1.7238],[33.5382,1.7215],[33.5392,1.7115],[33.524,1.6991],[33.519,1.6909],[33.5196,1.6878],[33.5315,1.6917],[33.5281,1.6756],[33.5368,1.6757],[33.5446,1.683],[33.5534,1.6798],[33.5681,1.6833],[33.5795,1.678],[33.5879,1.6803]]]},"properties":{"name":"Soroti City","id":"iRUvO30ij3h"}},
{"type":"Feature","geometry":{"type":"Polygon","coordinates":[[[31.1968,3.078],[31.1974,3.0788],[31.2013,3.0788],[31.206,3.0766],[31.2084,3.0763],[31.209,3.0756],[31.2089,3.0751],[31.2105,3.0733],[31.2105,3.0728],[31.2103,3.0716],[31.2151,3.0692],[31.2166,3.0695],[31.2198,3.0688],[31.224,3.069],[31.2278,3.0746],[31.2321,3.0752],[31.2338,3.0754],[31.2358,3.0754],[31.237,3.0763],[31.238,3.0766],[31.2387,3.0771],[31.2413,3.078],[31.2422,3.0764],[31.2427,3.0759],[31.2444,3.0754],[31.245,3.0742],[31.2453,3.0739],[31.2463,3.0735],[31.2495,3.0761],[31.2505,3.0772],[31.2514,3.0778],[31.252,3.0786],[31.2477,3.0853],[31.2464,3.0867],[31.246,3.089],[31.2459,3.0968],[31.2489,3.0983],[31.2511,3.099],[31.2577,3.0963],[31.2612,3.0943],[31.2725,3.0902],[31.2726,3.0902],[31.2779,3.0872],[31.2831,3.0786],[31.2859,3.0754],[31.288,3.074],[31.296,3.0739],[31.2981,3.0744],[31.3048,3.0805],[31.3118,3.0806],[31.3177,3.0893],[31.318,3.0916],[31.3234,3.0969],[31.328,3.097],[31.3323,3.097],[31.3341,3.0975],[31.3355,3.0974],[31.3361,3.0978],[31.3362,3.0983],[31.3382,3.0994],[31.3395,3.0998],[31.3413,3.1009],[31.3416,3.101],[31.3419,3.1013],[31.3439,3.1025],[31.3449,3.1022],[31.3454,3.1022],[31.3459,3.1028],[31.3464,3.103],[31.3471,3.1036],[31.3484,3.1047],[31.3458,3.113],[31.3409,3.1143],[31.3384,3.1148],[31.3449,3.1283],[31.3458,3.1326],[31.3462,3.137],[31.3471,3.1408],[31.3489,3.1438],[31.3488,3.1464],[31.3479,3.1537],[31.3511,3.1562],[31.3498,3.1606],[31.3529,3.162],[31.3536,3.1621],[31.3569,3.1625],[31.3587,3.1621],[31.3603,3.1598],[31.3624,3.1591],[31.3624,3.1595],[31.3623,3.1603],[31.3629,3.1609],[31.3634,3.1612],[31.3647,3.1633],[31.3647,3.1638],[31.3651,3.1645],[31.3653,3.1653],[31.3658,3.1667],[31.3663,3.1675],[31.3672,3.1692],[31.3679,3.1702],[31.3681,3.1709],[31.3682,3.1712],[31.3697,3.1743],[31.3692,3.1747],[31.3689,3.1754],[31.3694,3.1773],[31.3693,3.1782],[31.3694,3.1823],[31.3722,3.1855],[31.3725,3.1856],[31.374,3.1859],[31.374,3.1863],[31.374,3.1874],[31.374,3.1881],[31.3737,3.1895],[31.3722,3.189],[31.3725,3.1911],[31.3734,3.1914],[31.3736,3.1929],[31.3747,3.1931],[31.3753,3.1919],[31.3771,3.1927],[31.3776,3.1918],[31.3801,3.1926],[31.3813,3.1922],[31.3828,3.1921],[31.3838,3.1922],[31.385,3.1926],[31.3842,3.1909],[31.3851,3.1899],[31.3854,3.1868],[31.3839,3.185],[31.3866,3.1814],[31.3884,3.1806],[31.3895,3.1802],[31.3922,3.179],[31.3949,3.1784],[31.3963,3.1774],[31.4005,3.1779],[31.4016,3.1783],[31.402,3.1797],[31.4027,3.1803],[31.4068,3.1839],[31.408,3.1842],[31.4086,3.1841],[31.4088,3.184],[31.409,3.1843],[31.4092,3.185],[31.4091,3.1853],[31.4092,3.1855],[31.4094,3.1858],[31.4095,3.1862],[31.4098,3.1865],[31.4097,3.1872],[31.4098,3.1873],[31.4101,3.1876],[31.4105,3.1881],[31.411,3.189],[31.4112,3.1898],[31.4111,3.19],[31.411,3.1904],[31.4111,3.1907],[31.4113,3.1908],[31.4113,3.191],[31.4111,3.1917],[31.4109,3.1923],[31.4103,3.1938],[31.4099,3.1944],[31.4099,3.1946],[31.41,3.195],[31.4099,3.1951],[31.4094,3.1951],[31.409,3.1947],[31.4088,3.1945],[31.4086,3.1946],[31.4085,3.1947],[31.4082,3.1946],[31.408,3.1945],[31.4078,3.1946],[31.4077,3.1949],[31.4077,3.1952],[31.4079,3.1961],[31.4087,3.1964],[31.4088,3.1968],[31.4084,3.1975],[31.4083,3.1977],[31.4079,3.1976],[31.4077,3.1975],[31.4076,3.1975],[31.4074,3.1977],[31.4074,3.198],[31.4074,3.1982],[31.4073,3.1986],[31.4074,3.1988],[31.4075,3.1991],[31.4076,3.1995],[31.4075,3.1998],[31.4076,3.2001],[31.4078,3.2005],[31.4078,3.2006],[31.4077,3.2007],[31.4075,3.2009],[31.4073,3.201],[31.4064,3.2014],[31.4063,3.2014],[31.406,3.2015],[31.4055,3.202],[31.4053,3.2023],[31.4051,3.2024],[31.405,3.2024],[31.4046,3.2021],[31.4045,3.2021],[31.4041,3.2026],[31.4041,3.2032],[31.4042,3.2034],[31.4043,3.2037],[31.4043,3.2039],[31.4041,3.2044],[31.4037,3.205],[31.4037,3.2052],[31.4034,3.2053],[31.403,3.2052],[31.4023,3.2055],[31.4013,3.2067],[31.401,3.2066],[31.4006,3.2063],[31.4,3.207],[31.3998,3.2072],[31.3997,3.2073],[31.3992,3.2077],[31.3992,3.208],[31.3993,3.2082],[31.3994,3.2083],[31.3995,3.2084],[31.3995,3.2086],[31.3995,3.2088],[31.3994,3.209],[31.3991,3.2092],[31.3984,3.2095],[31.3983,3.21],[31.3981,3.2104],[31.3981,3.2105],[31.3981,3.2106],[31.3988,3.2114],[31.3992,3.2121],[31.3989,3.2135],[31.399,3.2141],[31.3992,3.2149],[31.3993,3.2152],[31.3995,3.2158],[31.3995,3.2162],[31.3995,3.2171],[31.3986,3.2185],[31.3983,3.2187],[31.3981,3.2187],[31.3971,3.2184],[31.3963,3.2188],[31.3954,3.2196],[31.395,3.2198],[31.394,3.2205],[31.3937,3.2207],[31.3935,3.2208],[31.3932,3.2209],[31.3907,3.2202],[31.3904,3.2201],[31.3903,3.2199],[31.3899,3.2196],[31.3887,3.2202],[31.3881,3.2208],[31.3878,3.2213],[31.3868,3.2224],[31.3861,3.223],[31.3859,3.2233],[31.3852,3.2236],[31.3843,3.2234],[31.3832,3.2234],[31.3814,3.2234],[31.3778,3.2232],[31.3747,3.2227],[31.3721,3.2223],[31.3706,3.2221],[31.3661,3.2218],[31.3656,3.222],[31.3647,3.2226],[31.3642,3.2229],[31.3638,3.223],[31.3631,3.2228],[31.363,3.2228],[31.3629,3.2228],[31.3628,3.2228],[31.3627,3.2231],[31.3627,3.2233],[31.3624,3.2234],[31.3619,3.2237],[31.3615,3.2235],[31.3613,3.2233],[31.3612,3.2233],[31.3609,3.2236],[31.3608,3.2237],[31.3606,3.2238],[31.3605,3.2237],[31.3603,3.2229],[31.3602,3.2228],[31.3601,3.2227],[31.3599,3.2225],[31.3595,3.2225],[31.3593,3.2226],[31.3588,3.2225],[31.3584,3.2224],[31.3571,3.2218],[31.3566,3.2211],[31.356,3.2207],[31.3554,3.2205],[31.3546,3.2204],[31.3543,3.2203],[31.3538,3.2198],[31.3534,3.2196],[31.3526,3.22],[31.3523,3.2201],[31.3522,3.2202],[31.352,3.2203],[31.3519,3.2205],[31.352,3.2208],[31.3523,3.2213],[31.3523,3.2215],[31.3522,3.2216],[31.3521,3.2217],[31.3518,3.2217],[31.3514,3.2214],[31.3513,3.2212],[31.3511,3.2212],[31.351,3.2212],[31.3504,3.2219],[31.3503,3.2223],[31.3504,3.2225],[31.3504,3.2226],[31.3506,3.2228],[31.3507,3.2231],[31.3505,3.2233],[31.3503,3.2234],[31.3501,3.2233],[31.3498,3.2233],[31.3495,3.2233],[31.3491,3.2235],[31.3481,3.2239],[31.3475,3.2242],[31.3472,3.2244],[31.3472,3.2245],[31.3472,3.2247],[31.3471,3.225],[31.347,3.225],[31.3469,3.2249],[31.3468,3.2249],[31.3467,3.2248],[31.3466,3.2247],[31.3462,3.2246],[31.3457,3.2246],[31.3456,3.2245],[31.3453,3.2241],[31.3452,3.2239],[31.3449,3.2239],[31.3447,3.2241],[31.3443,3.224],[31.3441,3.224],[31.3438,3.2238],[31.3436,3.2237],[31.3432,3.2238],[31.3428,3.2247],[31.3428,3.2249],[31.3429,3.225],[31.343,3.2252],[31.343,3.2255],[31.3426,3.226],[31.3416,3.2264],[31.3416,3.2266],[31.3418,3.2268],[31.3419,3.2273],[31.3419,3.2277],[31.3419,3.2278],[31.3422,3.228],[31.3423,3.2281],[31.3424,3.2282],[31.3424,3.2283],[31.3423,3.2286],[31.3423,3.2289],[31.3418,3.2305],[31.3414,3.2334],[31.3414,3.2337],[31.3412,3.235],[31.3408,3.2375],[31.3408,3.238],[31.3402,3.239],[31.34,3.2392],[31.3394,3.2397],[31.3392,3.24],[31.3386,3.241],[31.3386,3.2414],[31.338,3.2421],[31.3377,3.2423],[31.3378,3.2427],[31.3376,3.2432],[31.3375,3.2434],[31.3373,3.244],[31.3371,3.2443],[31.3368,3.2447],[31.3367,3.2449],[31.3367,3.2456],[31.3368,3.246],[31.3371,3.2471],[31.3375,3.2473],[31.3376,3.2476],[31.3373,3.2481],[31.3372,3.2483],[31.3365,3.2491],[31.336,3.2494],[31.3357,3.2496],[31.3358,3.2499],[31.3358,3.25],[31.3361,3.2503],[31.3361,3.2505],[31.3361,3.2506],[31.3356,3.2508],[31.3352,3.2507],[31.3348,3.2507],[31.3346,3.251],[31.3345,3.2517],[31.3343,3.2523],[31.3338,3.2528],[31.3336,3.2531],[31.3335,3.2534],[31.333,3.2541],[31.3325,3.2538],[31.3323,3.2539],[31.3322,3.2541],[31.3323,3.2543],[31.3325,3.2545],[31.3329,3.2549],[31.3329,3.2555],[31.3327,3.2559],[31.3322,3.2567],[31.3319,3.257],[31.3312,3.2578],[31.3309,3.2589],[31.3313,3.2594],[31.3313,3.2595],[31.3312,3.2598],[31.3309,3.2601],[31.3307,3.2602],[31.3304,3.26],[31.3302,3.2603],[31.3301,3.2607],[31.3303,3.2609],[31.3304,3.2609],[31.3305,3.2611],[31.3304,3.2614],[31.3302,3.2623],[31.3302,3.2624],[31.3289,3.2637],[31.3287,3.2642],[31.3287,3.2643],[31.3284,3.2648],[31.3283,3.265],[31.328,3.2656],[31.3277,3.2658],[31.3273,3.266],[31.3267,3.2661],[31.3249,3.2658],[31.3244,3.266],[31.3241,3.2665],[31.3238,3.2666],[31.3227,3.2667],[31.3222,3.2663],[31.3219,3.2661],[31.3214,3.2661],[31.3206,3.2667],[31.32,3.2668],[31.3195,3.2668],[31.3191,3.267],[31.3187,3.2676],[31.3181,3.2688],[31.3182,3.2696],[31.3189,3.2701],[31.3192,3.2705],[31.3192,3.2708],[31.3192,3.2711],[31.3188,3.2714],[31.3185,3.2715],[31.3178,3.2715],[31.3175,3.2717],[31.3173,3.272],[31.317,3.2721],[31.3168,3.272],[31.3167,3.272],[31.3162,3.2716],[31.3159,3.2715],[31.3156,3.2714],[31.3155,3.2713],[31.3157,3.2709],[31.316,3.2705],[31.3161,3.2702],[31.316,3.2696],[31.3159,3.2695],[31.3156,3.2692],[31.3155,3.2691],[31.3153,3.269],[31.3152,3.2689],[31.3151,3.2687],[31.3151,3.2686],[31.315,3.2685],[31.3147,3.2682],[31.3143,3.2683],[31.3136,3.2683],[31.3133,3.2683],[31.3123,3.268],[31.3117,3.2681],[31.3109,3.2687],[31.3105,3.2691],[31.3091,3.2701],[31.3087,3.2703],[31.3082,3.2704],[31.308,3.2706],[31.308,3.2709],[31.3081,3.2712],[31.3084,3.2714],[31.3088,3.2713],[31.3099,3.2712],[31.3106,3.2716],[31.3108,3.2719],[31.3108,3.2722],[31.3108,3.2724],[31.3109,3.2725],[31.3112,3.2728],[31.3113,3.2731],[31.3113,3.2732],[31.3106,3.274],[31.3105,3.2743],[31.3091,3.2758],[31.309,3.2759],[31.3084,3.2766],[31.3085,3.2775],[31.3085,3.2776],[31.3088,3.2781],[31.3089,3.2787],[31.3089,3.2795],[31.3082,3.28],[31.3063,3.2794],[31.3056,3.2792],[31.3053,3.2793],[31.3052,3.2795],[31.3054,3.28],[31.3058,3.2821],[31.3056,3.2823],[31.3054,3.2829],[31.3055,3.283],[31.3057,3.2832],[31.3063,3.2837],[31.3063,3.284],[31.3061,3.284],[31.3058,3.284],[31.3043,3.2828],[31.3039,3.2824],[31.3036,3.2823],[31.3035,3.2823],[31.3033,3.2822],[31.303,3.2819],[31.3029,3.2815],[31.3023,3.281],[31.3016,3.2805],[31.3014,3.2804],[31.301,3.2799],[31.2992,3.2782],[31.2989,3.2779],[31.2988,3.2779],[31.2985,3.2782],[31.2984,3.2783],[31.2982,3.2782],[31.2981,3.2781],[31.2982,3.278],[31.2983,3.2779],[31.2983,3.2777],[31.2983,3.2775],[31.2982,3.2774],[31.2978,3.2771],[31.2978,3.2766],[31.2975,3.2753],[31.2953,3.2741],[31.295,3.2743],[31.2947,3.2743],[31.2945,3.2742],[31.2944,3.2741],[31.2943,3.2743],[31.2942,3.2746],[31.2943,3.2749],[31.2944,3.2755],[31.2944,3.2759],[31.2943,3.2761],[31.2941,3.2763],[31.2938,3.2764],[31.2916,3.2769],[31.2911,3.2773],[31.2908,3.2777],[31.2904,3.2782],[31.2889,3.2783],[31.2886,3.2784],[31.2879,3.2786],[31.2865,3.2783],[31.2861,3.2783],[31.2854,3.2787],[31.2851,3.2788],[31.2846,3.2786],[31.2841,3.2783],[31.2838,3.2785],[31.2837,3.2787],[31.2835,3.2789],[31.2833,3.2789],[31.283,3.2787],[31.2829,3.2787],[31.2827,3.2781],[31.2824,3.2776],[31.2819,3.2773],[31.2817,3.2766],[31.2816,3.2763],[31.281,3.2765],[31.2808,3.2767],[31.2798,3.2777],[31.2797,3.2781],[31.2792,3.2789],[31.2789,3.279],[31.2779,3.2799],[31.2775,3.2802],[31.2768,3.2807],[31.2762,3.2808],[31.2747,3.2811],[31.2742,3.2814],[31.2737,3.2817],[31.2732,3.2818],[31.2728,3.2821],[31.2713,3.2835],[31.2706,3.2839],[31.27,3.2847],[31.2695,3.285],[31.2687,3.2851],[31.2685,3.2853],[31.2674,3.2854],[31.2665,3.2854],[31.2663,3.2858],[31.2664,3.2865],[31.2663,3.2866],[31.2661,3.2868],[31.2654,3.2872],[31.2643,3.2864],[31.2636,3.286],[31.2623,3.2858],[31.2617,3.2856],[31.2611,3.2847],[31.2598,3.2832],[31.2588,3.2826],[31.2581,3.2824],[31.2569,3.2816],[31.2566,3.2817],[31.256,3.282],[31.2555,3.2822],[31.2549,3.2823],[31.2543,3.2822],[31.2539,3.2822],[31.2532,3.2818],[31.2529,3.2817],[31.2523,3.2819],[31.2515,3.2824],[31.2507,3.2829],[31.2485,3.2842],[31.2484,3.2843],[31.2478,3.2852],[31.2467,3.287],[31.2462,3.2878],[31.246,3.2882],[31.2438,3.2893],[31.2435,3.2896],[31.243,3.2898],[31.2421,3.2897],[31.241,3.2897],[31.2408,3.2905],[31.2405,3.2909],[31.2398,3.2913],[31.2396,3.2915],[31.2394,3.2917],[31.2396,3.2922],[31.2404,3.2925],[31.2414,3.2933],[31.2416,3.2935],[31.2415,3.2942],[31.2402,3.295],[31.239,3.2955],[31.2388,3.2957],[31.2385,3.2963],[31.2386,3.2983],[31.2385,3.2988],[31.2383,3.299],[31.2375,3.2997],[31.2372,3.2999],[31.2367,3.3],[31.2363,3.3006],[31.2366,3.3011],[31.2371,3.3019],[31.2375,3.3027],[31.2377,3.3035],[31.2377,3.304],[31.2371,3.3047],[31.2366,3.3049],[31.2362,3.305],[31.2356,3.3048],[31.235,3.3047],[31.2344,3.3052],[31.2341,3.3054],[31.2337,3.3058],[31.233,3.3092],[31.2337,3.3095],[31.2342,3.3095],[31.2347,3.31],[31.2353,3.3107],[31.2352,3.311],[31.2352,3.3112],[31.2351,3.3117],[31.2347,3.312],[31.2341,3.3119],[31.2338,3.3122],[31.2338,3.3123],[31.2341,3.3125],[31.234,3.3132],[31.2337,3.314],[31.2334,3.3141],[31.2318,3.3132],[31.2306,3.3125],[31.2302,3.312],[31.2301,3.3118],[31.2297,3.3115],[31.2294,3.3114],[31.2289,3.3112],[31.2282,3.3112],[31.2278,3.3111],[31.227,3.3112],[31.2262,3.311],[31.2256,3.3111],[31.2249,3.3109],[31.2247,3.3108],[31.223,3.311],[31.2219,3.3117],[31.2216,3.3119],[31.2214,3.3122],[31.2208,3.3127],[31.2205,3.3134],[31.2202,3.3136],[31.2197,3.3137],[31.2189,3.3136],[31.2185,3.314],[31.2178,3.3152],[31.2177,3.3161],[31.2178,3.3164],[31.2184,3.3174],[31.2181,3.3179],[31.2178,3.318],[31.2169,3.3182],[31.2166,3.3185],[31.2165,3.3186],[31.2162,3.3191],[31.216,3.3198],[31.2158,3.3201],[31.2154,3.3204],[31.2147,3.3206],[31.2141,3.3209],[31.2134,3.3217],[31.2132,3.3218],[31.2126,3.3219],[31.2123,3.322],[31.2121,3.3221],[31.2113,3.3232],[31.2111,3.3236],[31.211,3.3239],[31.2111,3.3245],[31.2111,3.3257],[31.2107,3.3263],[31.2106,3.3264],[31.2102,3.3268],[31.2092,3.3274],[31.2087,3.3283],[31.2081,3.3289],[31.2072,3.3291],[31.2068,3.3292],[31.2062,3.3297],[31.206,3.3301],[31.2056,3.3308],[31.2048,3.3317],[31.2044,3.3323],[31.2043,3.3325],[31.2044,3.3331],[31.2041,3.333],[31.204,3.333],[31.2037,3.3332],[31.2042,3.3342],[31.2041,3.3347],[31.2039,3.3352],[31.204,3.3354],[31.2043,3.3356],[31.2046,3.3357],[31.2043,3.3361],[31.2041,3.3362],[31.2038,3.3364],[31.2033,3.3369],[31.201,3.3379],[31.2006,3.3384],[31.2005,3.3387],[31.2,3.3389],[31.1997,3.3388],[31.1992,3.3387],[31.1987,3.3388],[31.1982,3.3387],[31.1979,3.3388],[31.1974,3.3391],[31.1968,3.3393],[31.1963,3.3392],[31.1949,3.34],[31.1945,3.3401],[31.1941,3.3403],[31.1937,3.3405],[31.1934,3.3404],[31.1925,3.3403],[31.1909,3.3402],[31.1907,3.3404],[31.1906,3.3408],[31.1907,3.3414],[31.1905,3.3417],[31.1902,3.3418],[31.1898,3.3419],[31.1899,3.3409],[31.1898,3.3408],[31.1893,3.3407],[31.1892,3.3407],[31.1889,3.3403],[31.1884,3.3398],[31.188,3.3394],[31.1876,3.3393],[31.1867,3.339],[31.1862,3.3389],[31.1863,3.3388],[31.1863,3.3384],[31.186,3.3378],[31.1851,3.3375],[31.1848,3.3369],[31.1843,3.3368],[31.1843,3.3369],[31.1843,3.3374],[31.184,3.3381],[31.1838,3.3388],[31.1839,3.3389],[31.1838,3.3391],[31.1834,3.3392],[31.1828,3.3389],[31.1825,3.3386],[31.1815,3.3394],[31.1791,3.3399],[31.1784,3.3417],[31.1782,3.3419],[31.1779,3.342],[31.1776,3.3423],[31.1778,3.3428],[31.1778,3.3431],[31.1774,3.3433],[31.1772,3.3435],[31.1778,3.3439],[31.1778,3.3441],[31.1778,3.3445],[31.1776,3.3452],[31.1766,3.346],[31.176,3.3464],[31.1748,3.3469],[31.1747,3.347],[31.1739,3.3488],[31.1733,3.3498],[31.1731,3.3502],[31.1726,3.3508],[31.1713,3.3512],[31.1683,3.3511],[31.1596,3.3508],[31.1525,3.3502],[31.1513,3.3501],[31.1509,3.3494],[31.1505,3.3488],[31.1501,3.3483],[31.1492,3.3481],[31.1487,3.3476],[31.148,3.3473],[31.1468,3.3473],[31.1447,3.3468],[31.1428,3.3444],[31.1423,3.3431],[31.1421,3.3426],[31.141,3.3388],[31.1412,3.3387],[31.1424,3.3373],[31.144,3.3362],[31.1443,3.3359],[31.1444,3.3352],[31.1447,3.3347],[31.1452,3.3343],[31.1455,3.3339],[31.1456,3.3335],[31.1455,3.3333],[31.1454,3.3332],[31.1451,3.3329],[31.1448,3.3324],[31.145,3.3322],[31.145,3.3315],[31.1448,3.3312],[31.1449,3.3306],[31.1445,3.3301],[31.1442,3.3302],[31.1438,3.3306],[31.1438,3.3305],[31.1435,3.3297],[31.1433,3.3295],[31.1418,3.3284],[31.1417,3.3282],[31.1415,3.328],[31.1411,3.327],[31.141,3.3269],[31.1405,3.3269],[31.1404,3.3263],[31.1399,3.3262],[31.1401,3.3253],[31.14,3.325],[31.1398,3.3249],[31.1395,3.3247],[31.1392,3.3245],[31.1389,3.3245],[31.1382,3.3238],[31.1381,3.3236],[31.1381,3.3235],[31.1385,3.3225],[31.1382,3.3218],[31.1381,3.3217],[31.1375,3.3212],[31.1373,3.3209],[31.1371,3.32],[31.1369,3.3195],[31.137,3.3189],[31.1368,3.3174],[31.1367,3.3164],[31.1363,3.3158],[31.1365,3.3145],[31.1373,3.3139],[31.137,3.3124],[31.137,3.3119],[31.137,3.3117],[31.137,3.3106],[31.1372,3.31],[31.1373,3.3076],[31.1371,3.3067],[31.1371,3.3063],[31.1373,3.305],[31.1343,3.3044],[31.1321,3.303],[31.1307,3.303],[31.1299,3.3041],[31.1297,3.3054],[31.1271,3.3067],[31.1232,3.3085],[31.1212,3.3099],[31.1193,3.3126],[31.1193,3.3136],[31.1185,3.3141],[31.1145,3.3112],[31.1056,3.3053],[31.0989,3.3006],[31.094,3.3047],[31.0923,3.3045],[31.0866,3.3027],[31.085,3.3019],[31.0845,3.3015],[31.085,3.2999],[31.0851,3.2984],[31.0851,3.2983],[31.0846,3.2977],[31.0826,3.2972],[31.0773,3.298],[31.0757,3.299],[31.0738,3.3031],[31.0717,3.3031],[31.0709,3.3028],[31.0703,3.3025],[31.0702,3.3001],[31.07,3.2993],[31.07,3.2984],[31.0701,3.2978],[31.0701,3.2975],[31.0696,3.297],[31.0696,3.2958],[31.0696,3.2956],[31.0703,3.2945],[31.0708,3.294],[31.071,3.294],[31.0712,3.2936],[31.0717,3.2917],[31.0717,3.2915],[31.0718,3.2912],[31.0718,3.2911],[31.072,3.2907],[31.0724,3.2903],[31.0727,3.2903],[31.073,3.2899],[31.0731,3.2895],[31.0733,3.2892],[31.0734,3.289],[31.0735,3.2886],[31.0736,3.2883],[31.0737,3.2876],[31.0733,3.2871],[31.0732,3.2871],[31.0728,3.2871],[31.0725,3.2873],[31.0721,3.2873],[31.0718,3.287],[31.0717,3.2868],[31.0716,3.2868],[31.0711,3.287],[31.0703,3.2871],[31.0693,3.2868],[31.069,3.2867],[31.0689,3.2866],[31.0686,3.2865],[31.0677,3.2866],[31.0728,3.2758],[31.0729,3.2751],[31.0721,3.2748],[31.0719,3.2749],[31.0715,3.2751],[31.0704,3.2749],[31.0703,3.2746],[31.0699,3.2743],[31.0678,3.2734],[31.0672,3.2729],[31.0657,3.2724],[31.0648,3.2729],[31.0632,3.2736],[31.063,3.2736],[31.0628,3.2734],[31.0627,3.2731],[31.0624,3.2727],[31.0621,3.2725],[31.061,3.2726],[31.0595,3.2715],[31.0592,3.2712],[31.0575,3.2705],[31.0573,3.2703],[31.0569,3.2705],[31.0565,3.271],[31.0565,3.2716],[31.0567,3.2719],[31.0567,3.2724],[31.0566,3.2727],[31.0561,3.2726],[31.0554,3.2716],[31.0551,3.2711],[31.0548,3.2706],[31.0543,3.2695],[31.0536,3.2685],[31.0532,3.2679],[31.053,3.2679],[31.0522,3.2683],[31.0509,3.2692],[31.0508,3.2693],[31.0502,3.2696],[31.0495,3.2703],[31.0494,3.2705],[31.0494,3.2711],[31.0491,3.2711],[31.0484,3.2713],[31.0457,3.2719],[31.0453,3.2719],[31.0449,3.272],[31.0439,3.2728],[31.0418,3.2739],[31.0412,3.274],[31.0409,3.2741],[31.0402,3.274],[31.0395,3.2736],[31.039,3.2738],[31.0387,3.2741],[31.0383,3.2745],[31.037,3.2748],[31.0365,3.2749],[31.0364,3.2751],[31.036,3.2757],[31.0352,3.2769],[31.0351,3.2772],[31.0345,3.2773],[31.0337,3.2771],[31.0327,3.277],[31.0326,3.276],[31.0322,3.2759],[31.0321,3.2755],[31.0319,3.2751],[31.0319,3.2746],[31.0317,3.274],[31.031,3.2731],[31.0302,3.2726],[31.0299,3.2723],[31.0296,3.2719],[31.0288,3.2715],[31.0277,3.2713],[31.0267,3.2704],[31.0263,3.2695],[31.026,3.2684],[31.0257,3.2679],[31.0253,3.2674],[31.0241,3.2659],[31.0234,3.2639],[31.0236,3.2635],[31.0243,3.2628],[31.0247,3.2621],[31.0251,3.2605],[31.0254,3.2593],[31.0259,3.2579],[31.0269,3.2554],[31.0269,3.2553],[31.0265,3.2531],[31.0257,3.2523],[31.0238,3.2508],[31.0223,3.2498],[31.0214,3.249],[31.0205,3.248],[31.0202,3.2477],[31.02,3.2477],[31.0185,3.247],[31.018,3.2467],[31.0172,3.2461],[31.0163,3.2462],[31.0152,3.2466],[31.0148,3.2463],[31.0147,3.2459],[31.0142,3.2456],[31.0139,3.2455],[31.014,3.2453],[31.0138,3.2451],[31.014,3.2445],[31.0135,3.2441],[31.013,3.2435],[31.0117,3.2434],[31.01,3.2415],[31.0103,3.2413],[31.0103,3.2409],[31.0101,3.2408],[31.0101,3.2407],[31.0101,3.2402],[31.0105,3.2396],[31.0109,3.2393],[31.0113,3.2385],[31.0113,3.2382],[31.011,3.2376],[31.011,3.237],[31.0109,3.2366],[31.0106,3.2364],[31.0108,3.2361],[31.0107,3.2349],[31.0108,3.234],[31.0108,3.2338],[31.0108,3.2336],[31.0108,3.2332],[31.0108,3.2318],[31.0089,3.2301],[31.0084,3.2304],[31.0074,3.2303],[31.0072,3.2306],[31.0067,3.2306],[31.006,3.2308],[31.0056,3.2311],[31.0043,3.2308],[31.0033,3.2294],[31.0029,3.2274],[31.0025,3.2268],[31.0019,3.2261],[31.0017,3.2248],[31.0016,3.2229],[31.0012,3.221],[31.0006,3.2197],[31.0003,3.2193],[31.0002,3.2191],[30.9963,3.2152],[30.9964,3.2107],[30.9966,3.2087],[30.997,3.2074],[30.9973,3.2071],[30.9978,3.2054],[30.9984,3.2035],[30.9981,3.2028],[30.9982,3.2026],[30.9982,3.2023],[30.9986,3.202],[30.999,3.2014],[30.9994,3.201],[30.9996,3.2004],[31,3.1999],[31.0007,3.1993],[31.0016,3.1982],[31.0024,3.1977],[31.0028,3.1963],[31.0033,3.195],[31.0033,3.1948],[31.003,3.1947],[31.002,3.1944],[31.0006,3.1945],[30.9994,3.1938],[30.999,3.1936],[30.9989,3.193],[30.9982,3.1903],[30.9985,3.1892],[30.9987,3.1886],[30.9989,3.1878],[30.9979,3.1879],[30.997,3.1885],[30.9959,3.1892],[30.9937,3.1894],[30.9933,3.1896],[30.9929,3.1899],[30.992,3.1901],[30.9904,3.1895],[30.9897,3.1889],[30.9887,3.1873],[30.9879,3.1868],[30.9869,3.1868],[30.9864,3.1868],[30.9859,3.1866],[30.9835,3.1862],[30.9825,3.1858],[30.9822,3.1857],[30.9811,3.1855],[30.9802,3.186],[30.9799,3.1861],[30.9796,3.1862],[30.9792,3.1863],[30.979,3.1863],[30.9786,3.1859],[30.9782,3.1853],[30.9774,3.1842],[30.9768,3.1833],[30.9759,3.1815],[30.9757,3.1813],[30.9754,3.1806],[30.9753,3.1803],[30.9751,3.1796],[30.975,3.1786],[30.975,3.178],[30.9749,3.1775],[30.9744,3.1773],[30.9739,3.1776],[30.9722,3.178],[30.972,3.1774],[30.971,3.1746],[30.9706,3.1738],[30.9703,3.1728],[30.9702,3.1722],[30.9702,3.172],[30.9702,3.1717],[30.9699,3.1712],[30.9695,3.1695],[30.9694,3.1693],[30.9687,3.1687],[30.9675,3.1686],[30.964,3.1694],[30.9624,3.1694],[30.962,3.1685],[30.9618,3.1683],[30.9607,3.1694],[30.9601,3.1686],[30.9598,3.1672],[30.9593,3.1649],[30.9585,3.1629],[30.9602,3.1621],[30.9603,3.1618],[30.9598,3.1608],[30.9594,3.1605],[30.9586,3.1593],[30.9573,3.1596],[30.9554,3.1598],[30.9548,3.1596],[30.9545,3.1592],[30.9541,3.1579],[30.9536,3.1571],[30.9534,3.1564],[30.9534,3.1561],[30.9536,3.156],[30.9532,3.1557],[30.9525,3.1555],[30.9524,3.1515],[30.9525,3.1499],[30.9523,3.1496],[30.9517,3.1496],[30.9504,3.149],[30.9498,3.1483],[30.9484,3.1476],[30.9468,3.1469],[30.9467,3.1459],[30.9464,3.145],[30.9458,3.1438],[30.9455,3.1432],[30.9453,3.1424],[30.9451,3.1412],[30.945,3.1404],[30.9445,3.139],[30.9428,3.1344],[30.9418,3.1322],[30.9415,3.1317],[30.9414,3.1316],[30.9405,3.1303],[30.9398,3.1289],[30.9403,3.1259],[30.9402,3.1257],[30.9392,3.1249],[30.9385,3.1244],[30.9375,3.1239],[30.937,3.1242],[30.9363,3.1241],[30.9358,3.1237],[30.9349,3.1234],[30.9341,3.1238],[30.9331,3.1238],[30.9324,3.1229],[30.9329,3.1222],[30.9335,3.1215],[30.9293,3.1134],[30.9494,3.098],[30.9501,3.0983],[30.9653,3.0998],[30.9584,3.0838],[30.9669,3.0782],[30.9673,3.0782],[30.9675,3.0784],[30.968,3.0788],[30.9685,3.0795],[30.9688,3.0798],[30.9694,3.0802],[30.98,3.0853],[30.9807,3.0852],[30.9812,3.0849],[30.9933,3.0857],[30.9995,3.0821],[31.0045,3.0678],[31.0017,3.0598],[31.0105,3.0509],[31.0138,3.0519],[31.018,3.044],[31.0181,3.0437],[31.0206,3.0407],[31.0221,3.0435],[31.024,3.0397],[31.0242,3.0394],[31.0261,3.0397],[31.0262,3.0399],[31.0276,3.0439],[31.0315,3.0408],[31.0318,3.0406],[31.0341,3.0387],[31.0501,3.0432],[31.0505,3.0433],[31.0508,3.0433],[31.051,3.0433],[31.053,3.0434],[31.0532,3.0435],[31.0672,3.0502],[31.0675,3.0502],[31.0725,3.048],[31.0719,3.0426],[31.0775,3.0368],[31.0863,3.0459],[31.0882,3.0429],[31.0856,3.0402],[31.0928,3.0366],[31.0952,3.0381],[31.1079,3.032],[31.1165,3.0343],[31.1246,3.015],[31.1328,3.0144],[31.1337,3.0116],[31.1427,3.0139],[31.1478,3.0091],[31.1487,3.0129],[31.1563,3.0096],[31.1642,3.0111],[31.1656,3.0105],[31.1664,3.0108],[31.1672,3.0123],[31.1689,3.0157],[31.1696,3.0189],[31.1701,3.0216],[31.1714,3.0268],[31.1704,3.0359],[31.1704,3.0404],[31.1709,3.044],[31.1719,3.0506],[31.1788,3.0605],[31.1828,3.0663],[31.1968,3.078]]]},"properties":{"name":"Terego District","id":"bJgx6UjvyoP"}},
{"type":"Feature","geometry":{"type":"Polygon","coordinates":[[[33.89514394782307,0.705087895659349],[33.89792330653631,0.704336411421158],[33.88712907374532,0.695518438858953],[33.88671453159039,0.692243789275143],[33.91909200690679,0.680070539621469],[33.922031582628726,0.67690383257875],[33.921043043203085,0.670616965062538],[33.9301585956454,0.665694150675788],[33.927748182719775,0.660330265853669],[33.931840011122304,0.656014506933153],[33.952463669611404,0.649913564393974],[33.95590551636183,0.644892360498754],[33.94614076308263,0.643437781331575],[33.927924300501026,0.649891024526033],[33.906618690424345,0.674726633122331],[33.902912579081715,0.672492922834697],[33.91684302177583,0.64546950100379],[33.90443795076408,0.656824677310378],[33.897554917054286,0.649625163534888],[33.89390888431061,0.652806611750615],[33.9091,0.616],[33.9086,0.6103],[33.9159,0.609],[33.9137,0.6068],[33.9192,0.6024],[33.9175,0.597],[33.9238,0.5886],[33.9629,0.5806],[33.9763,0.5829],[33.9787,0.578],[33.9825,0.575],[33.994,0.5802],[34.0002,0.575],[34.0073,0.578],[34.0126,0.5757],[34.0166,0.577],[34.0185,0.5846],[34.0228,0.5837],[34.025,0.5877],[34.0335,0.5905],[34.0473,0.5902],[34.05,0.5854],[34.0598,0.5827],[34.0655,0.5848],[34.0638,0.5892],[34.0671,0.5929],[34.0804,0.5863],[34.0876,0.5885],[34.093,0.5833],[34.1005,0.5871],[34.1136,0.5811],[34.1384,0.5829],[34.1428,0.5804],[34.1493,0.5855],[34.1536,0.5846],[34.1538,0.5885],[34.1665,0.5999],[34.174,0.601],[34.1753,0.6054],[34.1864,0.604],[34.1845,0.6095],[34.1915,0.6129],[34.1918,0.6198],[34.1964,0.6181],[34.196,0.6216],[34.2006,0.626],[34.2035,0.6219],[34.2077,0.6259],[34.2166,0.6219],[34.221,0.6301],[34.2296,0.6253],[34.2337,0.6277],[34.2364,0.6255],[34.2413,0.633],[34.2506,0.6285],[34.2615,0.6369],[34.2775,0.64],[34.2797,0.6489],[34.2769,0.656],[34.28,0.6561],[34.2784,0.6611],[34.2815,0.6638],[34.2781,0.6704],[34.2785,0.6789],[34.2837,0.682],[34.2876,0.6802],[34.2941,0.6861],[34.296,0.6846],[34.2948,0.6878],[34.2989,0.6911],[34.3037,0.6909],[34.3063,0.6952],[34.3127,0.6942],[34.3124,0.6986],[34.3143,0.698],[34.3089,0.7061],[34.3107,0.7126],[34.308,0.7168],[34.3107,0.7467],[34.3068,0.7466],[34.3004,0.7547],[34.2857,0.7576],[34.272,0.7597],[34.2606,0.7694],[34.2372,0.7818],[34.224,0.803],[34.1799,0.8244],[34.1831,0.8293],[34.1832,0.8294],[34.1833,0.8295],[34.1836,0.8299],[34.1838,0.8311],[34.1839,0.8322],[34.1841,0.8331],[34.1842,0.8334],[34.1842,0.8337],[34.1841,0.834],[34.1836,0.8347],[34.1835,0.835],[34.1832,0.8355],[34.1826,0.8367],[34.1822,0.8379],[34.1822,0.8387],[34.1804,0.8416],[34.1802,0.8423],[34.1801,0.8438],[34.1807,0.8472],[34.1802,0.85],[34.1802,0.8523],[34.1801,0.8545],[34.1798,0.8559],[34.1797,0.8565],[34.1784,0.8584],[34.175,0.8613],[34.1729,0.8628],[34.1701,0.8645],[34.1682,0.8656],[34.1618,0.869],[34.1576,0.8709],[34.1533,0.8726],[34.1521,0.8733],[34.151,0.874],[34.1504,0.8745],[34.1501,0.8748],[34.1496,0.8751],[34.1494,0.8752],[34.1485,0.876],[34.1482,0.8763],[34.1474,0.8765],[34.1467,0.8767],[34.1465,0.8768],[34.146,0.8773],[34.1452,0.8776],[34.1442,0.8781],[34.1428,0.879],[34.1422,0.8794],[34.1415,0.8798],[34.1402,0.8804],[34.1393,0.881],[34.1387,0.8815],[34.1376,0.8823],[34.1363,0.8833],[34.1357,0.8838],[34.1352,0.8845],[34.1342,0.8857],[34.1337,0.8861],[34.1332,0.8865],[34.1325,0.8877],[34.1321,0.8882],[34.1315,0.8887],[34.1314,0.8889],[34.1313,0.8892],[34.1312,0.8895],[34.1311,0.8899],[34.1311,0.89],[34.1312,0.8904],[34.1314,0.8912],[34.1313,0.8915],[34.1313,0.8918],[34.1298,0.8923],[34.1294,0.8925],[34.1292,0.8927],[34.1291,0.893],[34.129,0.8931],[34.1285,0.8934],[34.1284,0.8936],[34.1283,0.8937],[34.1275,0.8943],[34.1267,0.8946],[34.1246,0.8952],[34.1242,0.8952],[34.1241,0.8952],[34.1235,0.895],[34.1234,0.895],[34.1231,0.8949],[34.1227,0.8949],[34.1217,0.8946],[34.1205,0.8944],[34.1203,0.8943],[34.1202,0.8941],[34.12,0.8938],[34.1192,0.8936],[34.1164,0.8946],[34.1097,0.9002],[34.1083,0.9025],[34.0916,0.903],[34.0773,0.8997],[34.0698,0.9028],[34.0622,0.878],[34.0298,0.8852],[34.0216,0.88],[34.022,0.8752],[34.0091,0.8722],[34.0004,0.877],[33.9529,0.8471],[33.9487,0.8482],[33.9497,0.8439],[33.9417,0.8347],[33.9264,0.7911],[33.9123,0.7666],[33.9109,0.7583],[33.8967,0.7419],[33.8981,0.7314],[33.8933,0.7271],[33.8905,0.7176],[33.89514394782307,0.705087895659349]]]},"properties":{"name":"Tororo District","id":"KhT80mlwJ3Y"}},
{"type":"Feature","geometry":{"type":"MultiPolygon","coordinates":[[[[32.22438440189654,0.008002741621301],[32.231235330777075,0.006351486778422],[32.22874707076449,-0.006126734347178],[32.235225352245024,-0.013223583412355],[32.238607352317125,-0.030229335455548],[32.24501821692295,-0.037218526245251],[32.26579724905432,-0.028423885952317],[32.27376484096322,-0.004500815914792],[32.305786357494114,0.004809705426173],[32.30168952392571,0.015741290109981],[32.27188073522442,0.034738719019912],[32.26773848912702,0.031212644859032],[32.26717218913382,0.008809520319409],[32.249192306054084,0.021086475884002],[32.23863971383967,0.0179219835202],[32.232017901730465,0.021241595478982],[32.22879030811746,0.01005856452049],[32.22438440189654,0.008002741621301]]],[[[32.361025443599864,0.062066199062634],[32.36836369703128,0.044198512436602],[32.367246076261075,0.039481466580516],[32.362800175030756,0.037001774656732],[32.35792482414849,0.045074401361781],[32.353659517222745,0.040429996253943],[32.348951563739696,0.04549923455518],[32.34785341932061,0.059695512910971],[32.34175006615518,0.064936313336371],[32.33366834692307,0.047421941407775],[32.32638855264703,0.063738272094491],[32.311416755783426,0.070107342516303],[32.30604503675397,0.070071782864218],[32.30443519268134,0.065156463574314],[32.307733234882036,0.053287023396873],[32.29877292277771,0.058726491249247],[32.29480491312766,0.066068341546457],[32.2886469043999,0.068062182907463],[32.263306314730485,0.066802066358261],[32.25991303675257,0.062581514999563],[32.274785056904584,0.0488080172751],[32.28719170771286,0.046795421705182],[32.30029741123075,0.036341037581616],[32.31159715888499,0.032741262574272],[32.31771050112998,0.034905154516131],[32.32568042953873,0.019202008513874],[32.33468029566157,0.024576349003334],[32.34840974688031,0.020840967972863],[32.358786215540654,0.027838666787489],[32.36653373188519,0.024347367520951],[32.37203530837974,0.000852657756304],[32.37299064210592,0.011368112512475],[32.380170017216436,0.025058451748397],[32.37339320828943,0.038488771910096],[32.379156962779966,0.045928941882466],[32.3783654398414,0.062930232998068],[32.376967746624814,0.067430986817391],[32.367557676636395,0.075008090474797],[32.36332435383401,0.07361044697339],[32.361025443599864,0.062066199062634]]],[[[32.23662337339437,0.054924302884359],[32.236192161189535,0.05289759658486],[32.237977924532764,0.055294481133349],[32.23662337339437,0.054924302884359]]],[[[32.673704361339134,0.538965265122473],[32.66433256686981,0.526262819164875],[32.670530249211886,0.551616531695569],[32.67526942039807,0.559543526546867],[32.6648,0.5614],[32.6595,0.5576],[32.6497,0.5569],[32.6183,0.5683],[32.6095,0.5638],[32.5986,0.5731],[32.5872,0.575],[32.5803,0.5843],[32.57,0.5768],[32.5682,0.5689],[32.5584,0.5684],[32.537,0.5477],[32.5313,0.5525],[32.5247,0.5701],[32.5163,0.5652],[32.4848,0.5596],[32.4706,0.5682],[32.4476,0.5629],[32.4217,0.5634],[32.394,0.5733],[32.3776,0.5664],[32.359,0.5651],[32.333,0.552],[32.3148,0.5469],[32.3061,0.534],[32.2944,0.5382],[32.2851,0.5361],[32.2595,0.5692],[32.2319,0.5794],[32.2167,0.5657],[32.1985,0.5318],[32.2023,0.5003],[32.1922,0.4801],[32.2038,0.4532],[32.2152,0.4356],[32.2195,0.4357],[32.2212,0.4285],[32.2355,0.4182],[32.2384,0.413],[32.2544,0.4059],[32.2845,0.4022],[32.3005,0.3913],[32.3556,0.3776],[32.3757,0.3633],[32.4025,0.3543],[32.4214,0.3356],[32.4225,0.3284],[32.4168,0.3158],[32.4269,0.2824],[32.42,0.2584],[32.4082,0.2363],[32.4107,0.2213],[32.4006,0.2262],[32.4002,0.219],[32.3964,0.2182],[32.3903,0.2059],[32.3851,0.2013],[32.3783,0.2022],[32.3726,0.1905],[32.36570565117723,0.19119717441993],[32.37424687374596,0.177203894108667],[32.37864915328575,0.154781746975022],[32.36569850988107,0.157182002241149],[32.35840219043845,0.150120654384866],[32.34472860658164,0.148741893968285],[32.336919386405484,0.137206971222672],[32.32722876479126,0.133293583407423],[32.31843675717859,0.119134313812067],[32.30353569102872,0.112786306894381],[32.29105794507431,0.113040015623435],[32.2912970951277,0.105499949263756],[32.28760957234217,0.099412485849054],[32.29638251756283,0.098780400831846],[32.3008898153608,0.101855363158745],[32.30523248199998,0.095216917397557],[32.312816165447984,0.096469891246094],[32.3306695278467,0.114515431393544],[32.35878202645881,0.133804865035115],[32.38102578571104,0.142912298136008],[32.389433606356754,0.140765041482841],[32.39354249235056,0.132899943739069],[32.401585195530934,0.133304986255213],[32.400112177192405,0.126107785560868],[32.36286167322038,0.114160802278136],[32.34995176503469,0.106594903082581],[32.34322536580664,0.090559457007199],[32.3469435485125,0.081386714098719],[32.35558123853135,0.080844615140029],[32.36447067568044,0.090169555682526],[32.36924629840223,0.089249131308502],[32.37426130680714,0.097275823119622],[32.38358623581189,0.095516113242469],[32.39016833358867,0.097959714927796],[32.39612685668229,0.093638983453659],[32.393059982470284,0.077981883556409],[32.39928669866105,0.071730908446339],[32.40247811094279,0.080046248681158],[32.4122517996761,0.080442189873217],[32.420239936002424,0.087954439310397],[32.431032521778015,0.085590265050185],[32.439901493751535,0.100985356120779],[32.446038732866334,0.123659365491228],[32.45600907241469,0.124596351573947],[32.45923805345626,0.121195770736571],[32.45505643682988,0.098485560772625],[32.44346015272857,0.07754381089188],[32.41699264186517,0.055765017672921],[32.40899823202177,0.055080346898912],[32.41582170785174,0.04561840927089],[32.41629493903394,0.03930484898037],[32.42509621064079,0.031917163708239],[32.43552481312601,0.032033276261956],[32.43652934183605,0.026486276328124],[32.44369228460876,0.025096481295973],[32.4489922196917,0.031743142705238],[32.4499733739197,0.038706005096527],[32.45794928101305,0.043196714782434],[32.464314146575255,0.04285326014414],[32.47496457077651,0.055659689586148],[32.483016069464355,0.057345461086571],[32.47744804627248,0.069188413248913],[32.48460896463006,0.078360398083214],[32.48313167086709,0.090202969360758],[32.48519794767846,0.092430526535356],[32.49497385720109,0.084321199375309],[32.50194340546825,0.055214785992656],[32.512377183058376,0.056927438818418],[32.52200533929142,0.052082994625929],[32.52524687020793,0.05790009953352],[32.53168928496128,0.060794631029125],[32.52119369991437,0.085472904441569],[32.5230347426231,0.089802057352429],[32.53932371658878,0.073971256474801],[32.542270717477535,0.073754582703914],[32.54570963774565,0.082052014378453],[32.55004961190381,0.075683800916578],[32.548194517639935,0.070561041916241],[32.55973968383505,0.063073592995153],[32.55817609221611,0.055939420973653],[32.54737554976657,0.044512939952903],[32.54905799572846,0.042753868133039],[32.554895841751744,0.041301145898126],[32.565498728386125,0.048163817785583],[32.5703680239748,0.04480809730396],[32.5740656811122,0.045835808735033],[32.57992454300197,0.054863687375439],[32.57327873231153,0.056217447894633],[32.558545566162714,0.067484299104848],[32.56030338524388,0.083628908891543],[32.544470172937956,0.115478215149286],[32.55078479405546,0.119770850928584],[32.570504541209836,0.100575433643329],[32.57785913625395,0.10227948861247],[32.57838048723043,0.091519140397222],[32.58464403216279,0.096416084194597],[32.586355302787716,0.104407217814345],[32.57416462091008,0.11750465496972],[32.569147165256915,0.128292484709875],[32.58202917234518,0.138474188534889],[32.586025153908295,0.134820936972889],[32.58878988317326,0.136904215347247],[32.59260807037725,0.135109000439137],[32.597673264589396,0.142729985317352],[32.5784690576447,0.15580109529615],[32.57612268944258,0.171116313159698],[32.578741871991866,0.176239131389538],[32.5825867121731,0.176148606458129],[32.568224241623085,0.1884344592911],[32.56615538815693,0.19885208740797],[32.57190215764819,0.203695100500867],[32.57984358590754,0.198968218038728],[32.58368786905763,0.198922798062735],[32.584438443492175,0.202268961880302],[32.5920107652866,0.190110018828671],[32.59701176619285,0.191200876530842],[32.60045379342817,0.207498868126997],[32.61349129005207,0.199235794378629],[32.61511361162637,0.200949269876168],[32.62168153626194,0.219195191342903],[32.61845831603754,0.223691946973747],[32.613715411855026,0.221331799820548],[32.60548269846168,0.226624981218415],[32.60939857013936,0.238354088476321],[32.60763874958478,0.246774166944195],[32.606518182832716,0.248000000001705],[32.577349718394565,0.259754673002278],[32.5863452827931,0.260385440644063],[32.60646145895695,0.250054164175172],[32.6015,0.2586],[32.5866,0.2677],[32.5766,0.2793],[32.5651,0.2743],[32.5418,0.2713],[32.5316,0.2834],[32.5276,0.2975],[32.5211,0.2985],[32.5104,0.3073],[32.529,0.3395],[32.5429,0.3476],[32.5536,0.3486],[32.5564,0.3583],[32.5497,0.376],[32.5637,0.3875],[32.565,0.4026],[32.5759,0.4004],[32.6029,0.4052],[32.6065,0.3994],[32.6051,0.3907],[32.6107,0.385],[32.6176,0.3877],[32.6193,0.3774],[32.6343,0.3783],[32.6346,0.3649],[32.6396,0.3508],[32.6373,0.3406],[32.6438,0.3346],[32.6391,0.3319],[32.646,0.3259],[32.6561,0.3284],[32.6654,0.3239],[32.6668,0.315],[32.6615,0.3087],[32.66344875893293,0.304909928551554],[32.6636,0.304062161836262],[32.6634,0.297],[32.66655929257094,0.293381414921063],[32.666882198658875,0.292735602687834],[32.6677,0.289638794097277],[32.6737254754463,0.280725475452266],[32.6871,0.2898],[32.6834,0.3699],[32.6725,0.3866],[32.6746,0.3936],[32.667,0.4065],[32.6616,0.4295],[32.6659,0.4408],[32.6624,0.4593],[32.6774,0.4721],[32.6753,0.4896],[32.6643,0.4971],[32.6626,0.5033],[32.6639,0.5157],[32.673704361339134,0.538965265122473]]]]},"properties":{"name":"Wakiso District","id":"aIahLLmtvgT"}},
{"type":"Feature","geometry":{"type":"Polygon","coordinates":[[[31.4784,3.1891],[31.471,3.2037],[31.4397,3.2413],[31.4272,3.2661],[31.4439,3.3893],[31.4531,3.4466],[31.5367,3.5766],[31.5378,3.586],[31.5337,3.5951],[31.5367,3.6013],[31.5355,3.6102],[31.531,3.6216],[31.5267,3.6229],[31.5233,3.6321],[31.516,3.6368],[31.503,3.641],[31.5086,3.6742],[31.4504,3.6991],[31.4153,3.7202],[31.3523,3.7507],[31.2899,3.7938],[31.1659,3.794],[31.153,3.7773],[31.1357,3.7685],[31.1342,3.7649],[31.1293,3.7651],[31.1174,3.7529],[31.1145,3.7545],[31.1081,3.7489],[31.105,3.7499],[31.1004,3.7442],[31.1054,3.7401],[31.1005,3.7359],[31.0996,3.591],[31.0911,3.5789],[31.092,3.5687],[31.0872,3.5585],[31.0896,3.5533],[31.0864,3.5437],[31.0943,3.5252],[31.0892,3.4758],[31.0923,3.4729],[31.0923,3.4618],[31.0898,3.4557],[31.0934,3.4442],[31.1026,3.4379],[31.0964,3.4334],[31.0904,3.4204],[31.0874,3.4002],[31.0804,3.3935],[31.0835,3.3937],[31.0853,3.3901],[31.0821,3.3875],[31.0808,3.3763],[31.0685,3.3705],[31.0643,3.3756],[31.0588,3.3627],[31.0505,3.3245],[31.0459,3.3223],[31.0478,3.314],[31.0544,3.3052],[31.0696,3.2956],[31.0696,3.2958],[31.0696,3.297],[31.0701,3.2975],[31.0701,3.2978],[31.07,3.2984],[31.07,3.2993],[31.0702,3.3001],[31.0703,3.3025],[31.0709,3.3028],[31.0717,3.3031],[31.0738,3.3031],[31.0757,3.299],[31.0773,3.298],[31.0826,3.2972],[31.0846,3.2977],[31.0851,3.2983],[31.0851,3.2984],[31.085,3.2999],[31.0845,3.3015],[31.085,3.3019],[31.0866,3.3027],[31.0923,3.3045],[31.094,3.3047],[31.0989,3.3006],[31.1056,3.3053],[31.1145,3.3112],[31.1185,3.3141],[31.1193,3.3136],[31.1193,3.3126],[31.1212,3.3099],[31.1232,3.3085],[31.1271,3.3067],[31.1297,3.3054],[31.1299,3.3041],[31.1307,3.303],[31.1321,3.303],[31.1343,3.3044],[31.1373,3.305],[31.1371,3.3063],[31.1371,3.3067],[31.1373,3.3076],[31.1372,3.31],[31.137,3.3106],[31.137,3.3117],[31.137,3.3119],[31.137,3.3124],[31.1373,3.3139],[31.1365,3.3145],[31.1363,3.3158],[31.1367,3.3164],[31.1368,3.3174],[31.137,3.3189],[31.1369,3.3195],[31.1371,3.32],[31.1373,3.3209],[31.1375,3.3212],[31.1381,3.3217],[31.1382,3.3218],[31.1385,3.3225],[31.1381,3.3235],[31.1381,3.3236],[31.1382,3.3238],[31.1389,3.3245],[31.1392,3.3245],[31.1395,3.3247],[31.1398,3.3249],[31.14,3.325],[31.1401,3.3253],[31.1399,3.3262],[31.1404,3.3263],[31.1405,3.3269],[31.141,3.3269],[31.1411,3.327],[31.1415,3.328],[31.1417,3.3282],[31.1418,3.3284],[31.1433,3.3295],[31.1435,3.3297],[31.1438,3.3305],[31.1438,3.3306],[31.1442,3.3302],[31.1445,3.3301],[31.1449,3.3306],[31.1448,3.3312],[31.145,3.3315],[31.145,3.3322],[31.1448,3.3324],[31.1451,3.3329],[31.1454,3.3332],[31.1455,3.3333],[31.1456,3.3335],[31.1455,3.3339],[31.1452,3.3343],[31.1447,3.3347],[31.1444,3.3352],[31.1443,3.3359],[31.144,3.3362],[31.1424,3.3373],[31.1412,3.3387],[31.141,3.3388],[31.1421,3.3426],[31.1423,3.3431],[31.1428,3.3444],[31.1447,3.3468],[31.1468,3.3473],[31.148,3.3473],[31.1487,3.3476],[31.1492,3.3481],[31.1501,3.3483],[31.1505,3.3488],[31.1509,3.3494],[31.1513,3.3501],[31.1525,3.3502],[31.1596,3.3508],[31.1683,3.3511],[31.1713,3.3512],[31.1726,3.3508],[31.1731,3.3502],[31.1733,3.3498],[31.1739,3.3488],[31.1747,3.347],[31.1748,3.3469],[31.176,3.3464],[31.1766,3.346],[31.1776,3.3452],[31.1778,3.3445],[31.1778,3.3441],[31.1778,3.3439],[31.1772,3.3435],[31.1774,3.3433],[31.1778,3.3431],[31.1778,3.3428],[31.1776,3.3423],[31.1779,3.342],[31.1782,3.3419],[31.1784,3.3417],[31.1791,3.3399],[31.1815,3.3394],[31.1825,3.3386],[31.1828,3.3389],[31.1834,3.3392],[31.1838,3.3391],[31.1839,3.3389],[31.1838,3.3388],[31.184,3.3381],[31.1843,3.3374],[31.1843,3.3369],[31.1843,3.3368],[31.1848,3.3369],[31.1851,3.3375],[31.186,3.3378],[31.1863,3.3384],[31.1863,3.3388],[31.1862,3.3389],[31.1867,3.339],[31.1876,3.3393],[31.188,3.3394],[31.1884,3.3398],[31.1889,3.3403],[31.1892,3.3407],[31.1893,3.3407],[31.1898,3.3408],[31.1899,3.3409],[31.1898,3.3419],[31.1902,3.3418],[31.1905,3.3417],[31.1907,3.3414],[31.1906,3.3408],[31.1907,3.3404],[31.1909,3.3402],[31.1925,3.3403],[31.1934,3.3404],[31.1937,3.3405],[31.1941,3.3403],[31.1945,3.3401],[31.1949,3.34],[31.1963,3.3392],[31.1968,3.3393],[31.1974,3.3391],[31.1979,3.3388],[31.1982,3.3387],[31.1987,3.3388],[31.1992,3.3387],[31.1997,3.3388],[31.2,3.3389],[31.2005,3.3387],[31.2006,3.3384],[31.201,3.3379],[31.2033,3.3369],[31.2038,3.3364],[31.2041,3.3362],[31.2043,3.3361],[31.2046,3.3357],[31.2043,3.3356],[31.204,3.3354],[31.2039,3.3352],[31.2041,3.3347],[31.2042,3.3342],[31.2037,3.3332],[31.204,3.333],[31.2041,3.333],[31.2044,3.3331],[31.2043,3.3325],[31.2044,3.3323],[31.2048,3.3317],[31.2056,3.3308],[31.206,3.3301],[31.2062,3.3297],[31.2068,3.3292],[31.2072,3.3291],[31.2081,3.3289],[31.2087,3.3283],[31.2092,3.3274],[31.2102,3.3268],[31.2106,3.3264],[31.2107,3.3263],[31.2111,3.3257],[31.2111,3.3245],[31.211,3.3239],[31.2111,3.3236],[31.2113,3.3232],[31.2121,3.3221],[31.2123,3.322],[31.2126,3.3219],[31.2132,3.3218],[31.2134,3.3217],[31.2141,3.3209],[31.2147,3.3206],[31.2154,3.3204],[31.2158,3.3201],[31.216,3.3198],[31.2162,3.3191],[31.2165,3.3186],[31.2166,3.3185],[31.2169,3.3182],[31.2178,3.318],[31.2181,3.3179],[31.2184,3.3174],[31.2178,3.3164],[31.2177,3.3161],[31.2178,3.3152],[31.2185,3.314],[31.2189,3.3136],[31.2197,3.3137],[31.2202,3.3136],[31.2205,3.3134],[31.2208,3.3127],[31.2214,3.3122],[31.2216,3.3119],[31.2219,3.3117],[31.223,3.311],[31.2247,3.3108],[31.2249,3.3109],[31.2256,3.3111],[31.2262,3.311],[31.227,3.3112],[31.2278,3.3111],[31.2282,3.3112],[31.2289,3.3112],[31.2294,3.3114],[31.2297,3.3115],[31.2301,3.3118],[31.2302,3.312],[31.2306,3.3125],[31.2318,3.3132],[31.2334,3.3141],[31.2337,3.314],[31.234,3.3132],[31.2341,3.3125],[31.2338,3.3123],[31.2338,3.3122],[31.2341,3.3119],[31.2347,3.312],[31.2351,3.3117],[31.2352,3.3112],[31.2352,3.311],[31.2353,3.3107],[31.2347,3.31],[31.2342,3.3095],[31.2337,3.3095],[31.233,3.3092],[31.2337,3.3058],[31.2341,3.3054],[31.2344,3.3052],[31.235,3.3047],[31.2356,3.3048],[31.2362,3.305],[31.2366,3.3049],[31.2371,3.3047],[31.2377,3.304],[31.2377,3.3035],[31.2375,3.3027],[31.2371,3.3019],[31.2366,3.3011],[31.2363,3.3006],[31.2367,3.3],[31.2372,3.2999],[31.2375,3.2997],[31.2383,3.299],[31.2385,3.2988],[31.2386,3.2983],[31.2385,3.2963],[31.2388,3.2957],[31.239,3.2955],[31.2402,3.295],[31.2415,3.2942],[31.2416,3.2935],[31.2414,3.2933],[31.2404,3.2925],[31.2396,3.2922],[31.2394,3.2917],[31.2396,3.2915],[31.2398,3.2913],[31.2405,3.2909],[31.2408,3.2905],[31.241,3.2897],[31.2421,3.2897],[31.243,3.2898],[31.2435,3.2896],[31.2438,3.2893],[31.246,3.2882],[31.2462,3.2878],[31.2467,3.287],[31.2478,3.2852],[31.2484,3.2843],[31.2485,3.2842],[31.2507,3.2829],[31.2515,3.2824],[31.2523,3.2819],[31.2529,3.2817],[31.2532,3.2818],[31.2539,3.2822],[31.2543,3.2822],[31.2549,3.2823],[31.2555,3.2822],[31.256,3.282],[31.2566,3.2817],[31.2569,3.2816],[31.2581,3.2824],[31.2588,3.2826],[31.2598,3.2832],[31.2611,3.2847],[31.2617,3.2856],[31.2623,3.2858],[31.2636,3.286],[31.2643,3.2864],[31.2654,3.2872],[31.2661,3.2868],[31.2663,3.2866],[31.2664,3.2865],[31.2663,3.2858],[31.2665,3.2854],[31.2674,3.2854],[31.2685,3.2853],[31.2687,3.2851],[31.2695,3.285],[31.27,3.2847],[31.2706,3.2839],[31.2713,3.2835],[31.2728,3.2821],[31.2732,3.2818],[31.2737,3.2817],[31.2742,3.2814],[31.2747,3.2811],[31.2762,3.2808],[31.2768,3.2807],[31.2775,3.2802],[31.2779,3.2799],[31.2789,3.279],[31.2792,3.2789],[31.2797,3.2781],[31.2798,3.2777],[31.2808,3.2767],[31.281,3.2765],[31.2816,3.2763],[31.2817,3.2766],[31.2819,3.2773],[31.2824,3.2776],[31.2827,3.2781],[31.2829,3.2787],[31.283,3.2787],[31.2833,3.2789],[31.2835,3.2789],[31.2837,3.2787],[31.2838,3.2785],[31.2841,3.2783],[31.2846,3.2786],[31.2851,3.2788],[31.2854,3.2787],[31.2861,3.2783],[31.2865,3.2783],[31.2879,3.2786],[31.2886,3.2784],[31.2889,3.2783],[31.2904,3.2782],[31.2908,3.2777],[31.2911,3.2773],[31.2916,3.2769],[31.2938,3.2764],[31.2941,3.2763],[31.2943,3.2761],[31.2944,3.2759],[31.2944,3.2755],[31.2943,3.2749],[31.2942,3.2746],[31.2943,3.2743],[31.2944,3.2741],[31.2945,3.2742],[31.2947,3.2743],[31.295,3.2743],[31.2953,3.2741],[31.2975,3.2753],[31.2978,3.2766],[31.2978,3.2771],[31.2982,3.2774],[31.2983,3.2775],[31.2983,3.2777],[31.2983,3.2779],[31.2982,3.278],[31.2981,3.2781],[31.2982,3.2782],[31.2984,3.2783],[31.2985,3.2782],[31.2988,3.2779],[31.2989,3.2779],[31.2992,3.2782],[31.301,3.2799],[31.3014,3.2804],[31.3016,3.2805],[31.3023,3.281],[31.3029,3.2815],[31.303,3.2819],[31.3033,3.2822],[31.3035,3.2823],[31.3036,3.2823],[31.3039,3.2824],[31.3043,3.2828],[31.3058,3.284],[31.3061,3.284],[31.3063,3.284],[31.3063,3.2837],[31.3057,3.2832],[31.3055,3.283],[31.3054,3.2829],[31.3056,3.2823],[31.3058,3.2821],[31.3054,3.28],[31.3052,3.2795],[31.3053,3.2793],[31.3056,3.2792],[31.3063,3.2794],[31.3082,3.28],[31.3089,3.2795],[31.3089,3.2787],[31.3088,3.2781],[31.3085,3.2776],[31.3085,3.2775],[31.3084,3.2766],[31.309,3.2759],[31.3091,3.2758],[31.3105,3.2743],[31.3106,3.274],[31.3113,3.2732],[31.3113,3.2731],[31.3112,3.2728],[31.3109,3.2725],[31.3108,3.2724],[31.3108,3.2722],[31.3108,3.2719],[31.3106,3.2716],[31.3099,3.2712],[31.3088,3.2713],[31.3084,3.2714],[31.3081,3.2712],[31.308,3.2709],[31.308,3.2706],[31.3082,3.2704],[31.3087,3.2703],[31.3091,3.2701],[31.3105,3.2691],[31.3109,3.2687],[31.3117,3.2681],[31.3123,3.268],[31.3133,3.2683],[31.3136,3.2683],[31.3143,3.2683],[31.3147,3.2682],[31.315,3.2685],[31.3151,3.2686],[31.3151,3.2687],[31.3152,3.2689],[31.3153,3.269],[31.3155,3.2691],[31.3156,3.2692],[31.3159,3.2695],[31.316,3.2696],[31.3161,3.2702],[31.316,3.2705],[31.3157,3.2709],[31.3155,3.2713],[31.3156,3.2714],[31.3159,3.2715],[31.3162,3.2716],[31.3167,3.272],[31.3168,3.272],[31.317,3.2721],[31.3173,3.272],[31.3175,3.2717],[31.3178,3.2715],[31.3185,3.2715],[31.3188,3.2714],[31.3192,3.2711],[31.3192,3.2708],[31.3192,3.2705],[31.3189,3.2701],[31.3182,3.2696],[31.3181,3.2688],[31.3187,3.2676],[31.3191,3.267],[31.3195,3.2668],[31.32,3.2668],[31.3206,3.2667],[31.3214,3.2661],[31.3219,3.2661],[31.3222,3.2663],[31.3227,3.2667],[31.3238,3.2666],[31.3241,3.2665],[31.3244,3.266],[31.3249,3.2658],[31.3267,3.2661],[31.3273,3.266],[31.3277,3.2658],[31.328,3.2656],[31.3283,3.265],[31.3284,3.2648],[31.3287,3.2643],[31.3287,3.2642],[31.3289,3.2637],[31.3302,3.2624],[31.3302,3.2623],[31.3304,3.2614],[31.3305,3.2611],[31.3304,3.2609],[31.3303,3.2609],[31.3301,3.2607],[31.3302,3.2603],[31.3304,3.26],[31.3307,3.2602],[31.3309,3.2601],[31.3312,3.2598],[31.3313,3.2595],[31.3313,3.2594],[31.3309,3.2589],[31.3312,3.2578],[31.3319,3.257],[31.3322,3.2567],[31.3327,3.2559],[31.3329,3.2555],[31.3329,3.2549],[31.3325,3.2545],[31.3323,3.2543],[31.3322,3.2541],[31.3323,3.2539],[31.3325,3.2538],[31.333,3.2541],[31.3335,3.2534],[31.3336,3.2531],[31.3338,3.2528],[31.3343,3.2523],[31.3345,3.2517],[31.3346,3.251],[31.3348,3.2507],[31.3352,3.2507],[31.3356,3.2508],[31.3361,3.2506],[31.3361,3.2505],[31.3361,3.2503],[31.3358,3.25],[31.3358,3.2499],[31.3357,3.2496],[31.336,3.2494],[31.3365,3.2491],[31.3372,3.2483],[31.3373,3.2481],[31.3376,3.2476],[31.3375,3.2473],[31.3371,3.2471],[31.3368,3.246],[31.3367,3.2456],[31.3367,3.2449],[31.3368,3.2447],[31.3371,3.2443],[31.3373,3.244],[31.3375,3.2434],[31.3376,3.2432],[31.3378,3.2427],[31.3377,3.2423],[31.338,3.2421],[31.3386,3.2414],[31.3386,3.241],[31.3392,3.24],[31.3394,3.2397],[31.34,3.2392],[31.3402,3.239],[31.3408,3.238],[31.3408,3.2375],[31.3412,3.235],[31.3414,3.2337],[31.3414,3.2334],[31.3418,3.2305],[31.3423,3.2289],[31.3423,3.2286],[31.3424,3.2283],[31.3424,3.2282],[31.3423,3.2281],[31.3422,3.228],[31.3419,3.2278],[31.3419,3.2277],[31.3419,3.2273],[31.3418,3.2268],[31.3416,3.2266],[31.3416,3.2264],[31.3426,3.226],[31.343,3.2255],[31.343,3.2252],[31.3429,3.225],[31.3428,3.2249],[31.3428,3.2247],[31.3432,3.2238],[31.3436,3.2237],[31.3438,3.2238],[31.3441,3.224],[31.3443,3.224],[31.3447,3.2241],[31.3449,3.2239],[31.3452,3.2239],[31.3453,3.2241],[31.3456,3.2245],[31.3457,3.2246],[31.3462,3.2246],[31.3466,3.2247],[31.3467,3.2248],[31.3468,3.2249],[31.3469,3.2249],[31.347,3.225],[31.3471,3.225],[31.3472,3.2247],[31.3472,3.2245],[31.3472,3.2244],[31.3475,3.2242],[31.3481,3.2239],[31.3491,3.2235],[31.3495,3.2233],[31.3498,3.2233],[31.3501,3.2233],[31.3503,3.2234],[31.3505,3.2233],[31.3507,3.2231],[31.3506,3.2228],[31.3504,3.2226],[31.3504,3.2225],[31.3503,3.2223],[31.3504,3.2219],[31.351,3.2212],[31.3511,3.2212],[31.3513,3.2212],[31.3514,3.2214],[31.3518,3.2217],[31.3521,3.2217],[31.3522,3.2216],[31.3523,3.2215],[31.3523,3.2213],[31.352,3.2208],[31.3519,3.2205],[31.352,3.2203],[31.3522,3.2202],[31.3523,3.2201],[31.3526,3.22],[31.3534,3.2196],[31.3538,3.2198],[31.3543,3.2203],[31.3546,3.2204],[31.3554,3.2205],[31.356,3.2207],[31.3566,3.2211],[31.3571,3.2218],[31.3584,3.2224],[31.3588,3.2225],[31.3593,3.2226],[31.3595,3.2225],[31.3599,3.2225],[31.3601,3.2227],[31.3602,3.2228],[31.3603,3.2229],[31.3605,3.2237],[31.3606,3.2238],[31.3608,3.2237],[31.3609,3.2236],[31.3612,3.2233],[31.3613,3.2233],[31.3615,3.2235],[31.3619,3.2237],[31.3624,3.2234],[31.3627,3.2233],[31.3627,3.2231],[31.3628,3.2228],[31.3629,3.2228],[31.363,3.2228],[31.3631,3.2228],[31.3638,3.223],[31.3642,3.2229],[31.3647,3.2226],[31.3656,3.222],[31.3661,3.2218],[31.3706,3.2221],[31.3721,3.2223],[31.3747,3.2227],[31.3778,3.2232],[31.3814,3.2234],[31.3832,3.2234],[31.3843,3.2234],[31.3852,3.2236],[31.3859,3.2233],[31.3861,3.223],[31.3868,3.2224],[31.3878,3.2213],[31.3881,3.2208],[31.3887,3.2202],[31.3899,3.2196],[31.3903,3.2199],[31.3904,3.2201],[31.3907,3.2202],[31.3932,3.2209],[31.3935,3.2208],[31.3937,3.2207],[31.394,3.2205],[31.395,3.2198],[31.3954,3.2196],[31.3963,3.2188],[31.3971,3.2184],[31.3981,3.2187],[31.3983,3.2187],[31.3986,3.2185],[31.3995,3.2171],[31.3995,3.2162],[31.3995,3.2158],[31.3993,3.2152],[31.3992,3.2149],[31.399,3.2141],[31.3989,3.2135],[31.3992,3.2121],[31.3988,3.2114],[31.3981,3.2106],[31.3981,3.2105],[31.3981,3.2104],[31.3983,3.21],[31.3984,3.2095],[31.3991,3.2092],[31.3994,3.209],[31.3995,3.2088],[31.3995,3.2086],[31.3995,3.2084],[31.3994,3.2083],[31.3993,3.2082],[31.3992,3.208],[31.3992,3.2077],[31.3997,3.2073],[31.3998,3.2072],[31.4,3.207],[31.4006,3.2063],[31.401,3.2066],[31.4013,3.2067],[31.4023,3.2055],[31.403,3.2052],[31.4034,3.2053],[31.4037,3.2052],[31.4037,3.205],[31.4041,3.2044],[31.4043,3.2039],[31.4043,3.2037],[31.4042,3.2034],[31.4041,3.2032],[31.4041,3.2026],[31.4045,3.2021],[31.4046,3.2021],[31.405,3.2024],[31.4051,3.2024],[31.4053,3.2023],[31.4055,3.202],[31.406,3.2015],[31.4063,3.2014],[31.4064,3.2014],[31.4073,3.201],[31.4075,3.2009],[31.4077,3.2007],[31.4078,3.2006],[31.4078,3.2005],[31.4076,3.2001],[31.4075,3.1998],[31.4076,3.1995],[31.4075,3.1991],[31.4074,3.1988],[31.4073,3.1986],[31.4074,3.1982],[31.4074,3.198],[31.4074,3.1977],[31.4076,3.1975],[31.4077,3.1975],[31.4079,3.1976],[31.4083,3.1977],[31.4084,3.1975],[31.4088,3.1968],[31.4087,3.1964],[31.4079,3.1961],[31.4077,3.1952],[31.4077,3.1949],[31.4078,3.1946],[31.408,3.1945],[31.4082,3.1946],[31.4085,3.1947],[31.4086,3.1946],[31.4088,3.1945],[31.409,3.1947],[31.4094,3.1951],[31.4099,3.1951],[31.41,3.195],[31.4099,3.1946],[31.4099,3.1944],[31.4103,3.1938],[31.4109,3.1923],[31.4111,3.1917],[31.4113,3.191],[31.4113,3.1908],[31.4111,3.1907],[31.411,3.1904],[31.4111,3.19],[31.4112,3.1898],[31.411,3.189],[31.4105,3.1881],[31.4101,3.1876],[31.4098,3.1873],[31.4097,3.1872],[31.4098,3.1865],[31.4095,3.1862],[31.4094,3.1858],[31.4092,3.1855],[31.4091,3.1853],[31.4092,3.185],[31.409,3.1843],[31.4088,3.1841],[31.4088,3.184],[31.411,3.1806],[31.44,3.1824],[31.455,3.1872],[31.4615,3.1849],[31.4784,3.1891]],[[31.379406982288536,3.32683060694822],[31.369590402440828,3.338000976560514],[31.357043984483028,3.343611139688067],[31.363497518790776,3.350679710231778],[31.38811047065099,3.34773863580262],[31.393140322139523,3.344461897478528],[31.399631925718356,3.323027075690278],[31.39582568130922,3.314996494948796],[31.379406982288536,3.32683060694822]]]},"properties":{"name":"Yumbe District","id":"W1JM2Qdhcv3"}},
{"type":"Feature","geometry":{"type":"Polygon","coordinates":[[[30.9585,2.711],[30.9583,2.7113],[30.9577,2.7115],[30.9573,2.7118],[30.9563,2.7113],[30.9555,2.7109],[30.9549,2.7109],[30.9533,2.7112],[30.9523,2.711],[30.952,2.7109],[30.9514,2.7101],[30.9507,2.7097],[30.9504,2.7095],[30.9503,2.7093],[30.9503,2.7092],[30.9504,2.7091],[30.9506,2.7088],[30.951,2.7084],[30.9513,2.7081],[30.9515,2.7076],[30.9513,2.707],[30.9512,2.7066],[30.951,2.7059],[30.9505,2.7054],[30.9493,2.7039],[30.9493,2.7034],[30.9493,2.703],[30.9493,2.7026],[30.9495,2.7023],[30.9497,2.7021],[30.9501,2.7015],[30.9502,2.7012],[30.9499,2.7004],[30.9496,2.7],[30.9491,2.6998],[30.9485,2.6997],[30.9474,2.6996],[30.947,2.6992],[30.947,2.6984],[30.9469,2.6982],[30.947,2.698],[30.9469,2.6977],[30.9468,2.6975],[30.9468,2.6969],[30.947,2.6965],[30.9471,2.6963],[30.9471,2.696],[30.9469,2.6954],[30.9468,2.6951],[30.9466,2.6948],[30.9459,2.6948],[30.9458,2.6947],[30.9457,2.6944],[30.9458,2.694],[30.9462,2.6925],[30.9459,2.6925],[30.9454,2.6924],[30.9452,2.6924],[30.9448,2.6925],[30.9443,2.6928],[30.9437,2.6929],[30.9433,2.6925],[30.943,2.6925],[30.9426,2.6925],[30.9419,2.6921],[30.9415,2.6918],[30.9411,2.6916],[30.9405,2.6918],[30.9403,2.692],[30.9396,2.6928],[30.9389,2.693],[30.9383,2.6933],[30.9383,2.6935],[30.9391,2.6935],[30.9402,2.6933],[30.9406,2.6936],[30.9408,2.694],[30.9407,2.6942],[30.9404,2.6947],[30.9394,2.6959],[30.9381,2.6959],[30.9377,2.6959],[30.9373,2.6963],[30.9374,2.697],[30.9375,2.6973],[30.9376,2.6975],[30.9376,2.6976],[30.9376,2.6982],[30.9375,2.6985],[30.9368,2.6996],[30.9368,2.6999],[30.9372,2.7005],[30.9374,2.7018],[30.9369,2.7022],[30.937,2.7027],[30.9376,2.7033],[30.9381,2.7043],[30.9381,2.7048],[30.9377,2.7048],[30.9369,2.7041],[30.936,2.7031],[30.9356,2.7026],[30.9351,2.7022],[30.935,2.702],[30.9347,2.7017],[30.9345,2.7014],[30.9346,2.7008],[30.9344,2.7006],[30.9339,2.7],[30.9337,2.6999],[30.9333,2.6997],[30.933,2.6992],[30.9324,2.6989],[30.9322,2.6985],[30.9323,2.698],[30.9327,2.6978],[30.9333,2.6974],[30.9331,2.6971],[30.931,2.6968],[30.9307,2.6969],[30.9304,2.6979],[30.9304,2.6981],[30.9306,2.6982],[30.9307,2.6986],[30.931,2.6986],[30.9314,2.6989],[30.9314,2.6991],[30.9313,2.6993],[30.9312,2.6995],[30.9312,2.6999],[30.9309,2.7012],[30.9309,2.7015],[30.9307,2.7018],[30.9308,2.7021],[30.931,2.7025],[30.9309,2.7033],[30.9303,2.7036],[30.9263,2.7034],[30.9263,2.7032],[30.9254,2.7017],[30.9245,2.7005],[30.9236,2.6997],[30.9232,2.6992],[30.9233,2.6987],[30.9234,2.6982],[30.9235,2.6979],[30.9234,2.6977],[30.9226,2.6976],[30.9217,2.6975],[30.9213,2.6971],[30.9211,2.6967],[30.9207,2.6961],[30.9201,2.6962],[30.9197,2.6964],[30.9196,2.6967],[30.9195,2.6973],[30.9196,2.6975],[30.9193,2.6977],[30.9187,2.6971],[30.9181,2.6962],[30.9185,2.6948],[30.9183,2.6945],[30.9182,2.6944],[30.9171,2.6938],[30.9144,2.6931],[30.9142,2.6928],[30.9142,2.6927],[30.9146,2.6906],[30.9145,2.6902],[30.9133,2.6876],[30.9133,2.6875],[30.9136,2.6871],[30.9138,2.6871],[30.9143,2.6873],[30.9146,2.6878],[30.9147,2.6879],[30.9149,2.6879],[30.9154,2.6876],[30.9151,2.687],[30.915,2.6869],[30.9139,2.6864],[30.9133,2.6862],[30.9129,2.6857],[30.9125,2.6855],[30.9126,2.6842],[30.9129,2.6836],[30.9129,2.6834],[30.9128,2.6831],[30.9122,2.6822],[30.9119,2.682],[30.9117,2.6815],[30.9117,2.6813],[30.9118,2.6806],[30.912,2.6805],[30.9123,2.6801],[30.9123,2.6799],[30.9123,2.6798],[30.9122,2.6797],[30.9121,2.6796],[30.9119,2.6795],[30.9126,2.679],[30.9129,2.679],[30.9136,2.6785],[30.9141,2.6783],[30.9141,2.6782],[30.9138,2.6779],[30.9137,2.6773],[30.9138,2.6768],[30.9138,2.6766],[30.914,2.676],[30.9141,2.6754],[30.9139,2.6752],[30.9139,2.6749],[30.912,2.6735],[30.9116,2.6732],[30.9113,2.6728],[30.9112,2.6724],[30.9115,2.6717],[30.912,2.6707],[30.9119,2.6703],[30.9094,2.6709],[30.9082,2.67],[30.908,2.6698],[30.9078,2.6698],[30.9072,2.6701],[30.9061,2.6695],[30.9059,2.6691],[30.9059,2.6687],[30.9057,2.6685],[30.9049,2.6688],[30.9041,2.6692],[30.9036,2.6687],[30.9029,2.6682],[30.9026,2.6676],[30.9016,2.6673],[30.9011,2.6679],[30.9005,2.6694],[30.8998,2.6698],[30.8985,2.6706],[30.8978,2.6709],[30.8974,2.6712],[30.8971,2.6716],[30.8971,2.6719],[30.8976,2.672],[30.8974,2.6724],[30.8965,2.673],[30.8959,2.6729],[30.8958,2.6727],[30.8958,2.6725],[30.8957,2.6723],[30.8955,2.6718],[30.8955,2.6716],[30.8952,2.671],[30.8944,2.6706],[30.894,2.6703],[30.8929,2.6699],[30.8923,2.6693],[30.8918,2.6698],[30.8918,2.6701],[30.8913,2.6703],[30.8911,2.6701],[30.8911,2.6697],[30.8909,2.669],[30.8908,2.6686],[30.8906,2.6679],[30.8904,2.6677],[30.8895,2.6676],[30.8893,2.6676],[30.8889,2.6679],[30.8886,2.6679],[30.8877,2.6683],[30.8873,2.6692],[30.8873,2.6695],[30.8874,2.6696],[30.8875,2.67],[30.8874,2.6706],[30.8869,2.6715],[30.8868,2.6717],[30.8867,2.672],[30.8865,2.6722],[30.8864,2.6726],[30.8861,2.6729],[30.8854,2.6729],[30.8853,2.6727],[30.8852,2.6726],[30.8849,2.673],[30.8843,2.6725],[30.884,2.6722],[30.8835,2.6716],[30.8822,2.6703],[30.8819,2.6703],[30.8816,2.6704],[30.8804,2.6708],[30.8803,2.6706],[30.8802,2.6705],[30.8802,2.6704],[30.8802,2.67],[30.8798,2.6701],[30.8796,2.6702],[30.8794,2.6706],[30.879,2.6709],[30.8782,2.6714],[30.8779,2.6715],[30.8776,2.6717],[30.8767,2.6717],[30.8765,2.6713],[30.8763,2.6717],[30.8753,2.6718],[30.8749,2.672],[30.8749,2.6724],[30.875,2.6725],[30.8751,2.6727],[30.8751,2.6729],[30.875,2.6732],[30.8743,2.6736],[30.8739,2.6737],[30.8737,2.674],[30.8735,2.6742],[30.8732,2.6742],[30.8717,2.6734],[30.8715,2.6732],[30.8711,2.6733],[30.8704,2.6736],[30.87,2.6739],[30.8689,2.6747],[30.8687,2.6747],[30.8686,2.6747],[30.8682,2.6743],[30.868,2.674],[30.8674,2.6739],[30.8673,2.6739],[30.8669,2.6743],[30.8668,2.6746],[30.8665,2.6749],[30.8662,2.6749],[30.8656,2.6748],[30.8653,2.6747],[30.8645,2.6737],[30.8633,2.6731],[30.863,2.6732],[30.8617,2.6729],[30.8614,2.6725],[30.8615,2.6722],[30.8615,2.6719],[30.8612,2.6716],[30.8606,2.672],[30.8601,2.6725],[30.8597,2.6729],[30.8591,2.6731],[30.8587,2.6731],[30.8584,2.6731],[30.8585,2.6747],[30.8584,2.6749],[30.8583,2.675],[30.8576,2.6748],[30.8574,2.6743],[30.8572,2.6741],[30.8571,2.674],[30.8571,2.6736],[30.8571,2.6734],[30.857,2.6732],[30.8568,2.673],[30.8569,2.6728],[30.8563,2.6722],[30.8552,2.6718],[30.8549,2.6718],[30.8543,2.6713],[30.8542,2.6713],[30.8536,2.6713],[30.8531,2.6711],[30.8528,2.6707],[30.8528,2.6705],[30.8528,2.6703],[30.8531,2.6699],[30.8528,2.6695],[30.8519,2.6701],[30.8498,2.6708],[30.8499,2.6716],[30.8493,2.6718],[30.8476,2.6702],[30.8476,2.67],[30.8469,2.6695],[30.8464,2.6693],[30.8461,2.6697],[30.8456,2.6697],[30.8453,2.6688],[30.8446,2.668],[30.8447,2.6676],[30.8442,2.6671],[30.8441,2.667],[30.8434,2.667],[30.8434,2.6668],[30.8432,2.6664],[30.8432,2.6658],[30.843,2.6654],[30.8423,2.6648],[30.8421,2.6646],[30.8414,2.6634],[30.8399,2.6625],[30.8392,2.6624],[30.8384,2.6618],[30.8357,2.6608],[30.8351,2.6607],[30.8346,2.6611],[30.8339,2.6613],[30.8332,2.6611],[30.8325,2.6607],[30.8319,2.6603],[30.8314,2.66],[30.8306,2.66],[30.8301,2.6599],[30.8298,2.6599],[30.8293,2.6599],[30.8283,2.6595],[30.8268,2.6586],[30.8258,2.6585],[30.8253,2.6586],[30.8244,2.6589],[30.8233,2.6593],[30.8225,2.6597],[30.8215,2.66],[30.8211,2.66],[30.8207,2.6598],[30.8189,2.6594],[30.8183,2.659],[30.8168,2.6578],[30.8164,2.6574],[30.8163,2.6572],[30.816,2.6566],[30.815,2.6551],[30.814,2.6544],[30.8134,2.6543],[30.8129,2.6539],[30.8115,2.6534],[30.811,2.6534],[30.8106,2.653],[30.8101,2.653],[30.8094,2.653],[30.8087,2.6529],[30.8085,2.6529],[30.8078,2.6528],[30.8074,2.6528],[30.8068,2.653],[30.8059,2.653],[30.8049,2.6524],[30.8047,2.6522],[30.8042,2.6521],[30.8036,2.6522],[30.8031,2.6525],[30.8017,2.6522],[30.8009,2.652],[30.8002,2.652],[30.7991,2.651],[30.7981,2.6502],[30.7979,2.6492],[30.7973,2.6472],[30.7973,2.647],[30.7967,2.6459],[30.7964,2.6457],[30.7947,2.6451],[30.7943,2.645],[30.7929,2.6447],[30.7924,2.6446],[30.7871,2.6431],[30.7878,2.6345],[30.7916,2.6319],[30.7811,2.6146],[30.7792,2.601],[30.7733,2.5995],[30.7721,2.5956],[30.7613,2.5937],[30.7508,2.5834],[30.7547,2.5761],[30.7535,2.5695],[30.7583,2.562],[30.7565,2.554],[30.7596,2.5475],[30.7572,2.5381],[30.7625,2.5072],[30.7593,2.4949],[30.7519,2.4941],[30.7471,2.4884],[30.7449,2.4571],[30.7408,2.4513],[30.7492,2.4382],[30.7524,2.4168],[30.7559,2.4237],[30.7711,2.4281],[30.7793,2.4359],[30.8064,2.422],[30.8236,2.4211],[30.8349,2.4239],[30.8332,2.4143],[30.8383,2.412],[30.8386,2.4011],[30.8417,2.4013],[30.8464,2.3944],[30.8486,2.3821],[30.8564,2.3744],[30.8652,2.3733],[30.8669,2.3671],[30.8734,2.3661],[30.877,2.3611],[30.8766,2.3519],[30.8819,2.3387],[30.892,2.3373],[30.9113,2.3286],[30.9132,2.3387],[30.9346,2.3322],[30.9425,2.3408],[30.9501,2.3592],[30.9496,2.3625],[30.9429,2.3641],[30.9425,2.3715],[30.9501,2.384],[30.9489,2.3899],[30.9555,2.3979],[30.9603,2.3943],[30.9666,2.4007],[30.9812,2.4044],[30.993,2.4029],[31.0034,2.3957],[31.0084,2.398],[31.0125,2.3874],[31.0158,2.3859],[31.0194,2.3955],[31.0291,2.4063],[31.0346,2.4336],[31.0514,2.4781],[31.0605,2.4813],[31.0654,2.488],[31.071,2.4884],[31.0718,2.4938],[31.0755,2.4945],[31.07,2.4991],[31.0565,2.5004],[31.0455,2.4974],[31.0395,2.5001],[31.0219,2.5222],[30.9911,2.5201],[30.9962,2.5479],[30.9941,2.553],[30.9961,2.5515],[31.0033,2.5576],[31.0063,2.5683],[31.0137,2.5699],[31.0143,2.5761],[31.0205,2.5752],[30.9847,2.5956],[30.9813,2.6139],[30.9839,2.6573],[30.9767,2.6878],[30.9763,2.6879],[30.9758,2.6882],[30.9742,2.6893],[30.974,2.6897],[30.9741,2.6903],[30.9745,2.6914],[30.9742,2.692],[30.9739,2.6923],[30.9719,2.694],[30.971,2.6942],[30.97,2.6945],[30.969,2.6951],[30.9683,2.6955],[30.966,2.6983],[30.9658,2.6985],[30.9656,2.6988],[30.9653,2.6992],[30.9649,2.7],[30.9643,2.7008],[30.9644,2.7012],[30.9647,2.7021],[30.9639,2.7026],[30.9635,2.7025],[30.9632,2.7025],[30.9625,2.7028],[30.9624,2.7031],[30.9624,2.7037],[30.9623,2.7045],[30.9621,2.7048],[30.9608,2.7058],[30.9604,2.7065],[30.9601,2.7069],[30.9599,2.7073],[30.9595,2.7078],[30.9593,2.7088],[30.9592,2.7089],[30.9587,2.71],[30.9585,2.7107],[30.9585,2.711]]]},"properties":{"name":"Zombo District","id":"A4aGXEfdb8P"}},
{"type":"Feature","geometry":{"type":"Polygon","coordinates":[[[33.7387,2.4456],[33.735305592105476,2.449980148023734],[33.725603170898694,2.45320768826284],[33.71339490628429,2.498910122668941],[33.71496055374916,2.517609375286051],[33.72532745478322,2.520646322277645],[33.730138696703584,2.537128421839675],[33.724800247032675,2.552141976058706],[33.73058607709119,2.549922035241933],[33.73506225211435,2.541184620490244],[33.73537739050963,2.528805587987822],[33.727753411315156,2.506811874320081],[33.73648026222346,2.484368524456175],[33.75689466176057,2.468465593650597],[33.77001328208064,2.466446626906596],[33.77080297959402,2.461373723431937],[33.7402,2.443283246490608],[33.7401,2.4384],[33.7453,2.4356],[33.7431,2.4287],[33.7376,2.4275],[33.736,2.4175],[33.7484,2.4104],[33.7535,2.403],[33.84932841036162,2.343241760670818],[33.84899201259049,2.346845444433463],[33.856297108955175,2.34924356657656],[33.86283420840091,2.35678229996846],[33.87933516814233,2.359485184198981],[33.8959,2.3755],[33.899002399941416,2.377600000003615],[33.8999,2.3784],[33.90616576775845,2.381754444524665],[33.90971079010894,2.39110425921566],[33.92086980653143,2.38727051939899],[33.9227,2.3883],[33.94148860202613,2.402348571430005],[33.9489,2.4008],[33.95289121857565,2.398983512599042],[33.96152624481208,2.405845928446759],[33.96358675387426,2.40491986926886],[33.965139940875915,2.40407988175974],[33.96814178640937,2.403004466056101],[33.9765,2.4093],[33.9789856099087,2.407943170342156],[33.98317841146291,2.405747890662168],[33.98624543303372,2.404418267895047],[33.9887,2.4037],[33.99185673421836,2.402816328954083],[33.99746803042986,2.402378171694888],[33.9965,2.4002],[34.0028,2.3995],[34.0046,2.402],[34.0035,2.4075],[34.0067,2.4088],[34.0068,2.4137],[34.0033,2.418],[34.0067,2.4177],[34.0075,2.4226],[34.018,2.4325],[34.022,2.4333],[34.0276,2.429],[34.0302,2.4311],[34.0277,2.4399],[34.0328,2.4499],[34.0335,2.4655],[34.0373,2.4669],[34.0351,2.4672],[34.0373,2.469],[34.0352,2.4713],[34.0374,2.4711],[34.0348,2.4874],[34.0361,2.5061],[34.0322,2.5109],[34.033,2.5222],[34.0294,2.5271],[34.0266,2.5299],[34.0235,2.5281],[34.018,2.5362],[34.0175,2.5331],[34.0145,2.534],[34.0154,2.5399],[34.0128,2.5398],[34.0112,2.5453],[33.9864,2.5708],[33.9658,2.6167],[33.8809,2.6705],[33.8859,2.7328],[33.9009,2.7894],[33.9043,2.7908],[33.8991,2.8039],[33.8921,2.8109],[33.8949,2.8166],[33.8954,2.8611],[33.8894,2.8759],[33.8748,2.895],[33.8733,2.9127],[33.8652,2.9221],[33.8686,2.9371],[33.8659,2.9438],[33.8515,2.9489],[33.8041,2.9835],[33.7521,2.9656],[33.738,2.9788],[33.7313,2.9806],[33.7277,2.9852],[33.7247,2.9842],[33.72060893614871,2.990892340457946],[33.7213,3.0217],[33.687,3.0537],[33.6802,3.0526],[33.6607,3.0613],[33.6814,3.0915],[33.6922,3.1224],[33.7069,3.1326],[33.6915,3.1387],[33.6403,3.1394],[33.6135,3.1306],[33.581,3.1491],[33.5595,3.149],[33.5709,3.0019],[33.5753,2.967],[33.5806,2.9541],[33.5801,2.9461],[33.5706,2.9349],[33.577,2.8812],[33.6046,2.8701],[33.6038,2.7869],[33.5996,2.7791],[33.5666,2.7542],[33.5472,2.722],[33.5382,2.7171],[33.5377,2.7092],[33.5325,2.7025],[33.5335,2.6986],[33.5261,2.688],[33.5246,2.6753],[33.5214,2.6719],[33.5252,2.6543],[33.5306,2.6447],[33.5282,2.6288],[33.534,2.6287],[33.5387,2.6234],[33.5358,2.6158],[33.5395,2.6093],[33.5339,2.6077],[33.533,2.6038],[33.5515,2.5686],[33.5532,2.5589],[33.5753,2.5414],[33.5801,2.5264],[33.5933,2.511],[33.6078,2.4997],[33.6061,2.4958],[33.6151,2.493],[33.6146,2.4898],[33.6274,2.4712],[33.6696,2.5054],[33.6963,2.4821],[33.7055,2.4605],[33.7387,2.4456]]]},"properties":{"name":"Abim District","id":"NREoMszwQZW"}},
{"type":"Feature","geometry":{"type":"Polygon","coordinates":[[[33.1337,2.1253],[33.13846117309073,2.112584802678793],[33.14454362200486,2.105949566075676],[33.154027669694024,2.106647828206026],[33.168886113263895,2.113472355235135],[33.17116966665585,2.110431413316639],[33.16943177302953,2.107410591016921],[33.1804,2.1041],[33.1854,2.0943],[33.1945,2.0905],[33.212,2.0902],[33.2201,2.0856],[33.2402,2.0816],[33.2519,2.0839],[33.2583,2.0704],[33.2868,2.0508],[33.2905,2.0394],[33.3093,2.0474],[33.3145,2.0535],[33.3244,2.0527],[33.3487,2.0307],[33.364,2.0279],[33.3635,2.0421],[33.3476,2.0636],[33.364,2.1033],[33.3715,2.1099],[33.3871,2.1137],[33.4021,2.1234],[33.4158,2.1429],[33.4375,2.1111],[33.4551,2.1276],[33.4559,2.1443],[33.4669,2.1577],[33.4709,2.1786],[33.4787,2.1911],[33.4783,2.1986],[33.4748,2.2074],[33.4629,2.2118],[33.4424,2.2293],[33.4407,2.239],[33.4439,2.2461],[33.4615,2.2417],[33.4723,2.235],[33.4876,2.2325],[33.4917,2.231],[33.5087,2.2513],[33.5354,2.2668],[33.5481,2.2834],[33.5491,2.2917],[33.5439,2.318],[33.5462,2.3293],[33.535,2.3521],[33.5184,2.3534],[33.5163,2.3493],[33.5032,2.3526],[33.5027,2.3549],[33.4977,2.3516],[33.4934,2.3554],[33.4886,2.3523],[33.4849,2.3573],[33.4708,2.3599],[33.4586,2.3562],[33.4554,2.3622],[33.452,2.3599],[33.4481,2.3627],[33.445,2.3593],[33.4429,2.3642],[33.4373,2.3602],[33.431,2.3638],[33.4288,2.3567],[33.4203,2.3509],[33.4187,2.346],[33.4086,2.3465],[33.3988,2.3294],[33.3949,2.3322],[33.3923,2.3287],[33.3879,2.3314],[33.3818,2.3267],[33.3798,2.3281],[33.3819,2.3322],[33.3757,2.327],[33.3682,2.3354],[33.3606,2.3328],[33.3539,2.3396],[33.349,2.3343],[33.3435,2.3381],[33.3403,2.3369],[33.3311,2.3277],[33.3246,2.3315],[33.3206,2.3232],[33.3131,2.3269],[33.3091,2.3189],[33.3033,2.3264],[33.2957,2.321],[33.2968,2.332],[33.2935,2.3287],[33.2873,2.3308],[33.2896,2.3423],[33.2839,2.3428],[33.2772,2.3501],[33.266,2.3486],[33.2626,2.3446],[33.2632,2.3508],[33.2585,2.351],[33.2498,2.3461],[33.2544,2.3563],[33.2459,2.3573],[33.2474,2.363],[33.2445,2.3689],[33.2474,2.3814],[33.2377,2.384],[33.2334,2.3795],[33.2354,2.3755],[33.2325,2.372],[33.2194,2.3713],[33.2264,2.3831],[33.2229,2.387],[33.2138,2.3881],[33.216,2.3901],[33.213,2.3939],[33.2208,2.4021],[33.2178,2.4021],[33.2162,2.4064],[33.21,2.4067],[33.2051,2.4146],[33.1989,2.415],[33.1992,2.4184],[33.1961,2.414],[33.1934,2.4172],[33.1879,2.4056],[33.1805,2.407],[33.1851,2.4189],[33.1741,2.4212],[33.1726,2.4247],[33.1852,2.4354],[33.1813,2.441],[33.1825,2.446],[33.1847,2.4499],[33.1892,2.4507],[33.1907,2.456],[33.1827,2.4548],[33.1772,2.4495],[33.1729,2.4527],[33.1708,2.4443],[33.1616,2.4377],[33.1536,2.4267],[33.1501,2.4254],[33.1483,2.431],[33.145,2.4306],[33.1477,2.4376],[33.1545,2.4409],[33.1599,2.4487],[33.1594,2.4566],[33.1552,2.4585],[33.142,2.4468],[33.1357,2.4473],[33.135,2.4505],[33.1392,2.4515],[33.1406,2.4584],[33.1502,2.4701],[33.1359,2.4692],[33.1369,2.4735],[33.1494,2.4846],[33.1474,2.4892],[33.137,2.4819],[33.1316,2.4873],[33.1264,2.4799],[33.1242,2.4852],[33.1285,2.4903],[33.1177,2.4909],[33.104,2.4753],[33.1015,2.4764],[33.1023,2.486],[33.0885,2.475],[33.085,2.4818],[33.0901,2.4894],[33.0832,2.4951],[33.0712,2.4895],[33.0688,2.4956],[33.0722,2.5006],[33.0569,2.5031],[33.0542,2.4992],[33.0553,2.4941],[33.0464,2.4868],[33.0427,2.4885],[33.0334,2.5056],[33.0212,2.5011],[33.0161,2.5024],[33.01,2.4971],[33.0104,2.4967],[33.0105,2.4965],[33.0109,2.4963],[33.0112,2.4963],[33.0123,2.4956],[33.0124,2.4946],[33.0125,2.4936],[33.0125,2.4932],[33.0125,2.493],[33.0126,2.4925],[33.0127,2.4923],[33.0136,2.4914],[33.0141,2.49],[33.0141,2.4894],[33.0143,2.4891],[33.0144,2.4888],[33.0143,2.4885],[33.0136,2.4878],[33.0135,2.4875],[33.0134,2.4865],[33.0131,2.4857],[33.0126,2.4851],[33.0126,2.4845],[33.0126,2.4844],[33.0127,2.4841],[33.0128,2.484],[33.0131,2.4837],[33.0134,2.4834],[33.0134,2.4829],[33.014,2.482],[33.0142,2.4817],[33.0144,2.4814],[33.0144,2.4806],[33.0144,2.4803],[33.0144,2.4798],[33.0144,2.4795],[33.0145,2.4794],[33.0146,2.4793],[33.0148,2.479],[33.0149,2.4789],[33.0151,2.4781],[33.0157,2.4772],[33.0156,2.4768],[33.0156,2.4742],[33.0158,2.4742],[33.0161,2.4743],[33.0166,2.4742],[33.0167,2.4741],[33.0168,2.474],[33.0172,2.474],[33.0174,2.4739],[33.0175,2.4738],[33.0175,2.4737],[33.0176,2.4735],[33.018,2.4734],[33.0181,2.4733],[33.0181,2.4731],[33.0181,2.4729],[33.0181,2.4726],[33.0182,2.4725],[33.0189,2.4724],[33.019,2.472],[33.0192,2.4719],[33.0193,2.4718],[33.0193,2.4715],[33.0194,2.4714],[33.0198,2.4713],[33.0199,2.4712],[33.0199,2.4711],[33.0198,2.4709],[33.02,2.4706],[33.0201,2.4705],[33.0201,2.4701],[33.0202,2.4698],[33.0203,2.4697],[33.0204,2.4694],[33.0206,2.469],[33.0208,2.4688],[33.0208,2.4687],[33.0209,2.4683],[33.0209,2.4681],[33.0211,2.4679],[33.0214,2.4671],[33.0215,2.4668],[33.0215,2.4667],[33.0216,2.4664],[33.0216,2.4663],[33.0217,2.4661],[33.0217,2.466],[33.0218,2.4658],[33.022,2.4651],[33.0221,2.4648],[33.0223,2.4643],[33.0223,2.464],[33.0224,2.4636],[33.0224,2.4624],[33.0224,2.462],[33.0223,2.4617],[33.0223,2.4614],[33.0223,2.4605],[33.0224,2.4601],[33.0223,2.46],[33.0222,2.4599],[33.0222,2.4595],[33.0222,2.4591],[33.0221,2.4586],[33.022,2.4583],[33.0219,2.4581],[33.0217,2.4577],[33.0216,2.4576],[33.0216,2.4573],[33.0215,2.457],[33.0214,2.4568],[33.0212,2.4565],[33.0212,2.4563],[33.0212,2.4561],[33.0211,2.4558],[33.0211,2.4556],[33.0206,2.4551],[33.0204,2.455],[33.0203,2.455],[33.02,2.4548],[33.0199,2.4546],[33.0199,2.4544],[33.0199,2.4543],[33.02,2.4541],[33.0201,2.4538],[33.0202,2.4537],[33.0206,2.4535],[33.0207,2.4534],[33.0208,2.4533],[33.0208,2.4529],[33.0208,2.4525],[33.0208,2.4523],[33.0209,2.452],[33.021,2.4518],[33.0211,2.4517],[33.0214,2.4511],[33.0218,2.4504],[33.0219,2.4499],[33.022,2.4496],[33.0221,2.4495],[33.0224,2.4492],[33.0228,2.4488],[33.0229,2.4487],[33.0232,2.4483],[33.0232,2.4481],[33.0235,2.4477],[33.024,2.4475],[33.0242,2.4472],[33.0242,2.447],[33.0242,2.4469],[33.0243,2.4468],[33.0245,2.4468],[33.0247,2.4467],[33.0247,2.4465],[33.0248,2.4464],[33.0252,2.4459],[33.0252,2.4457],[33.0255,2.4451],[33.0254,2.4429],[33.0254,2.4427],[33.0255,2.4423],[33.0255,2.4422],[33.0255,2.4419],[33.0253,2.4414],[33.025,2.4414],[33.0244,2.4411],[33.0241,2.4408],[33.024,2.4407],[33.0239,2.4405],[33.0234,2.4396],[33.0233,2.4394],[33.0227,2.4387],[33.0222,2.4381],[33.022,2.438],[33.0213,2.438],[33.0212,2.4381],[33.0211,2.4382],[33.0207,2.4382],[33.0205,2.438],[33.0203,2.4378],[33.0202,2.4377],[33.0202,2.4376],[33.0202,2.4374],[33.0202,2.4373],[33.0204,2.4371],[33.0207,2.4369],[33.0208,2.4368],[33.0208,2.4365],[33.0207,2.4363],[33.0206,2.4361],[33.0204,2.4359],[33.0202,2.4355],[33.02,2.4354],[33.0196,2.4354],[33.0193,2.4352],[33.0189,2.4348],[33.0187,2.4347],[33.0182,2.4333],[33.0176,2.4327],[33.0147,2.4325],[33.0139,2.431],[33.0131,2.4302],[33.0125,2.4297],[33.0113,2.4284],[33.0075,2.4241],[33.0058,2.4222],[33.0027,2.4161],[33.0008,2.4141],[33.0007,2.4141],[32.9993,2.4137],[32.9985,2.4134],[32.9965,2.4125],[32.9949,2.4104],[32.9907,2.405],[32.9903,2.403],[32.9873,2.4012],[32.9858,2.3994],[32.9852,2.3985],[32.9844,2.3974],[32.9827,2.3964],[32.9828,2.3906],[32.9829,2.3889],[32.9834,2.3838],[32.9831,2.3804],[32.9827,2.3799],[32.9819,2.3781],[32.9815,2.3748],[32.9825,2.3722],[32.9824,2.3701],[32.9813,2.3676],[32.9809,2.3653],[32.9806,2.3638],[32.9803,2.3607],[32.9802,2.3591],[32.9822,2.3569],[32.9862,2.3542],[32.9871,2.3538],[32.9888,2.3521],[32.989,2.3519],[32.9898,2.3516],[32.9901,2.3515],[32.9905,2.3513],[32.9912,2.3509],[32.9918,2.3505],[32.9921,2.3504],[32.9927,2.3499],[32.9935,2.3492],[32.9939,2.349],[32.9942,2.3488],[32.9961,2.3479],[32.9965,2.3478],[32.9972,2.3475],[32.9977,2.3472],[32.9979,2.3471],[32.9981,2.3469],[32.9981,2.3452],[32.9979,2.3436],[32.9979,2.342],[32.9981,2.3414],[32.9982,2.3406],[32.9983,2.3398],[32.9983,2.3392],[32.9981,2.3386],[32.9981,2.3384],[32.9982,2.3372],[32.9982,2.3371],[32.9982,2.3364],[32.9982,2.3363],[32.9981,2.3357],[32.998,2.335],[32.9977,2.3344],[32.9976,2.3336],[32.9975,2.3331],[32.9973,2.3317],[32.9994,2.3305],[33.0019,2.3262],[33.0024,2.3254],[33.0026,2.3221],[33.0026,2.3215],[33.0028,2.3213],[33.003,2.3212],[33.0031,2.3211],[33.0032,2.3206],[33.0036,2.32],[33.004,2.3194],[33.0042,2.3184],[33.0045,2.3182],[33.0045,2.3181],[33.0046,2.318],[33.0046,2.3178],[33.0049,2.3167],[33.005,2.3166],[33.0052,2.3159],[33.0053,2.3158],[33.0054,2.3157],[33.0057,2.3143],[33.0058,2.314],[33.0059,2.3136],[33.0061,2.3132],[33.0061,2.3121],[33.0061,2.312],[33.0062,2.3117],[33.0062,2.3116],[33.0063,2.3115],[33.0065,2.3115],[33.0066,2.3116],[33.0068,2.3116],[33.0071,2.3115],[33.0073,2.3113],[33.0076,2.3111],[33.0081,2.3109],[33.0082,2.3106],[33.0088,2.3103],[33.0089,2.3101],[33.009,2.3099],[33.0093,2.3098],[33.0094,2.3097],[33.0096,2.3096],[33.0098,2.3095],[33.01,2.3096],[33.0101,2.3097],[33.0104,2.3099],[33.0106,2.3099],[33.0111,2.3098],[33.0113,2.3098],[33.0115,2.3099],[33.0117,2.31],[33.0118,2.3099],[33.0119,2.3099],[33.0123,2.3094],[33.0125,2.3094],[33.0126,2.3095],[33.0127,2.3096],[33.0129,2.3097],[33.013,2.3097],[33.0132,2.3097],[33.0135,2.3098],[33.0136,2.3099],[33.0138,2.3101],[33.0138,2.3103],[33.0141,2.3115],[33.0143,2.3117],[33.0151,2.3124],[33.0154,2.3127],[33.0167,2.3135],[33.0174,2.314],[33.0178,2.3142],[33.018,2.3145],[33.0181,2.3146],[33.0182,2.3147],[33.0185,2.315],[33.0191,2.3153],[33.0195,2.3163],[33.0197,2.3165],[33.0199,2.3167],[33.02,2.317],[33.0213,2.3184],[33.0223,2.3196],[33.0232,2.3202],[33.0236,2.3207],[33.0237,2.3208],[33.0238,2.3209],[33.0242,2.3211],[33.0253,2.3221],[33.0256,2.3225],[33.0259,2.3227],[33.0265,2.3228],[33.0281,2.3228],[33.0284,2.3229],[33.0286,2.3229],[33.029,2.3231],[33.0292,2.3232],[33.0302,2.3233],[33.0304,2.3234],[33.0305,2.3235],[33.0329,2.3236],[33.033,2.3237],[33.0333,2.3238],[33.0335,2.3238],[33.0337,2.3237],[33.0338,2.3237],[33.0364,2.3253],[33.0366,2.3254],[33.0369,2.3256],[33.0371,2.3257],[33.0375,2.3263],[33.0376,2.3266],[33.0377,2.327],[33.0382,2.3273],[33.0391,2.3276],[33.0395,2.3276],[33.0399,2.3274],[33.0402,2.3272],[33.0408,2.3272],[33.0411,2.3273],[33.0413,2.3273],[33.0414,2.3272],[33.0421,2.3271],[33.0423,2.3273],[33.0439,2.3271],[33.0442,2.327],[33.0451,2.3269],[33.0456,2.3268],[33.0461,2.3268],[33.0466,2.3269],[33.0471,2.3267],[33.0473,2.3266],[33.0474,2.3265],[33.0477,2.3263],[33.048,2.3262],[33.0489,2.3258],[33.0493,2.3257],[33.0502,2.3251],[33.0505,2.325],[33.0509,2.325],[33.0511,2.3251],[33.0517,2.3252],[33.0519,2.3251],[33.0522,2.3251],[33.0524,2.3251],[33.0525,2.3251],[33.0527,2.3251],[33.053,2.3251],[33.0533,2.3251],[33.0535,2.3252],[33.0536,2.3253],[33.0537,2.3254],[33.0537,2.3256],[33.0538,2.3257],[33.0542,2.326],[33.0545,2.3263],[33.0547,2.3265],[33.0549,2.3267],[33.0573,2.3281],[33.0581,2.3276],[33.0586,2.3272],[33.0594,2.3264],[33.0595,2.3262],[33.0601,2.325],[33.0604,2.3244],[33.0607,2.3237],[33.0633,2.3132],[33.0625,2.3118],[33.0619,2.3113],[33.0615,2.3108],[33.0611,2.3103],[33.0607,2.3096],[33.0604,2.3093],[33.0594,2.3084],[33.0593,2.3082],[33.0594,2.3073],[33.0602,2.3052],[33.0603,2.3047],[33.0608,2.3039],[33.0615,2.3034],[33.0625,2.3029],[33.0638,2.3025],[33.0648,2.3024],[33.0662,2.3026],[33.0679,2.3028],[33.0685,2.3029],[33.0695,2.3032],[33.0699,2.3034],[33.0701,2.3034],[33.0804,2.3044],[33.0827,2.3053],[33.0851,2.305],[33.0887,2.306],[33.0907,2.3069],[33.0936,2.308],[33.094,2.3069],[33.0942,2.306],[33.096,2.3047],[33.0984,2.3017],[33.0992,2.298],[33.0992,2.2961],[33.0985,2.293],[33.0965,2.2892],[33.0985,2.2884],[33.1041,2.2857],[33.1067,2.283],[33.1075,2.2814],[33.1089,2.2772],[33.1126,2.2701],[33.1145,2.2687],[33.1152,2.2679],[33.1164,2.2647],[33.1157,2.2627],[33.1152,2.2611],[33.1147,2.26],[33.1135,2.2582],[33.1119,2.2552],[33.1105,2.2531],[33.1089,2.2514],[33.1073,2.2498],[33.1103,2.2481],[33.1077,2.2471],[33.1056,2.2462],[33.1051,2.2461],[33.1043,2.2458],[33.102,2.2446],[33.1033,2.2395],[33.1033,2.239],[33.1035,2.2372],[33.1041,2.2361],[33.1049,2.2352],[33.1071,2.2336],[33.1107,2.2333],[33.1184,2.2313],[33.1227,2.2303],[33.124,2.2297],[33.1259,2.2272],[33.1264,2.2253],[33.129,2.2216],[33.1333,2.2156],[33.1361,2.2131],[33.1362,2.213],[33.136844737354195,2.21226315735286],[33.1378,2.2107],[33.1385,2.2096],[33.1387,2.2092],[33.1405,2.2078],[33.1438,2.2057],[33.1447,2.2025],[33.1475,2.195],[33.1481,2.1936],[33.149,2.1925],[33.1517,2.1904],[33.1507,2.1869],[33.1497,2.1852],[33.1485,2.1836],[33.1484,2.1829],[33.1473,2.1822],[33.144,2.1821],[33.1424,2.1808],[33.141,2.1777],[33.1405,2.1764],[33.1399,2.176],[33.1397,2.1759],[33.1386,2.1756],[33.1382,2.1755],[33.1365,2.1752],[33.1345,2.1743],[33.1344,2.1742],[33.1331,2.1739],[33.1321,2.1737],[33.1306,2.1728],[33.1293,2.172],[33.1285,2.1711],[33.128,2.1708],[33.1268,2.1712],[33.1245,2.1722],[33.1231,2.1728],[33.1225,2.1729],[33.1174,2.1735],[33.1159,2.1734],[33.1156,2.1732],[33.1149,2.1719],[33.112,2.1696],[33.11,2.1688],[33.1079,2.1682],[33.1045,2.1677],[33.1037,2.1669],[33.1033,2.1657],[33.1049,2.1639],[33.1083,2.162],[33.1099,2.1613],[33.1112,2.1607],[33.1126,2.159],[33.1138,2.1569],[33.1147,2.1558],[33.1162,2.1554],[33.1166,2.1552],[33.1179,2.1548],[33.1183,2.1539],[33.1192,2.1534],[33.1194,2.1523],[33.1193,2.1501],[33.119,2.1482],[33.1189,2.1474],[33.1195,2.1449],[33.1214,2.1426],[33.1271,2.1378],[33.1283,2.1368],[33.1291,2.1368],[33.1305,2.1358],[33.132,2.1338],[33.1328,2.1333],[33.1343,2.1318],[33.1353,2.1311],[33.1352,2.131],[33.1342,2.1287],[33.1337,2.1253]],[[33.136844737354195,2.21226315735286],[33.1367,2.2125],[33.1369,2.2122],[33.136844737354195,2.21226315735286]]]},"properties":{"name":"Alebtong District","id":"p7EEgDEX3jT"}},
{"type":"Feature","geometry":{"type":"MultiPolygon","coordinates":[[[[31.4293,2.9382],[31.414752553577262,2.909907792181692],[31.378120462764297,2.86484251089452],[31.376629918503404,2.858064866756327],[31.3711,2.8522],[31.36696359668771,2.843357248931964],[31.368573667756536,2.828223682582883],[31.38594390234597,2.792445450141782],[31.39128793487159,2.788908317939353],[31.399043026443735,2.775226148980726],[31.410679895912402,2.771572762752228],[31.438388826920317,2.772723611012483],[31.443392234502483,2.768848203139501],[31.453897713957083,2.767927403312309],[31.450238578093316,2.76080316364011],[31.44438806827206,2.75758833864641],[31.450408830799617,2.748464833206307],[31.45572265352945,2.728995900777589],[31.457913123189996,2.706886290056362],[31.454925778126125,2.707199283121982],[31.452236837161795,2.693068465699472],[31.451408590770225,2.688060739070764],[31.4597,2.6781],[31.4608,2.6755],[31.4615,2.6752],[31.462,2.6765],[31.4612,2.6775],[31.4625,2.6788],[31.4632,2.6783],[31.4636,2.6782],[31.4641,2.6792],[31.465,2.6788],[31.4663,2.6787],[31.4666,2.6795],[31.4665,2.6801],[31.4671,2.6804],[31.4679,2.6808],[31.4683,2.6807],[31.4692,2.6801],[31.4696,2.6801],[31.4699,2.6796],[31.4711,2.6786],[31.4711,2.6791],[31.471,2.6799],[31.4727,2.6811],[31.4735,2.6816],[31.4753,2.6819],[31.476,2.6824],[31.4768,2.6824],[31.4777,2.6825],[31.4803,2.6845],[31.4809,2.6852],[31.4816,2.6861],[31.481,2.6874],[31.482,2.689],[31.4813,2.6911],[31.4842,2.6927],[31.4849,2.694],[31.4849,2.6959],[31.4841,2.6969],[31.4841,2.6989],[31.4849,2.6985],[31.486,2.6988],[31.4849,2.6998],[31.4835,2.7008],[31.4817,2.7016],[31.4822,2.7026],[31.4834,2.7031],[31.4841,2.7041],[31.4854,2.7052],[31.4865,2.7055],[31.4878,2.708],[31.4879,2.7089],[31.4879,2.7093],[31.4887,2.71],[31.49,2.7089],[31.4907,2.7097],[31.4929,2.7142],[31.4929,2.7154],[31.494,2.7149],[31.496,2.7138],[31.4958,2.716],[31.497,2.7171],[31.4974,2.7168],[31.4993,2.7179],[31.5001,2.719],[31.5007,2.7194],[31.502,2.7188],[31.502,2.7177],[31.5024,2.7171],[31.5033,2.7175],[31.5035,2.7187],[31.5044,2.7196],[31.5061,2.7193],[31.5136,2.7225],[31.5144,2.7226],[31.514,2.7241],[31.5145,2.7242],[31.515,2.7235],[31.5162,2.7244],[31.517,2.7264],[31.518,2.7267],[31.5193,2.7268],[31.5199,2.7281],[31.5182,2.7288],[31.5182,2.7293],[31.5207,2.7299],[31.5216,2.7321],[31.5208,2.7322],[31.5206,2.7311],[31.5198,2.7305],[31.5185,2.7312],[31.5177,2.7321],[31.5182,2.7338],[31.5201,2.7352],[31.5233,2.7345],[31.5253,2.7338],[31.5258,2.7341],[31.5259,2.735],[31.5243,2.7353],[31.5265,2.737],[31.5253,2.7374],[31.5252,2.7379],[31.5259,2.7381],[31.5282,2.7383],[31.5284,2.7391],[31.5274,2.7396],[31.5289,2.7434],[31.5303,2.7421],[31.5312,2.7409],[31.5347,2.7413],[31.5353,2.7408],[31.5353,2.7399],[31.5355,2.7391],[31.5364,2.739],[31.5369,2.7392],[31.5372,2.7402],[31.5382,2.7421],[31.5382,2.7432],[31.5384,2.7436],[31.5383,2.7443],[31.5375,2.7442],[31.5367,2.7441],[31.5363,2.7455],[31.5351,2.7457],[31.5344,2.7467],[31.5341,2.747],[31.5346,2.7485],[31.5348,2.7499],[31.5364,2.7496],[31.5376,2.7509],[31.5377,2.7517],[31.5364,2.752],[31.5352,2.7518],[31.5348,2.7527],[31.5365,2.756],[31.5373,2.757],[31.5391,2.759],[31.5401,2.7594],[31.5405,2.7598],[31.5425,2.7606],[31.5445,2.7628],[31.5456,2.7649],[31.5477,2.7636],[31.549,2.7642],[31.5509,2.7654],[31.5514,2.7658],[31.5506,2.7673],[31.5502,2.7683],[31.5513,2.7699],[31.5542,2.7723],[31.5573,2.774],[31.5574,2.7748],[31.5572,2.7755],[31.5573,2.7764],[31.5586,2.7768],[31.5596,2.7767],[31.5653,2.7806],[31.5668,2.7809],[31.5683,2.7804],[31.5694,2.7798],[31.5711,2.7793],[31.571282513557353,2.778095081442792],[31.573425625984726,2.778701377172641],[31.571,2.7751],[31.5735,2.7719],[31.5746,2.7718],[31.5756,2.7723],[31.578,2.7805],[31.5778,2.7815],[31.5798,2.7831],[31.5802,2.7855],[31.5801,2.7861],[31.5792,2.7885],[31.5792,2.7889],[31.5797,2.7904],[31.5826,2.7887],[31.5849,2.7881],[31.5877,2.7894],[31.5882,2.7908],[31.5887,2.7911],[31.5895,2.7922],[31.5928,2.7936],[31.5946,2.7931],[31.5957,2.7933],[31.6001,2.7966],[31.5972,2.7993],[31.5985,2.8002],[31.5994,2.8008],[31.5994,2.8029],[31.6001,2.803],[31.6011,2.8038],[31.6018,2.8049],[31.6049,2.8058],[31.6105,2.8054],[31.6121,2.8049],[31.6193,2.8018],[31.6209,2.8034],[31.6217,2.8059],[31.622,2.8074],[31.6215,2.808],[31.6238,2.8079],[31.6257,2.8082],[31.6262,2.8087],[31.6257,2.8107],[31.6267,2.8128],[31.6287,2.8137],[31.6305,2.8159],[31.6315,2.816],[31.6323,2.8144],[31.6323,2.8133],[31.6346,2.8129],[31.6343,2.8143],[31.6349,2.8151],[31.6367,2.8163],[31.6367,2.8176],[31.6372,2.818],[31.6379,2.8169],[31.6387,2.8179],[31.6397,2.8182],[31.6404,2.8184],[31.642,2.8183],[31.643,2.8173],[31.6422,2.8162],[31.6422,2.816],[31.6432,2.8156],[31.645,2.8136],[31.6465,2.8136],[31.6465,2.815],[31.6494,2.8167],[31.6502,2.8155],[31.651,2.8156],[31.6528,2.815],[31.6533,2.8138],[31.6537,2.8153],[31.6541,2.8162],[31.6569,2.8147],[31.6581,2.8138],[31.6584,2.8137],[31.6558,2.8132],[31.6558,2.8127],[31.6573,2.8111],[31.657,2.8102],[31.6563,2.8087],[31.6564,2.808],[31.6574,2.8071],[31.6586,2.8062],[31.6592,2.8049],[31.6601,2.8039],[31.6599,2.8028],[31.66,2.8012],[31.6619,2.8007],[31.6651,2.7995],[31.6674,2.7996],[31.6686,2.7992],[31.6695,2.7987],[31.6724,2.7992],[31.6735,2.8004],[31.6771,2.8036],[31.6787,2.8037],[31.6798,2.8043],[31.6822,2.806],[31.683,2.8051],[31.6828,2.8046],[31.683,2.8029],[31.6844,2.8028],[31.685,2.8045],[31.6871,2.8051],[31.688,2.8086],[31.6898,2.8092],[31.6914,2.8114],[31.6911,2.813],[31.6915,2.8144],[31.6932,2.8169],[31.693,2.8184],[31.6938,2.8193],[31.6948,2.8203],[31.6967,2.8213],[31.6994,2.8222],[31.6998,2.8232],[31.701,2.8236],[31.7022,2.8227],[31.7033,2.8205],[31.7041,2.8202],[31.706,2.8193],[31.7072,2.8189],[31.7082,2.8196],[31.7057,2.8215],[31.7056,2.8221],[31.706,2.8227],[31.7071,2.8235],[31.7088,2.8228],[31.71,2.8231],[31.711,2.8235],[31.7119,2.8243],[31.7126,2.8248],[31.7124,2.8261],[31.7131,2.8266],[31.7135,2.8261],[31.7139,2.8259],[31.7144,2.8263],[31.713,2.8279],[31.7111,2.8305],[31.7132,2.8314],[31.7162,2.8315],[31.7169,2.8312],[31.7185,2.8295],[31.72,2.8289],[31.7209,2.829],[31.7218,2.8294],[31.723,2.8275],[31.7259,2.8273],[31.7282,2.8284],[31.73,2.8279],[31.732,2.8297],[31.733,2.8299],[31.7344,2.8302],[31.7353,2.8308],[31.7363,2.8319],[31.7381,2.8328],[31.7387,2.8328],[31.7393,2.8332],[31.7434,2.8331],[31.7435,2.8323],[31.7457,2.8321],[31.7461,2.8315],[31.7461,2.8306],[31.7463,2.8302],[31.747,2.8303],[31.7476,2.8303],[31.7472,2.8296],[31.7466,2.8294],[31.746,2.8286],[31.7463,2.8283],[31.7473,2.8274],[31.7477,2.8268],[31.7489,2.8269],[31.7507,2.8276],[31.7517,2.8283],[31.752,2.8295],[31.7514,2.8299],[31.7519,2.8315],[31.7512,2.8323],[31.7516,2.8332],[31.7523,2.8341],[31.7524,2.834],[31.754,2.8337],[31.7557,2.8333],[31.7578,2.8326],[31.7588,2.8326],[31.76,2.8334],[31.7603,2.8332],[31.7618,2.8319],[31.7621,2.8308],[31.7625,2.8298],[31.7644,2.8296],[31.7651,2.8289],[31.7658,2.8287],[31.7671,2.8294],[31.7674,2.8296],[31.7681,2.8292],[31.7687,2.8292],[31.7695,2.8294],[31.7708,2.8294],[31.7707,2.8291],[31.7703,2.8288],[31.7707,2.8283],[31.7728,2.8281],[31.7731,2.8281],[31.7738,2.8285],[31.7742,2.8288],[31.7747,2.8294],[31.7755,2.8292],[31.7756,2.829],[31.7765,2.8291],[31.7766,2.8293],[31.7766,2.8296],[31.7772,2.8296],[31.7777,2.8291],[31.7779,2.8291],[31.7803,2.8282],[31.7857,2.8266],[31.7858,2.8265],[31.7852,2.8243],[31.7862,2.8237],[31.7866,2.8233],[31.7874,2.8226],[31.7877,2.8226],[31.7877,2.8221],[31.7882,2.8219],[31.7892,2.8218],[31.7897,2.8215],[31.7898,2.8215],[31.79,2.8213],[31.7904,2.8209],[31.7902,2.8206],[31.7918,2.8197],[31.7945,2.8186],[31.795,2.8184],[31.7963,2.8178],[31.7966,2.8177],[31.797,2.8178],[31.7973,2.8179],[31.7976,2.8178],[31.7976,2.8175],[31.7979,2.8171],[31.7977,2.8162],[31.7979,2.8156],[31.7981,2.8149],[31.7986,2.8144],[31.7988,2.8142],[31.7987,2.8137],[31.7994,2.8132],[31.8002,2.8121],[31.8006,2.8119],[31.8005,2.8115],[31.8004,2.8112],[31.8004,2.8109],[31.8007,2.8103],[31.8009,2.81],[31.8016,2.8105],[31.8022,2.8104],[31.8031,2.8089],[31.8032,2.808],[31.8033,2.8073],[31.8036,2.8066],[31.8049,2.8052],[31.8055,2.8049],[31.8066,2.8042],[31.8073,2.8041],[31.8081,2.8035],[31.8083,2.8034],[31.8086,2.8032],[31.8089,2.8032],[31.8105,2.8024],[31.8109,2.8022],[31.8115,2.802],[31.8125,2.8024],[31.8134,2.8022],[31.8158,2.8022],[31.8171,2.8018],[31.821,2.8001],[31.8221,2.7985],[31.823,2.7958],[31.8254,2.7946],[31.8317,2.793],[31.833,2.7922],[31.8342,2.792],[31.8388,2.7918],[31.841,2.7918],[31.8439,2.7911],[31.8534,2.7887],[31.8548,2.7887],[31.8594,2.7889],[31.8615,2.7871],[31.8627,2.7872],[31.8638,2.7874],[31.8653,2.787],[31.8661,2.7873],[31.8668,2.7872],[31.868,2.7865],[31.8692,2.7861],[31.8701,2.786],[31.8704,2.7861],[31.8712,2.7854],[31.8724,2.7842],[31.8734,2.7836],[31.8736,2.7837],[31.8769,2.7846],[31.8827,2.7828],[31.8833,2.7826],[31.8858,2.783],[31.8864,2.7827],[31.8879,2.7831],[31.8882,2.7827],[31.889,2.7821],[31.89,2.7813],[31.8905,2.7807],[31.8911,2.7805],[31.8917,2.7794],[31.8922,2.7789],[31.8944,2.7787],[31.8976,2.7788],[31.8985,2.7784],[31.8995,2.7786],[31.8985,2.7815],[31.8981,2.7823],[31.8994,2.7823],[31.9,2.7859],[31.9013,2.7866],[31.9005,2.7889],[31.9007,2.7895],[31.9018,2.7907],[31.9028,2.7915],[31.9027,2.7917],[31.9033,2.7925],[31.9037,2.7928],[31.906,2.7926],[31.9062,2.793],[31.9079,2.7936],[31.9092,2.7942],[31.9107,2.7937],[31.9113,2.7938],[31.9127,2.7934],[31.9133,2.7926],[31.9134,2.7927],[31.9145,2.793],[31.915,2.7937],[31.9157,2.7938],[31.9164,2.7939],[31.9173,2.7937],[31.9177,2.7935],[31.9184,2.7935],[31.9193,2.7937],[31.9197,2.7934],[31.9203,2.7931],[31.9209,2.7931],[31.9212,2.7935],[31.9217,2.7937],[31.9221,2.7936],[31.9233,2.7942],[31.9242,2.7947],[31.9244,2.7947],[31.9255,2.7949],[31.9259,2.7947],[31.9266,2.7949],[31.9278,2.795],[31.9299,2.7968],[31.9375,2.7956],[31.9445,2.7935],[31.9451,2.793],[31.9477,2.7912],[31.9501,2.7909],[31.9552,2.7897],[31.9556,2.7891],[31.959,2.7878],[31.9604,2.7868],[31.9622,2.7846],[31.968126154411568,2.787011376752472],[31.9647,2.7808],[31.9654,2.7805],[31.9661,2.782],[31.9675,2.7825],[31.9674,2.7815],[31.9677,2.7814],[31.9685,2.7821],[31.9693,2.7821],[31.9701,2.7829],[31.9712,2.783],[31.9719,2.7826],[31.9726,2.7836],[31.972,2.7838],[31.9727,2.7842],[31.9723,2.7847],[31.9727,2.7849],[31.9741,2.786],[31.976,2.7869],[31.9762,2.7874],[31.9768,2.7884],[31.9765,2.7887],[31.9789,2.789],[31.9807,2.7885],[31.9859,2.7876],[31.9876,2.7876],[31.9915,2.787],[31.9998,2.7828],[32.0049,2.7806],[32.0061,2.7802],[32.008,2.7795],[32.0093,2.7795],[32.0105,2.7794],[32.0118,2.7791],[32.0132,2.7772],[32.0209,2.7703],[32.0221,2.7702],[32.0256,2.7683],[32.026,2.7685],[32.0265,2.7681],[32.0285,2.7678],[32.029,2.7683],[32.0297,2.7683],[32.0303,2.7689],[32.0303,2.7701],[32.0312,2.7705],[32.0315,2.771],[32.0321,2.7714],[32.0331,2.7716],[32.0338,2.7724],[32.0347,2.7732],[32.0373,2.7726],[32.038,2.7726],[32.0386,2.7731],[32.0393,2.7746],[32.0403,2.7749],[32.0408,2.7751],[32.0412,2.7761],[32.0414,2.7766],[32.0422,2.776],[32.0425,2.7759],[32.0428,2.776],[32.0438,2.7769],[32.0445,2.7773],[32.0449,2.7778],[32.0455,2.7779],[32.046,2.7785],[32.0464,2.7791],[32.0464,2.7803],[32.0463,2.7808],[32.0463,2.7817],[32.0482,2.7839],[32.0486,2.7863],[32.049,2.7863],[32.0521,2.7862],[32.0543,2.7865],[32.0545,2.7868],[32.0557,2.7868],[32.056,2.787],[32.0581,2.7875],[32.0603,2.7883],[32.0613,2.7895],[32.0637,2.7908],[32.0663,2.7924],[32.0674,2.7929],[32.0676,2.7928],[32.0678,2.7928],[32.068,2.793],[32.068,2.7932],[32.0683,2.7937],[32.0696,2.7934],[32.0698,2.7931],[32.0708,2.793],[32.0722,2.7931],[32.0726,2.7932],[32.073,2.7935],[32.075,2.7949],[32.075,2.7962],[32.0759,2.7965],[32.076,2.797],[32.0762,2.7979],[32.0764,2.7981],[32.077,2.799],[32.0777,2.7996],[32.0778,2.7998],[32.0786,2.7999],[32.079,2.8003],[32.08,2.8003],[32.0804,2.8006],[32.0809,2.8006],[32.082,2.8011],[32.0824,2.8012],[32.0835,2.8016],[32.0847,2.802],[32.0851,2.8018],[32.0862,2.8018],[32.0866,2.8017],[32.0872,2.8019],[32.0878,2.8024],[32.088,2.803],[32.0888,2.804],[32.0893,2.8042],[32.0914,2.8051],[32.0925,2.8052],[32.0932,2.8051],[32.0939,2.8055],[32.0943,2.8057],[32.0948,2.8059],[32.0958,2.8062],[32.0964,2.8062],[32.097,2.8056],[32.0987,2.8049],[32.1005,2.8044],[32.1012,2.8043],[32.1019,2.804],[32.1034,2.8037],[32.1036,2.8044],[32.105,2.804],[32.1066,2.8047],[32.1087,2.8047],[32.1104,2.8044],[32.1133,2.8028],[32.1143,2.8017],[32.1147,2.8007],[32.1156,2.8002],[32.1163,2.7989],[32.118,2.7965],[32.1184,2.7949],[32.1189,2.7944],[32.1206,2.7903],[32.1216,2.7898],[32.1219,2.7893],[32.1221,2.7881],[32.1234,2.7858],[32.1236,2.7844],[32.1252,2.7836],[32.126,2.7837],[32.1271,2.7835],[32.1286,2.7827],[32.1294,2.7826],[32.1295,2.7822],[32.1299,2.7813],[32.1301,2.7797],[32.1305,2.7788],[32.1304,2.7785],[32.1309,2.7779],[32.1308,2.7774],[32.1309,2.7765],[32.131,2.7763],[32.1314,2.776],[32.1315,2.7756],[32.1317,2.775],[32.1325,2.7742],[32.1326,2.7738],[32.1326,2.7727],[32.1329,2.7721],[32.1329,2.7714],[32.1362,2.7673],[32.1369,2.7671],[32.1381,2.7674],[32.1385,2.7677],[32.1395,2.7679],[32.1411,2.7687],[32.1444,2.7718],[32.1444,2.7729],[32.1445,2.7737],[32.1477,2.775],[32.1509,2.776],[32.154,2.7774],[32.1577,2.7774],[32.1672,2.7773],[32.1706,2.778],[32.1742,2.7789],[32.1802,2.7799],[32.1931,2.7786],[32.1937,2.7784],[32.1941,2.7783],[32.1948,2.7773],[32.1952,2.7763],[32.1959,2.7758],[32.1964,2.775],[32.1966,2.7739],[32.1971,2.7719],[32.1977,2.7695],[32.1976,2.7689],[32.1981,2.7671],[32.198,2.7659],[32.1982,2.7656],[32.1982,2.764],[32.1983,2.7615],[32.199,2.7594],[32.1986,2.758],[32.1985,2.7578],[32.1988,2.7576],[32.2012,2.7566],[32.2024,2.7561],[32.2032,2.7558],[32.2049,2.7563],[32.2065,2.756],[32.2086,2.7561],[32.2109,2.7561],[32.2121,2.7562],[32.2149,2.7574],[32.2172,2.758],[32.2186,2.7583],[32.2205,2.7596],[32.2219,2.7607],[32.2237,2.7611],[32.226,2.7624],[32.2304,2.7649],[32.2361,2.768],[32.2365,2.7682],[32.2349,2.7728],[32.232,2.7801],[32.23,2.785],[32.2296,2.7864],[32.2277,2.7912],[32.2268,2.7935],[32.2242,2.7999],[32.2229,2.8034],[32.22,2.8106],[32.2186,2.8142],[32.2135,2.8273],[32.2125,2.8315],[32.2125,2.8339],[32.2116,2.8367],[32.2114,2.8377],[32.2108,2.8397],[32.2104,2.8414],[32.2102,2.8421],[32.2101,2.8422],[32.2099,2.843],[32.2096,2.844],[32.2089,2.8462],[32.2077,2.8492],[32.2077,2.8507],[32.2082,2.8558],[32.2083,2.8574],[32.2093,2.8583],[32.2094,2.8587],[32.2102,2.8592],[32.2105,2.8606],[32.2106,2.8631],[32.2087,2.8679],[32.2061,2.8701],[32.2055,2.8712],[32.2033,2.8743],[32.2028,2.8758],[32.2028,2.8761],[32.2024,2.8771],[32.2012,2.879],[32.2006,2.8798],[32.1993,2.8839],[32.1991,2.8849],[32.1988,2.8855],[32.1981,2.8862],[32.1977,2.8908],[32.1971,2.8909],[32.1963,2.8916],[32.1959,2.8914],[32.1957,2.8921],[32.1962,2.8929],[32.1953,2.8945],[32.1954,2.8973],[32.1952,2.8978],[32.1944,2.8984],[32.1942,2.8986],[32.194,2.899],[32.1939,2.8996],[32.1936,2.9001],[32.1931,2.9005],[32.1925,2.9008],[32.1921,2.9013],[32.1923,2.9024],[32.1915,2.9042],[32.1913,2.905],[32.1914,2.9061],[32.1921,2.9069],[32.1925,2.9074],[32.1929,2.9079],[32.1935,2.9082],[32.1935,2.9097],[32.1932,2.9111],[32.1929,2.9115],[32.1927,2.9119],[32.1921,2.9121],[32.1923,2.9126],[32.1925,2.9131],[32.1922,2.914],[32.1921,2.9156],[32.1924,2.9163],[32.1916,2.9189],[32.1909,2.9189],[32.1907,2.9188],[32.1905,2.9194],[32.1915,2.9207],[32.1908,2.9217],[32.1905,2.9245],[32.1905,2.9265],[32.1899,2.9269],[32.1894,2.9279],[32.1891,2.9283],[32.1882,2.9289],[32.1878,2.9297],[32.1879,2.9305],[32.1882,2.9315],[32.1888,2.9324],[32.1887,2.9343],[32.1898,2.9355],[32.1899,2.9372],[32.1899,2.939],[32.19,2.94],[32.189,2.9405],[32.1887,2.9408],[32.1883,2.9424],[32.1888,2.9431],[32.1883,2.9441],[32.1881,2.9444],[32.1878,2.9454],[32.1878,2.9469],[32.188,2.9478],[32.1884,2.9481],[32.1884,2.9488],[32.1887,2.9495],[32.1883,2.9522],[32.1891,2.9532],[32.1891,2.9565],[32.1884,2.9574],[32.1878,2.9603],[32.1866,2.9608],[32.1865,2.9609],[32.1866,2.9616],[32.1867,2.9629],[32.1867,2.9637],[32.1866,2.9641],[32.1868,2.965],[32.1863,2.9663],[32.1866,2.9679],[32.1865,2.9687],[32.1869,2.9698],[32.1872,2.9721],[32.188,2.9727],[32.1882,2.9735],[32.1885,2.9747],[32.1888,2.9759],[32.1895,2.9778],[32.189,2.9784],[32.1891,2.9786],[32.1897,2.9801],[32.1901,2.981],[32.1904,2.982],[32.1915,2.9838],[32.1918,2.9842],[32.1925,2.9843],[32.1928,2.9849],[32.1928,2.9857],[32.1954,2.9868],[32.1962,2.9876],[32.1965,2.9872],[32.1975,2.9873],[32.1995,2.9882],[32.2008,2.9889],[32.2022,2.9898],[32.2031,2.9911],[32.2029,2.9924],[32.2019,2.9925],[32.202,2.9934],[32.2026,2.9941],[32.2041,2.9944],[32.2048,2.9948],[32.2065,2.9941],[32.2069,2.9951],[32.2066,2.9965],[32.2068,2.9982],[32.2096,3.0012],[32.2111,3.0015],[32.2116,3.0001],[32.213,2.9996],[32.2136,3.0007],[32.2159,3.0013],[32.2163,3.0005],[32.2172,2.999],[32.2183,2.9983],[32.2191,2.9983],[32.2205,2.9976],[32.2216,2.9974],[32.2221,2.9969],[32.2237,2.9981],[32.2246,2.9987],[32.2255,2.9996],[32.2264,3.0001],[32.2274,3.0002],[32.2282,3.0036],[32.2268,3.0052],[32.226,3.0081],[32.2261,3.009],[32.2275,3.009],[32.2279,3.0091],[32.2288,3.01],[32.2292,3.012],[32.2287,3.0133],[32.2291,3.0144],[32.2297,3.0152],[32.2302,3.0152],[32.2305,3.016],[32.2297,3.0181],[32.2283,3.0198],[32.2281,3.0211],[32.2284,3.0219],[32.2285,3.025],[32.2282,3.0283],[32.2275,3.0289],[32.2278,3.0299],[32.2281,3.0317],[32.2273,3.0325],[32.2263,3.0346],[32.2264,3.0357],[32.2266,3.0375],[32.227,3.0405],[32.2267,3.0433],[32.227,3.0447],[32.2261,3.0456],[32.2259,3.0471],[32.2259,3.0492],[32.2259,3.053],[32.2263,3.0551],[32.2269,3.0563],[32.2276,3.0584],[32.2278,3.0606],[32.2274,3.0619],[32.2268,3.0638],[32.2272,3.0658],[32.2285,3.0656],[32.231,3.0644],[32.2312,3.0631],[32.2309,3.0622],[32.2315,3.0611],[32.2319,3.0612],[32.2331,3.0616],[32.2344,3.0624],[32.2344,3.0631],[32.2339,3.0655],[32.2324,3.0665],[32.2317,3.0675],[32.2317,3.0687],[32.2328,3.0697],[32.2348,3.071],[32.2362,3.072],[32.2388,3.0742],[32.2392,3.0777],[32.2383,3.0783],[32.2397,3.0812],[32.2421,3.0831],[32.2407,3.0856],[32.2413,3.0904],[32.2421,3.0921],[32.243,3.0931],[32.2439,3.0937],[32.2439,3.0944],[32.2433,3.0962],[32.244,3.0974],[32.2441,3.1003],[32.2441,3.1005],[32.2458,3.1002],[32.2486,3.1017],[32.2489,3.1032],[32.25,3.1071],[32.2513,3.1077],[32.2524,3.1086],[32.2525,3.1093],[32.2536,3.1098],[32.2527,3.1115],[32.2527,3.1129],[32.2526,3.1197],[32.2539,3.1206],[32.2519,3.126],[32.2451,3.1286],[32.2453,3.1298],[32.2448,3.1327],[32.244,3.1344],[32.2418,3.1355],[32.2415,3.1354],[32.2408,3.1372],[32.2415,3.1394],[32.2412,3.1414],[32.2405,3.1441],[32.2414,3.1448],[32.243,3.1446],[32.2435,3.1426],[32.2455,3.1396],[32.2482,3.1382],[32.249,3.1372],[32.2505,3.138],[32.2516,3.1385],[32.2529,3.1388],[32.2534,3.1388],[32.2554,3.1403],[32.2555,3.1399],[32.257,3.1384],[32.258,3.1385],[32.2585,3.1374],[32.2589,3.1353],[32.2606,3.1351],[32.261,3.1346],[32.2627,3.1308],[32.2641,3.1305],[32.2646,3.1309],[32.2652,3.1312],[32.2649,3.1321],[32.2649,3.1327],[32.2644,3.1343],[32.2646,3.1345],[32.2647,3.1353],[32.2652,3.1357],[32.2661,3.1356],[32.2664,3.1355],[32.267,3.1362],[32.2673,3.1366],[32.2713,3.1384],[32.272,3.139],[32.275,3.14],[32.2755,3.1405],[32.2767,3.1415],[32.2782,3.1414],[32.2799,3.1413],[32.2804,3.1459],[32.2804,3.1488],[32.2805,3.1521],[32.2806,3.1546],[32.2814,3.1557],[32.2824,3.1577],[32.2847,3.1632],[32.2852,3.1649],[32.2864,3.1658],[32.2869,3.1666],[32.2947,3.1805],[32.3068,3.1999],[32.3084,3.2022],[32.3111,3.2066],[32.3131,3.21],[32.3159,3.2145],[32.3202,3.221],[32.3239,3.2269],[32.3277,3.233],[32.3294,3.2342],[32.3304,3.2336],[32.331,3.2331],[32.3316,3.2339],[32.3323,3.2342],[32.3334,3.2346],[32.334,3.2345],[32.3368,3.2344],[32.3383,3.2333],[32.3389,3.2335],[32.3363,3.2374],[32.3334,3.2415],[32.3318,3.2436],[32.328,3.2468],[32.3264,3.2482],[32.3307,3.2547],[32.3324,3.2568],[32.3339,3.2589],[32.3345,3.2595],[32.3378,3.2611],[32.3396,3.261],[32.341,3.2617],[32.3429,3.2628],[32.343,3.2633],[32.3433,3.264],[32.3438,3.2648],[32.3439,3.2649],[32.3447,3.2654],[32.3453,3.2654],[32.3455,3.2655],[32.3455,3.2661],[32.3458,3.2661],[32.3466,3.2653],[32.3474,3.2652],[32.3484,3.2658],[32.3488,3.2661],[32.3502,3.267],[32.351,3.267],[32.3512,3.2665],[32.3524,3.2663],[32.3537,3.2664],[32.3542,3.2661],[32.3547,3.2663],[32.3553,3.2662],[32.3559,3.2663],[32.3562,3.2657],[32.358,3.2648],[32.3588,3.2647],[32.3595,3.2645],[32.3603,3.2648],[32.3613,3.2653],[32.3643,3.2701],[32.3646,3.2708],[32.364,3.2721],[32.3639,3.2727],[32.364,3.2736],[32.3642,3.2743],[32.3642,3.2749],[32.3636,3.2761],[32.3639,3.277],[32.3634,3.2772],[32.3635,3.278],[32.3632,3.2781],[32.3626,3.2782],[32.3622,3.2793],[32.3615,3.2792],[32.3617,3.2801],[32.3616,3.2807],[32.3616,3.2814],[32.3612,3.282],[32.3609,3.2824],[32.3603,3.2828],[32.3599,3.2827],[32.36,3.2842],[32.3598,3.285],[32.3601,3.2867],[32.3599,3.2876],[32.3597,3.289],[32.3603,3.2898],[32.3603,3.2904],[32.3603,3.2906],[32.3609,3.2905],[32.3609,3.2917],[32.3612,3.2919],[32.3613,3.2923],[32.3613,3.2928],[32.361,3.2933],[32.3605,3.2931],[32.3598,3.2928],[32.3592,3.2935],[32.3592,3.2938],[32.3595,3.2947],[32.3597,3.2965],[32.3591,3.2977],[32.3598,3.2985],[32.3596,3.2996],[32.3601,3.301],[32.3442,3.3232],[32.3352,3.3275],[32.3262,3.3226],[32.315,3.3217],[32.304,3.3368],[32.2926,3.3426],[32.2893,3.3495],[32.2909,3.3551],[32.2786,3.3707],[32.2729,3.3884],[32.2683,3.4064],[32.2699,3.4183],[32.2295,3.437],[32.2203,3.4557],[32.223,3.4648],[32.2187,3.4702],[32.2181,3.48],[32.2083,3.4822],[32.2011,3.488],[32.1987,3.5006],[32.201,3.5041],[32.2012,3.5042],[32.1032,3.5294],[32.0851,3.5301],[32.0841,3.5362],[32.0876,3.533],[32.0898,3.535],[32.087,3.5421],[32.0892,3.5462],[32.0828,3.5457],[32.0819,3.5561],[32.0867,3.5597],[32.0812,3.5592],[32.0815,3.565],[32.073,3.5664],[32.0736,3.571],[32.0688,3.5721],[32.0708,3.5756],[32.067,3.5744],[32.0624,3.5801],[32.062,3.5796],[32.0565,3.568],[32.0637,3.5245],[32.0636,3.4998],[32.0566,3.4898],[32.0517,3.4473],[32.0575,3.4102],[32.0173,3.4111],[32.03,3.3928],[32.028,3.3889],[32.032,3.378],[32.0275,3.3708],[32.0284,3.3642],[32.0384,3.3541],[32.0438,3.3398],[32.0306,3.3327],[32.0322,3.318],[32.0173,3.3036],[32.0172,3.2981],[32.0119,3.2934],[32.0125,3.2885],[32.0067,3.2884],[32.0081,3.2802],[32.0045,3.2745],[32.0049,3.2657],[32.0123,3.2559],[32.0084,3.2502],[32.0082,3.2389],[32.0134,3.2316],[32.0063,3.2235],[32.0065,3.2158],[32.0008,3.2145],[32.0014,3.2103],[31.9942,3.2037],[31.9943,3.2001],[31.9853,3.1959],[31.9708,3.1819],[31.9644,3.1512],[31.9664,3.1481],[31.9633,3.1464],[31.9597,3.1241],[31.9307,3.0863],[31.9161,3.0307],[31.9034,3.0155],[31.9042,3.0118],[31.9,3.0067],[31.9033,3.0021],[31.9019,2.9925],[31.8901,2.9756],[31.8753,2.969],[31.8673,2.9596],[31.8623,2.9591],[31.8568,2.9503],[31.8542,2.9534],[31.8381,2.9567],[31.831,2.9528],[31.8231,2.9543],[31.8179,2.9506],[31.8057,2.9566],[31.7959,2.9512],[31.7872,2.9603],[31.7768,2.9615],[31.7681,2.9654],[31.7676,2.9698],[31.7608,2.9705],[31.7491,2.9681],[31.7441,2.9632],[31.6594,2.9435],[31.6442,2.9366],[31.6342,2.9443],[31.6271,2.9425],[31.6247,2.9389],[31.6132,2.937],[31.6057,2.9454],[31.5971,2.9479],[31.5876,2.9426],[31.5862,2.9355],[31.5764,2.931],[31.5749,2.9223],[31.5687,2.9218],[31.5635,2.9166],[31.5639,2.9133],[31.5585,2.9103],[31.5579,2.8956],[31.5463,2.8878],[31.541,2.8778],[31.5294,2.8842],[31.5148,2.8811],[31.5013,2.8924],[31.5021,2.9004],[31.498,2.9021],[31.4961,2.8984],[31.4927,2.9054],[31.4848,2.9058],[31.4877,2.9093],[31.485,2.9135],[31.4817,2.9084],[31.4754,2.9075],[31.475,2.9146],[31.4728,2.9124],[31.4713,2.9166],[31.464,2.9168],[31.4621,2.9224],[31.4562,2.9168],[31.4293,2.9382]]],[[[31.45091771872441,2.729746845419171],[31.450382608720336,2.736302597188634],[31.44726512193025,2.745295406764226],[31.431008477177457,2.765718496715115],[31.409775733366,2.764836313833615],[31.399351615573227,2.77084185351023],[31.39312057470558,2.768555125082667],[31.4148,2.7603],[31.4324,2.7615],[31.438,2.7566],[31.449,2.7393],[31.45091771872441,2.729746845419171]]]]},"properties":{"name":"Amuru District","id":"C0RSe3EWBqU"}},
{"type":"Feature","geometry":{"type":"Polygon","coordinates":[[[33.89390888431061,0.652806611750615],[33.88600457820963,0.661097813790882],[33.86568058133042,0.665316980830843],[33.84949339244414,0.687980795201876],[33.84642427997901,0.689709188903541],[33.84130156794316,0.687104763357681],[33.84122206248779,0.678845487860483],[33.86122216990388,0.648491698304108],[33.86224362327699,0.640766007741625],[33.87456788055589,0.621513501983735],[33.8591973552685,0.603070677796941],[33.86277013226426,0.593517246302772],[33.87880974887878,0.585355001971936],[33.89705890900226,0.581941680200178],[33.8825376039929,0.576362465876621],[33.88748761483282,0.56021420252778],[33.88643493286247,0.547622031159861],[33.89677601731734,0.523150537866193],[33.88749451701862,0.502309389447607],[33.8829847056513,0.498429173772363],[33.87951253033313,0.505313825415666],[33.88446068813277,0.523297037142676],[33.88081959493612,0.538748513388299],[33.873882145138445,0.545226631416641],[33.863667521687546,0.543663110388492],[33.87118333411101,0.567037539865703],[33.86007887986723,0.579559261013982],[33.85811422532178,0.586651846861696],[33.84502664041471,0.58849929996429],[33.84933579572792,0.597563037178875],[33.845940809523555,0.602059581213707],[33.85393897367649,0.611810229001081],[33.8536637449319,0.618721640568565],[33.84482136002814,0.62294769365455],[33.838135986433564,0.639684475903679],[33.82384737659248,0.63774183754035],[33.822193186085045,0.640410781430718],[33.834116727182085,0.659514706052668],[33.83019851122829,0.665350258466042],[33.82438345366237,0.666979584646647],[33.80275243691862,0.648827043336755],[33.79906963656124,0.65210243297579],[33.79803350974691,0.663482992878578],[33.811834099011634,0.674978690866755],[33.805267994284286,0.685007058173345],[33.8025,0.6846],[33.794660917091285,0.684159951822846],[33.78679754999969,0.680718277702656],[33.78811845241394,0.68677805560425],[33.7759,0.6968],[33.7575,0.7199],[33.7508,0.7174],[33.7412,0.7075],[33.7224,0.7007],[33.6942,0.712],[33.6751,0.7271],[33.6472,0.7336],[33.6402,0.7317],[33.628,0.7211],[33.6481,0.7175],[33.6697,0.6995],[33.6772,0.6802],[33.6815,0.6766],[33.6848,0.6637],[33.6769,0.6585],[33.6802,0.6371],[33.6733,0.6257],[33.6708,0.6144],[33.6718,0.5957],[33.6662,0.5775],[33.6421,0.5598],[33.6182,0.5284],[33.6231,0.4943],[33.6139,0.4828],[33.6137,0.4635],[33.6205,0.4585],[33.6256,0.461],[33.6277,0.4526],[33.6347,0.449],[33.6476,0.4271],[33.6563,0.4236],[33.6561,0.4173],[33.6672,0.4061],[33.6789,0.4134],[33.707,0.409],[33.7092,0.4015],[33.705,0.3748],[33.7112,0.3634],[33.7003,0.3555],[33.6989,0.3463],[33.704382510567505,0.329422426034614],[33.70915492195913,0.327243207007994],[33.71105441614429,0.319698199357306],[33.71515984187708,0.317698613407506],[33.729208582261435,0.317598112579376],[33.7312705060156,0.319922934177928],[33.729223149074365,0.325016301561206],[33.73185556821871,0.325531764239123],[33.73719180735382,0.319841088602992],[33.74399739770302,0.323721561158134],[33.74697743778351,0.316185575397426],[33.763191645527364,0.315053575333934],[33.74931807416339,0.30791726919922],[33.7677,0.3137],[33.7849,0.3316],[33.8012,0.3346],[33.8106,0.3524],[33.8143,0.3733],[33.8249,0.3886],[33.828,0.3994],[33.8398,0.4086],[33.8504,0.4317],[33.8581,0.4348],[33.8696,0.4487],[33.8768,0.4701],[33.8914,0.4894],[33.9016,0.4818],[33.9005,0.4917],[33.9203,0.5064],[33.9324,0.523],[33.9361,0.5301],[33.9353,0.5357],[33.9397,0.536],[33.9427,0.5449],[33.9488,0.5464],[33.956,0.5381],[33.973,0.5525],[33.9721,0.5614],[33.9787,0.578],[33.9763,0.5829],[33.9629,0.5806],[33.9238,0.5886],[33.9175,0.597],[33.9192,0.6024],[33.9137,0.6068],[33.9159,0.609],[33.9086,0.6103],[33.9091,0.616],[33.89390888431061,0.652806611750615]]]},"properties":{"name":"Bugiri District","id":"gUaoj8Geuao"}},
{"type":"Feature","geometry":{"type":"Polygon","coordinates":[[[34.4323,1.522198521547935],[34.426118749730584,1.524312398903284],[34.40290214524798,1.511273955008898],[34.3939938851306,1.485932631488267],[34.390693772769666,1.483866343931686],[34.37567778668256,1.482612088522399],[34.35863802372455,1.472278937371123],[34.33302457361332,1.464823499018709],[34.32631091914039,1.470217371161194],[34.345826883710785,1.488250730003118],[34.34480962473107,1.49931477542122],[34.33476204793749,1.50714554869091],[34.3033558467155,1.522873980761444],[34.29710359309376,1.523358287519478],[34.302599560833706,1.501803215826391],[34.301864941581314,1.480959109173565],[34.29657176802551,1.475855523885278],[34.292384247960115,1.477883195081983],[34.28094765595607,1.497229158988166],[34.28698288037129,1.508911686054538],[34.261814952279444,1.526670356710123],[34.25718559163677,1.539949254115414],[34.26720594672113,1.544872255607277],[34.271525705038435,1.550480721226002],[34.2675,1.5588],[34.2623,1.5587],[34.2604,1.5617],[34.2296,1.5616],[34.2301,1.4962],[34.2271,1.4733],[34.2305,1.4649],[34.24,1.459],[34.239,1.4508],[34.2493,1.4462],[34.2492,1.4423],[34.2553,1.4414],[34.2549,1.4388],[34.2603,1.4399],[34.2653,1.4242],[34.2628,1.4198],[34.2722,1.4145],[34.2716,1.4091],[34.276,1.4017],[34.2742,1.392],[34.265,1.3824],[34.2681,1.3813],[34.2686,1.3768],[34.2627,1.374],[34.2642,1.3713],[34.2603,1.3694],[34.2625,1.3668],[34.2568,1.3634],[34.2573,1.3591],[34.2532,1.3573],[34.2516,1.349],[34.2443,1.3457],[34.248,1.3383],[34.244,1.335],[34.2466,1.3272],[34.2449,1.3217],[34.2476,1.3184],[34.242,1.3155],[34.2428,1.3088],[34.2401,1.3069],[34.2445,1.291],[34.2467,1.2854],[34.2506,1.2839],[34.248,1.2763],[34.2493,1.2668],[34.2548,1.2581],[34.2573,1.2586],[34.2569,1.2494],[34.2745,1.2628],[34.2788,1.2757],[34.3023,1.287],[34.3044,1.2765],[34.3138,1.2737],[34.3196,1.2605],[34.3307,1.2523],[34.3338,1.2386],[34.3402,1.2291],[34.3744,1.2073],[34.3923,1.1999],[34.4088,1.1745],[34.4101,1.168],[34.425,1.1608],[34.416,1.1548],[34.426312000028595,1.139012000029138],[34.439,1.1423],[34.4797,1.1293],[34.5119,1.1328],[34.5268,1.1293],[34.5269,1.1293],[34.5268,1.13],[34.5235,1.1444],[34.5249,1.1576],[34.5366,1.18],[34.5146,1.2182],[34.499,1.2355],[34.4747,1.2488],[34.4681,1.248],[34.4541,1.253],[34.4521,1.2573],[34.4389,1.2649],[34.4268,1.2768],[34.4043,1.2874],[34.399,1.2948],[34.3882,1.297],[34.3743,1.2952],[34.33,1.306],[34.3278,1.3104],[34.3189,1.3122],[34.3064,1.3372],[34.3079,1.3523],[34.3234,1.3774],[34.3257,1.3887],[34.3313,1.3871],[34.3407,1.3944],[34.3503,1.3929],[34.3538,1.3971],[34.3503,1.4018],[34.351,1.4072],[34.363,1.413],[34.3602,1.4241],[34.3748,1.4326],[34.3752,1.4408],[34.3826,1.4424],[34.3875,1.4471],[34.393,1.4445],[34.3981,1.4345],[34.4034,1.4462],[34.409,1.4498],[34.4306,1.4429],[34.4268,1.4628],[34.4296,1.4649],[34.4366,1.4607],[34.446,1.4611],[34.4438,1.4721],[34.4476,1.4766],[34.4482,1.4818],[34.4414,1.4941],[34.4444,1.4952],[34.4463,1.5032],[34.4323,1.522198521547935]]]},"properties":{"name":"Bulambuli District","id":"auLatLbcOxf"}},
{"type":"Feature","geometry":{"type":"Polygon","coordinates":[[[30.1563,0.8858],[30.1455,0.8877],[30.1436,0.8839],[30.1404,0.8876],[30.138,0.8823],[30.1333,0.8845],[30.1325,0.8913],[30.1262,0.8871],[30.1255,0.8935],[30.1218,0.891],[30.1165,0.8945],[30.1162,0.8877],[30.1108,0.8856],[30.1111,0.8941],[30.1082,0.8913],[30.1038,0.8929],[30.103,0.8882],[30.0976,0.8893],[30.0962,0.8834],[30.0928,0.8832],[30.0898,0.8875],[30.0878,0.8812],[30.0792,0.8782],[30.0773,0.8823],[30.0724,0.8786],[30.0694,0.8813],[30.0641,0.8766],[30.0606,0.8675],[30.0619,0.8636],[30.0595,0.8625],[30.0587,0.871],[30.0524,0.8674],[30.0487,0.873],[30.0383,0.8641],[30.0332,0.8661],[30.0317,0.8593],[30.0275,0.8647],[30.0235,0.8644],[30.0277,0.8555],[30.0146,0.8563],[30.0116,0.8472],[30.01,0.8544],[30.0003,0.8497],[30.0007,0.8453],[29.9855,0.847],[29.9903,0.8368],[29.9847,0.8381],[29.9826,0.8299],[29.9791,0.8289],[29.9702,0.8131],[29.9701,0.7998],[29.9672,0.7969],[29.9696,0.795],[29.9658,0.7904],[29.9659,0.782],[29.9623,0.7791],[29.9668,0.7639],[29.9653,0.7598],[29.9688,0.7591],[29.9759,0.743],[29.974,0.729],[29.9689,0.7243],[29.9669,0.7142],[29.9717,0.7089],[29.9687,0.7017],[29.9714,0.6929],[29.9666,0.6821],[29.9621,0.6797],[29.9619,0.6655],[29.9551,0.6413],[29.9555,0.6328],[29.9624,0.6157],[29.9725,0.5991],[29.9714,0.5849],[29.9681,0.579],[29.972,0.5702],[29.9696,0.5658],[29.9732,0.5604],[29.9769,0.5635],[29.9776,0.5582],[29.9812,0.5571],[29.9786,0.544],[29.9751,0.5419],[29.9753,0.5363],[29.9798,0.5324],[29.977,0.5247],[29.9798,0.5191],[29.9132,0.4361],[29.917,0.4211],[29.9299,0.4178],[29.9349,0.4086],[29.9518,0.4004],[29.9686,0.4111],[29.9817,0.4256],[29.9896,0.4412],[29.9986,0.4721],[30.0377,0.4932],[30.0513,0.5201],[30.0602,0.5214],[30.0695,0.5286],[30.071,0.5408],[30.0761,0.5475],[30.072,0.556],[30.0735,0.5645],[30.0847,0.5709],[30.0857,0.5785],[30.0939,0.5795],[30.094414851486107,0.582235643574665],[30.093,0.5959],[30.0957,0.6089],[30.1083,0.6129],[30.1196,0.6236],[30.1197,0.6237],[30.12,0.6241],[30.1203,0.6244],[30.1208,0.6278],[30.121,0.6291],[30.1221,0.6305],[30.1232,0.6337],[30.1243,0.6366],[30.125,0.6382],[30.1266,0.641],[30.1267,0.6419],[30.1265,0.6432],[30.1271,0.6459],[30.1277,0.647],[30.128,0.6483],[30.1276,0.6514],[30.1272,0.6529],[30.1269,0.6547],[30.1266,0.6564],[30.1266,0.6565],[30.1261,0.6582],[30.1259,0.6595],[30.1263,0.6603],[30.1264,0.6606],[30.1274,0.662],[30.128,0.6632],[30.1294,0.6648],[30.1299,0.6654],[30.1309,0.6666],[30.1312,0.6669],[30.1325,0.6702],[30.1324,0.6714],[30.1325,0.6718],[30.1356,0.6747],[30.1365,0.6748],[30.1366,0.6748],[30.1368,0.6749],[30.1373,0.6752],[30.1382,0.6756],[30.1383,0.6758],[30.139,0.6773],[30.1408,0.6793],[30.1421,0.6817],[30.1443,0.6856],[30.1447,0.6862],[30.1454,0.6881],[30.1456,0.6892],[30.1458,0.6896],[30.1462,0.6905],[30.1482,0.6925],[30.149,0.694],[30.1496,0.6946],[30.1501,0.6958],[30.1499,0.6973],[30.15,0.6974],[30.1512,0.6988],[30.1518,0.7],[30.1524,0.7011],[30.1534,0.7035],[30.1529,0.7039],[30.1525,0.7043],[30.1522,0.7045],[30.1513,0.7055],[30.1512,0.7057],[30.1503,0.7085],[30.1509,0.7087],[30.151,0.7088],[30.1516,0.709],[30.1527,0.7094],[30.1533,0.7098],[30.1535,0.7102],[30.1536,0.7106],[30.154,0.7131],[30.1549,0.7152],[30.1568,0.7159],[30.1574,0.7169],[30.1579,0.7195],[30.1594,0.721],[30.1604,0.7218],[30.1607,0.7227],[30.1603,0.7241],[30.1599,0.7258],[30.1599,0.7269],[30.1599,0.7272],[30.16,0.728],[30.1628,0.7305],[30.1635,0.7311],[30.1644,0.7326],[30.1682,0.7398],[30.1667,0.7439],[30.1751,0.7543],[30.1745,0.7621],[30.1869,0.7711],[30.1939,0.7712],[30.1917,0.7801],[30.1969,0.7935],[30.1877,0.8011],[30.1933,0.8117],[30.1919,0.8161],[30.1986,0.8209],[30.2064,0.8389],[30.2056,0.8428],[30.1989,0.8471],[30.2032,0.8554],[30.1952,0.8721],[30.1971,0.8763],[30.1832,0.8869],[30.1563,0.8858]]]},"properties":{"name":"Bundibugyo District","id":"g8M1cWRJZV6"}},
{"type":"Feature","geometry":{"type":"Polygon","coordinates":[[[30.2202,0.5899],[30.2124,0.5925],[30.2096,0.5932],[30.2085,0.5923],[30.2019,0.59],[30.1989,0.5889],[30.197,0.5876],[30.1931,0.587],[30.1895,0.5874],[30.1878,0.5878],[30.1864,0.5897],[30.1832,0.5917],[30.1828,0.5919],[30.1803,0.5936],[30.1777,0.5953],[30.1768,0.5981],[30.1765,0.5988],[30.1755,0.6012],[30.1744,0.6028],[30.1679,0.6048],[30.1586,0.6076],[30.1568,0.6084],[30.1527,0.6101],[30.1502,0.6107],[30.1496,0.6113],[30.1489,0.6119],[30.1484,0.612],[30.1471,0.6126],[30.146,0.613],[30.145,0.6136],[30.1436,0.6141],[30.1431,0.6142],[30.142,0.6142],[30.1412,0.615],[30.1405,0.6157],[30.1403,0.6162],[30.1399,0.6164],[30.1391,0.6162],[30.1382,0.6165],[30.1376,0.6169],[30.1368,0.6172],[30.1341,0.6179],[30.1334,0.6181],[30.1319,0.6182],[30.1312,0.6183],[30.1291,0.6189],[30.1283,0.6191],[30.1271,0.6194],[30.1261,0.6198],[30.1225,0.6213],[30.1216,0.6216],[30.1198,0.6233],[30.1196,0.6237],[30.1196,0.6236],[30.1083,0.6129],[30.0957,0.6089],[30.093,0.5959],[30.094414851486107,0.582235643574665],[30.0939,0.5795],[30.0857,0.5785],[30.0847,0.5709],[30.0735,0.5645],[30.072,0.556],[30.0761,0.5475],[30.071,0.5408],[30.0695,0.5286],[30.0602,0.5214],[30.0513,0.5201],[30.0377,0.4932],[29.9986,0.4721],[29.9896,0.4412],[29.9817,0.4256],[29.9899,0.4267],[29.9936,0.4305],[30.0012,0.4265],[30.0072,0.4306],[30.0197,0.4323],[30.0323,0.4415],[30.0381,0.4547],[30.0453,0.4596],[30.051,0.4597],[30.0583,0.4661],[30.0655,0.466],[30.0682,0.4732],[30.0817,0.4697],[30.0885,0.4752],[30.0972,0.4719],[30.1118,0.4804],[30.1164,0.4775],[30.1281,0.4819],[30.1372,0.4703],[30.1397,0.4574],[30.1544,0.4498],[30.1635,0.4337],[30.1763,0.4246],[30.1837,0.4036],[30.179,0.3897],[30.1806,0.3872],[30.1891,0.3869],[30.201,0.3755],[30.2147,0.3711],[30.2193,0.356],[30.2287,0.3536],[30.239,0.3423],[30.2573,0.3368],[30.2731,0.3361],[30.2829,0.3395],[30.2832,0.3399],[30.2827,0.3407],[30.2818,0.3417],[30.2803,0.3427],[30.2798,0.3434],[30.2797,0.3445],[30.2806,0.346],[30.28,0.3465],[30.2792,0.3472],[30.2781,0.3469],[30.2778,0.347],[30.2776,0.3477],[30.2779,0.3481],[30.2785,0.3488],[30.278,0.3507],[30.2778,0.352],[30.2776,0.3522],[30.2768,0.3523],[30.2756,0.3526],[30.2748,0.3534],[30.274,0.3547],[30.2733,0.3561],[30.2728,0.3569],[30.2731,0.3573],[30.2739,0.3577],[30.2748,0.358],[30.2751,0.3583],[30.2762,0.3599],[30.2763,0.361],[30.2767,0.3623],[30.2775,0.363],[30.2778,0.3631],[30.2782,0.363],[30.2786,0.3627],[30.279,0.3623],[30.2805,0.363],[30.2809,0.3637],[30.2803,0.3645],[30.2802,0.3652],[30.2803,0.3656],[30.2807,0.366],[30.2811,0.3675],[30.2814,0.3679],[30.282,0.3681],[30.2825,0.3686],[30.2829,0.3704],[30.2856,0.3737],[30.2852,0.3756],[30.2852,0.3765],[30.2854,0.3775],[30.2839,0.379],[30.284,0.3801],[30.2845,0.3825],[30.2848,0.3833],[30.2861,0.3839],[30.2884,0.3832],[30.289,0.3825],[30.2892,0.3824],[30.2909,0.3827],[30.292,0.3842],[30.2921,0.3853],[30.293,0.3861],[30.2936,0.3877],[30.2939,0.3881],[30.294,0.3897],[30.294,0.3898],[30.2944,0.3912],[30.2943,0.3931],[30.2946,0.396],[30.2945,0.3978],[30.2939,0.3988],[30.2941,0.3993],[30.2943,0.4003],[30.2943,0.4009],[30.2932,0.402],[30.2932,0.4034],[30.2918,0.4058],[30.2913,0.4059],[30.2899,0.4048],[30.2879,0.4051],[30.2866,0.4057],[30.2851,0.4075],[30.2842,0.4089],[30.2837,0.4096],[30.2829,0.4098],[30.2814,0.4097],[30.2798,0.4094],[30.2791,0.4099],[30.2786,0.4097],[30.2777,0.4087],[30.2763,0.4082],[30.2754,0.4081],[30.2741,0.4065],[30.2731,0.4069],[30.2719,0.4072],[30.2707,0.4076],[30.2704,0.4074],[30.2702,0.4073],[30.269,0.4073],[30.2664,0.4084],[30.2642,0.4088],[30.2633,0.4096],[30.2623,0.4098],[30.2615,0.41],[30.2609,0.4102],[30.2606,0.4104],[30.2593,0.4112],[30.2589,0.4117],[30.2584,0.4115],[30.2574,0.4107],[30.2562,0.4107],[30.2559,0.4108],[30.2549,0.4109],[30.2547,0.4128],[30.254,0.4128],[30.2537,0.4129],[30.253,0.4141],[30.2514,0.4158],[30.2516,0.4165],[30.2542,0.4203],[30.2548,0.4242],[30.256,0.4274],[30.256,0.428],[30.2567,0.4289],[30.2573,0.4288],[30.257,0.4302],[30.2577,0.4309],[30.2582,0.4321],[30.2599,0.4331],[30.2597,0.4337],[30.2593,0.4394],[30.2591,0.4406],[30.2581,0.4415],[30.2567,0.4429],[30.2566,0.4435],[30.2569,0.4443],[30.2569,0.4455],[30.257,0.4472],[30.2573,0.4475],[30.2569,0.45],[30.257,0.4516],[30.2569,0.4524],[30.2568,0.4537],[30.2567,0.4547],[30.2566,0.4556],[30.2567,0.4557],[30.2573,0.4569],[30.2572,0.4576],[30.2586,0.4583],[30.2582,0.4592],[30.2574,0.4603],[30.2574,0.4619],[30.2574,0.4634],[30.2574,0.4643],[30.2573,0.4651],[30.2576,0.4655],[30.2583,0.466],[30.259,0.4666],[30.2592,0.4674],[30.2597,0.4702],[30.2597,0.471],[30.2604,0.472],[30.2608,0.472],[30.2634,0.4726],[30.265,0.4721],[30.2661,0.4722],[30.2674,0.4732],[30.2675,0.4736],[30.2676,0.4738],[30.2681,0.4745],[30.2682,0.4747],[30.269,0.4762],[30.2732,0.4785],[30.2729,0.4794],[30.2722,0.4802],[30.2724,0.4807],[30.2725,0.4809],[30.2733,0.4828],[30.2748,0.4832],[30.2745,0.4837],[30.2739,0.4841],[30.2727,0.4841],[30.2717,0.4846],[30.2711,0.4847],[30.2707,0.4851],[30.2706,0.4855],[30.2705,0.4861],[30.2707,0.4865],[30.2717,0.4868],[30.2717,0.4924],[30.2723,0.494],[30.2726,0.4943],[30.2728,0.495],[30.2726,0.4967],[30.2725,0.4971],[30.2715,0.4976],[30.2711,0.4976],[30.2707,0.4986],[30.2703,0.4996],[30.2701,0.5012],[30.2682,0.5049],[30.2674,0.5051],[30.2673,0.5082],[30.2671,0.5093],[30.267,0.5093],[30.266,0.511],[30.2658,0.5112],[30.2649,0.5123],[30.2631,0.5127],[30.2625,0.513],[30.2619,0.5133],[30.2607,0.5133],[30.2599,0.5138],[30.2603,0.5148],[30.2599,0.5156],[30.2592,0.5161],[30.258,0.5167],[30.2586,0.5174],[30.2581,0.5194],[30.258,0.52],[30.258,0.5201],[30.2571,0.5212],[30.2567,0.5216],[30.2559,0.5217],[30.256,0.5235],[30.256,0.524],[30.2549,0.5254],[30.2541,0.5262],[30.2521,0.526],[30.2513,0.5261],[30.2512,0.5276],[30.2496,0.5283],[30.2488,0.529],[30.2487,0.5308],[30.2482,0.531],[30.248,0.5309],[30.2477,0.5319],[30.2479,0.5325],[30.2483,0.5322],[30.2491,0.5331],[30.2499,0.5331],[30.2507,0.5331],[30.2524,0.5348],[30.253,0.5353],[30.2533,0.5359],[30.2552,0.5361],[30.2569,0.5366],[30.2579,0.5367],[30.2579,0.5374],[30.2582,0.5381],[30.2597,0.5379],[30.2603,0.5381],[30.2615,0.5378],[30.263,0.5383],[30.2637,0.5389],[30.2643,0.5389],[30.2661,0.5396],[30.2664,0.5402],[30.2659,0.5421],[30.2662,0.5432],[30.2669,0.544],[30.2675,0.5454],[30.2684,0.5465],[30.2686,0.548],[30.2705,0.5523],[30.2703,0.5544],[30.2704,0.5551],[30.2708,0.5562],[30.2715,0.5565],[30.2726,0.5571],[30.273,0.5574],[30.2734,0.5589],[30.2736,0.5594],[30.277,0.5623],[30.2776,0.5637],[30.2806,0.5637],[30.282,0.5638],[30.2833,0.5642],[30.2841,0.5643],[30.2856,0.5647],[30.2869,0.5657],[30.2886,0.5656],[30.2908,0.5666],[30.2924,0.5701],[30.2925,0.5709],[30.2922,0.572],[30.292,0.5728],[30.2908,0.5759],[30.2898,0.5775],[30.2883,0.5799],[30.288,0.5805],[30.2873,0.5811],[30.2866,0.5821],[30.2861,0.5822],[30.2856,0.5829],[30.2842,0.5825],[30.2793,0.5815],[30.2787,0.5805],[30.278,0.5803],[30.2772,0.5807],[30.2768,0.5817],[30.2756,0.5817],[30.274,0.582],[30.2735,0.5825],[30.2725,0.5837],[30.2722,0.5843],[30.2709,0.5854],[30.2706,0.586],[30.2698,0.5865],[30.2673,0.5874],[30.2654,0.5878],[30.2652,0.5879],[30.2647,0.5897],[30.2635,0.5912],[30.2628,0.5914],[30.2607,0.5921],[30.2568,0.5938],[30.2564,0.5947],[30.2554,0.5951],[30.2553,0.5951],[30.2532,0.596],[30.2518,0.5961],[30.2506,0.5961],[30.2488,0.5962],[30.2477,0.5962],[30.2463,0.5961],[30.246,0.596],[30.2446,0.5961],[30.2428,0.5977],[30.2419,0.597],[30.2413,0.5966],[30.2394,0.5962],[30.2386,0.5956],[30.2381,0.5951],[30.2376,0.5948],[30.2367,0.5944],[30.2359,0.5933],[30.2346,0.5931],[30.2324,0.5925],[30.2308,0.5909],[30.2275,0.5902],[30.2249,0.5899],[30.224,0.5901],[30.2224,0.5897],[30.2214,0.5897],[30.2202,0.5899]]]},"properties":{"name":"Bunyangabu District","id":"iTfbtn6JUsN"}},
{"type":"Feature","geometry":{"type":"Polygon","coordinates":[[[31.0546,0.0614],[31.0521,0.0639],[31.052,0.0781],[31.0428,0.0855],[31.0444,0.0916],[31.0496,0.0938],[31.047,0.0987],[31.0568,0.1165],[31.0476,0.122],[31.0515,0.127],[31.0497,0.1423],[31.0429,0.1503],[31.0339,0.1518],[31.0164,0.1689],[31.0134,0.1983],[30.9994,0.1935],[30.982,0.193],[30.9553,0.1997],[30.9279,0.2],[30.9105,0.2073],[30.895,0.1998],[30.8915,0.2049],[30.8855,0.204],[30.8798,0.2072],[30.8616,0.1997],[30.8331,0.1978],[30.7909,0.2113],[30.7686,0.2028],[30.7616,0.1938],[30.7429,0.1998],[30.7291,0.1958],[30.7229,0.1973],[30.7125,0.2059],[30.7012,0.2016],[30.6865,0.2081],[30.6693,0.2101],[30.6565,0.1958],[30.6501,0.1942],[30.6458,0.1965],[30.642,0.1795],[30.6257,0.1657],[30.6212,0.1643],[30.6145,0.1691],[30.6073,0.1684],[30.605,0.1653],[30.6029,0.1556],[30.6051,0.1538],[30.6109,0.1566],[30.6146,0.1422],[30.6205,0.1414],[30.6174,0.1367],[30.6231,0.1346],[30.6249,0.1307],[30.6305,0.1323],[30.6355,0.1286],[30.6339,0.1252],[30.6367,0.1235],[30.6363,0.112],[30.6395,0.1054],[30.6381,0.1004],[30.6305,0.098],[30.6247,0.0905],[30.6267,0.084],[30.6219,0.0776],[30.6278,0.0701],[30.6262,0.065],[30.6153,0.0583],[30.6129,0.0474],[30.608,0.0497],[30.6045,0.0476],[30.605,0.0389],[30.5917,0.0281],[30.5924,0.0182],[30.5864,0.0207],[30.5819,0.0161],[30.5863,0.0121],[30.5792,0.0047],[30.582,-0.0077],[30.5775,-0.0143],[30.5798,-0.0167],[30.5771,-0.0267],[30.5789,-0.0305],[30.5754,-0.0329],[30.5756,-0.0377],[30.5702,-0.0385],[30.5686,-0.0438],[30.5717,-0.0581],[30.5772,-0.063],[30.5789,-0.0701],[30.5747,-0.0791],[30.5759,-0.1019],[30.57,-0.1021],[30.5695,-0.112],[30.5811,-0.1287],[30.5907,-0.1309],[30.5883,-0.1471],[30.6053,-0.1489],[30.6191,-0.1627],[30.6254,-0.1639],[30.6407,-0.1488],[30.6407,-0.1417],[30.65504666666613,-0.12731333333387],[30.6694,-0.1301],[30.6779,-0.1281],[30.6792,-0.1213],[30.6942,-0.123],[30.7241,-0.1358],[30.7236,-0.1384],[30.7275,-0.1397],[30.7277,-0.1504],[30.7369,-0.1479],[30.7442,-0.1533],[30.7547,-0.1422],[30.7634,-0.1473],[30.7925,-0.1467],[30.7996,-0.1383],[30.7996,-0.1302],[30.8135,-0.1154],[30.8358,-0.1109],[30.8489,-0.0984],[30.8756,-0.1015],[30.8906,-0.1094],[30.9052,-0.1043],[30.9169,-0.0951],[30.915,-0.0733],[30.9326,-0.0672],[30.9433,-0.0572],[30.9393,-0.0445],[30.9337,-0.0399],[30.9361,-0.0348],[30.927,-0.0118],[30.917,0.0038],[30.9134,0.0248],[30.929,0.0247],[30.9347,0.0172],[30.942,0.0136],[30.9483,0.0233],[30.9528,0.0192],[30.9635,0.0257],[30.966,0.0222],[30.9835,0.0283],[31.0008,0.0244],[31.0085,0.0354],[31.0365,0.0471],[31.0524,0.0572],[31.0546,0.0614]]]},"properties":{"name":"Kazo District","id":"AS2Seq1grGE"}},
{"type":"Feature","geometry":{"type":"MultiPolygon","coordinates":[[[[31.079,-0.6769],[31.08139981703433,-0.675700092001655],[31.078154519186175,-0.67728689848564],[31.077291722066732,-0.677914290471459],[31.079,-0.6769]]],[[[30.876339324017803,-0.678078648056412],[30.882463284275445,-0.68437436310247],[30.892576948590875,-0.683203500310813],[30.897103040006588,-0.688783898236947],[30.90305321290884,-0.687385152028668],[30.904405102168635,-0.679158247667259],[30.90863837623572,-0.680516279493042],[30.925781975114912,-0.68949273773673],[30.927532101686527,-0.695623536703685],[30.935794200578922,-0.695093741368843],[30.941745415301813,-0.700042016893492],[30.948869255606827,-0.691528099169144],[30.95510932774163,-0.695237826004834],[30.959181492663614,-0.694335447774866],[30.959849020595794,-0.690872832451743],[30.97034283022845,-0.69062419376002],[30.978051605766165,-0.696775811456926],[30.986773959004143,-0.688361769047102],[31.007000976075616,-0.688026736857592],[31.022425972780194,-0.680781614545755],[31.026804360047777,-0.68573838282893],[31.03762686854654,-0.687171492493221],[31.049419748924613,-0.686670002786533],[31.058231714341364,-0.681347834799645],[31.06971060377489,-0.665194186173275],[31.069834116512343,-0.649831647044526],[31.067011197972832,-0.646096164349555],[31.070204354065403,-0.639388120516004],[31.073668013199423,-0.639642610751109],[31.077208006052402,-0.656326760346936],[31.082571008181496,-0.659909546068422],[31.08568523042997,-0.656501837044575],[31.0839509468966,-0.641970335386919],[31.077436482581366,-0.63695850736014],[31.080133749473404,-0.629888526546544],[31.076528792326933,-0.62760856064085],[31.079611114013236,-0.62135250674197],[31.086221209760787,-0.62126449991331],[31.075698231277272,-0.614388603779144],[31.075956061750873,-0.610807998215535],[31.082659166759218,-0.604788301915932],[31.087875188167473,-0.611472364945239],[31.090775120213234,-0.611256390321995],[31.09025166417961,-0.595857258590666],[31.099656544871326,-0.597714204130352],[31.101914419559524,-0.593736375121362],[31.097899312586115,-0.583083172094297],[31.099519861567767,-0.57689879323712],[31.102823018194258,-0.576230772082313],[31.11133445285324,-0.586668500412357],[31.121083496905047,-0.58374206530908],[31.106340514388652,-0.572506510099798],[31.103601802347754,-0.560325597403038],[31.10788798468374,-0.557777053137716],[31.113344648413452,-0.562336170897945],[31.115964828459948,-0.559199316459404],[31.12096029127132,-0.560385484286824],[31.12384177535609,-0.554671602818589],[31.1170477103158,-0.546874891489564],[31.123739750587724,-0.544299911083479],[31.12858960203215,-0.54894924690102],[31.1332547603689,-0.545469363359975],[31.127087379723985,-0.536859030260648],[31.126974890218417,-0.530131420028233],[31.129305384293545,-0.527763006915762],[31.135229150237,-0.530830199947608],[31.141227062983948,-0.52913202568415],[31.139252794677926,-0.517132026794079],[31.145306974772527,-0.51881572256995],[31.1481514269785,-0.515479860585262],[31.138279815278082,-0.508667960148887],[31.148346262409813,-0.50655491959612],[31.148370182947758,-0.500369821239993],[31.1525,-0.4975],[31.1547,-0.49],[31.153,-0.4408],[31.1324,-0.4202],[31.1242,-0.4036],[31.1247,-0.3911],[31.1154,-0.3752],[31.1033,-0.3391],[31.0923,-0.3275],[31.0822,-0.3047],[31.0684,-0.2421],[31.0752,-0.221],[31.0707,-0.2094],[31.0797,-0.1928],[31.0986,-0.1253],[31.1024,-0.0869],[31.099,-0.0774],[31.0986,-0.0544],[31.0915,-0.0439],[31.0831,-0.0296],[31.0758,-0.0239],[31.0695,-0.0302],[31.0586,-0.0307],[31.0526,-0.027],[31.04,-0.0353],[31.0265,-0.0361],[31.0236,-0.0257],[31.0299,-0.0098],[31.0585,0.015],[31.0594,0.0219],[31.0548,0.0352],[31.0589,0.044],[31.0538,0.0491],[31.057,0.0569],[31.0546,0.0614],[31.0524,0.0572],[31.0365,0.0471],[31.0085,0.0354],[31.0008,0.0244],[30.9835,0.0283],[30.966,0.0222],[30.9635,0.0257],[30.9528,0.0192],[30.9483,0.0233],[30.942,0.0136],[30.9347,0.0172],[30.929,0.0247],[30.9134,0.0248],[30.917,0.0038],[30.927,-0.0118],[30.9361,-0.0348],[30.9337,-0.0399],[30.9393,-0.0445],[30.9433,-0.0572],[30.9326,-0.0672],[30.915,-0.0733],[30.9169,-0.0951],[30.9052,-0.1043],[30.8906,-0.1094],[30.8756,-0.1015],[30.8489,-0.0984],[30.8358,-0.1109],[30.8135,-0.1154],[30.7996,-0.1302],[30.7996,-0.1383],[30.7925,-0.1467],[30.7634,-0.1473],[30.7547,-0.1422],[30.7442,-0.1533],[30.7369,-0.1479],[30.7277,-0.1504],[30.7275,-0.1397],[30.7236,-0.1384],[30.7241,-0.1358],[30.6942,-0.123],[30.6792,-0.1213],[30.6779,-0.1281],[30.6694,-0.1301],[30.65504666666613,-0.12731333333387],[30.6407,-0.1417],[30.6407,-0.1488],[30.6254,-0.1639],[30.6298,-0.1742],[30.6289,-0.181],[30.6143,-0.1929],[30.6084,-0.2084],[30.6084,-0.2085],[30.6088,-0.2091],[30.6093,-0.2096],[30.6101,-0.2101],[30.6103,-0.2102],[30.6104,-0.2103],[30.6105,-0.2108],[30.6107,-0.2116],[30.6107,-0.2121],[30.6107,-0.2124],[30.6107,-0.2127],[30.6109,-0.2132],[30.6112,-0.2142],[30.6113,-0.2147],[30.6116,-0.2158],[30.6117,-0.2164],[30.6125,-0.2173],[30.6134,-0.219],[30.6139,-0.2207],[30.6142,-0.2214],[30.6145,-0.222],[30.6146,-0.2222],[30.6148,-0.2229],[30.6149,-0.2238],[30.6148,-0.2246],[30.6147,-0.225],[30.6146,-0.2252],[30.6147,-0.2257],[30.6148,-0.2263],[30.6146,-0.2269],[30.6146,-0.2271],[30.6146,-0.2279],[30.6147,-0.2282],[30.6149,-0.229],[30.6152,-0.2298],[30.6154,-0.23],[30.6157,-0.2306],[30.6162,-0.2315],[30.6164,-0.2318],[30.6168,-0.2321],[30.6171,-0.2321],[30.6181,-0.2326],[30.6193,-0.2333],[30.6209,-0.2343],[30.6211,-0.2346],[30.6213,-0.2349],[30.6214,-0.2353],[30.6216,-0.2359],[30.6217,-0.2361],[30.622,-0.2361],[30.6226,-0.2354],[30.6234,-0.2353],[30.6245,-0.2346],[30.62497674418898,-0.234504651162633],[30.6239,-0.2392],[30.6227,-0.2446],[30.6217,-0.2473],[30.6208,-0.2488],[30.6201,-0.2493],[30.6196,-0.2497],[30.6182,-0.2515],[30.6179,-0.252],[30.6177,-0.2525],[30.6175,-0.2527],[30.6174,-0.253],[30.6175,-0.2532],[30.6174,-0.254],[30.6175,-0.2545],[30.618,-0.2557],[30.6181,-0.256],[30.6181,-0.2564],[30.6171,-0.2611],[30.6174,-0.2615],[30.6183,-0.2625],[30.6188,-0.2627],[30.6196,-0.2628],[30.6193,-0.2628],[30.6192,-0.2629],[30.6189,-0.264],[30.6187,-0.2646],[30.6176,-0.2655],[30.6175,-0.2658],[30.6186,-0.2685],[30.6185,-0.2701],[30.6167,-0.2716],[30.6158,-0.2737],[30.6154,-0.2743],[30.6153,-0.2744],[30.6136,-0.2741],[30.6122,-0.2738],[30.6119,-0.274],[30.6112,-0.2749],[30.6108,-0.2757],[30.6108,-0.2763],[30.6108,-0.2775],[30.6112,-0.2778],[30.6119,-0.2778],[30.6119,-0.2792],[30.6124,-0.2798],[30.6126,-0.2802],[30.6126,-0.2818],[30.6112,-0.2869],[30.6111,-0.2876],[30.6112,-0.2881],[30.6111,-0.2899],[30.611,-0.2906],[30.6116,-0.2916],[30.6124,-0.2956],[30.6129,-0.2963],[30.6148,-0.2979],[30.6169,-0.2985],[30.6179,-0.2988],[30.6194,-0.2994],[30.6204,-0.2997],[30.621,-0.2997],[30.6218,-0.2998],[30.6227,-0.3013],[30.6248,-0.3038],[30.625,-0.3039],[30.6338,-0.3077],[30.6381,-0.3102],[30.6413,-0.3152],[30.6418,-0.3171],[30.6453,-0.3262],[30.6471,-0.3264],[30.651,-0.3263],[30.6601,-0.3298],[30.6625,-0.3302],[30.6628,-0.3349],[30.6631,-0.3362],[30.6633,-0.3373],[30.6636,-0.3379],[30.6653,-0.3401],[30.6682,-0.3419],[30.6725,-0.344],[30.6732,-0.3446],[30.6733,-0.3447],[30.6751,-0.3466],[30.6758,-0.3478],[30.6767,-0.351],[30.6777,-0.3528],[30.6779,-0.3538],[30.679,-0.3565],[30.6792,-0.3592],[30.6794,-0.3632],[30.6792,-0.3641],[30.679,-0.3651],[30.6795,-0.3676],[30.6796,-0.3697],[30.6794,-0.3707],[30.6795,-0.3732],[30.6795,-0.3735],[30.6802,-0.3772],[30.6801,-0.3846],[30.6839,-0.3858],[30.6875,-0.3862],[30.6911,-0.3871],[30.6946,-0.3884],[30.6965,-0.3898],[30.6961,-0.3908],[30.6957,-0.3918],[30.6954,-0.3947],[30.696,-0.3958],[30.6968,-0.3979],[30.6967,-0.3984],[30.6957,-0.3993],[30.696,-0.4012],[30.6962,-0.4018],[30.696,-0.4028],[30.6959,-0.4034],[30.6958,-0.4047],[30.6944,-0.4092],[30.6935,-0.4103],[30.6931,-0.4099],[30.6913,-0.4103],[30.6902,-0.4104],[30.6874,-0.4116],[30.6869,-0.4118],[30.6858,-0.4115],[30.6835,-0.4106],[30.683,-0.4111],[30.6822,-0.4116],[30.6812,-0.4117],[30.6792,-0.4134],[30.6821,-0.4191],[30.6847,-0.4244],[30.6869,-0.4265],[30.6898,-0.428],[30.6901,-0.4284],[30.691,-0.4282],[30.6923,-0.428],[30.6963,-0.4284],[30.6979,-0.4294],[30.701,-0.4312],[30.7021,-0.4325],[30.7031,-0.4338],[30.7034,-0.4346],[30.7035,-0.435],[30.7036,-0.4354],[30.7037,-0.4356],[30.7043,-0.4367],[30.7048,-0.4379],[30.7049,-0.4384],[30.705,-0.4391],[30.705,-0.4396],[30.7052,-0.4402],[30.7053,-0.4406],[30.707,-0.4396],[30.7092,-0.4381],[30.7112,-0.4369],[30.7122,-0.4364],[30.7132,-0.4359],[30.7141,-0.4359],[30.7146,-0.4359],[30.7162,-0.4358],[30.7166,-0.4359],[30.718,-0.4359],[30.7186,-0.4356],[30.7191,-0.4355],[30.7193,-0.4355],[30.7197,-0.4353],[30.7207,-0.4345],[30.7211,-0.4344],[30.7216,-0.4346],[30.7222,-0.435],[30.7225,-0.4351],[30.7232,-0.4352],[30.7236,-0.4355],[30.7261,-0.4355],[30.7271,-0.435],[30.7275,-0.4349],[30.7282,-0.4347],[30.7289,-0.4347],[30.7312,-0.4355],[30.7315,-0.4358],[30.7315,-0.4359],[30.7315,-0.4364],[30.7313,-0.4371],[30.7318,-0.4402],[30.7323,-0.4405],[30.7358,-0.4419],[30.7389,-0.4444],[30.742,-0.4472],[30.7427,-0.4479],[30.7445,-0.4497],[30.7469,-0.452],[30.7477,-0.4528],[30.7488,-0.4538],[30.7494,-0.4544],[30.7507,-0.4557],[30.7531,-0.4579],[30.7581,-0.4627],[30.7611,-0.4655],[30.7719,-0.4757],[30.7758,-0.4794],[30.7767,-0.4803],[30.7873,-0.4902],[30.7899,-0.4921],[30.7909,-0.4929],[30.7915,-0.4933],[30.7933,-0.4938],[30.7912,-0.4953],[30.7893,-0.4979],[30.7883,-0.4994],[30.7868,-0.5007],[30.7856,-0.5022],[30.786,-0.503],[30.7856,-0.505],[30.7836,-0.5071],[30.783,-0.5078],[30.7828,-0.5082],[30.7818,-0.511],[30.7852,-0.5109],[30.7943,-0.5112],[30.8111,-0.5121],[30.8153,-0.5116],[30.8177,-0.5115],[30.8209,-0.5113],[30.8207,-0.5117],[30.8124,-0.5205],[30.7986,-0.5346],[30.7947,-0.5462],[30.7946,-0.5464],[30.7904,-0.552],[30.785,-0.559],[30.7818,-0.5632],[30.7811,-0.5641],[30.779,-0.5669],[30.7778,-0.5689],[30.7818,-0.5781],[30.7825,-0.5795],[30.7861,-0.5881],[30.7863,-0.5935],[30.7863,-0.5955],[30.7864,-0.6015],[30.7863,-0.6039],[30.7861,-0.6042],[30.7868,-0.6078],[30.7904,-0.6071],[30.7988,-0.6142],[30.8021,-0.6109],[30.8069,-0.6137],[30.8102,-0.6121],[30.8135,-0.6162],[30.8173,-0.6147],[30.8297,-0.621],[30.834,-0.62],[30.8342,-0.6233],[30.836,-0.6206],[30.8459,-0.6301],[30.8463,-0.6366],[30.8474,-0.6343],[30.8568,-0.636],[30.8559,-0.6384],[30.8627,-0.6428],[30.8634,-0.6497],[30.8675,-0.6533],[30.865,-0.6589],[30.867,-0.6659],[30.864,-0.6688],[30.876339324017803,-0.678078648056412]],[[30.92745028071775,-0.686247626901641],[30.91233307079402,-0.67662110940693],[30.912278986906447,-0.673791172562949],[30.91715212216589,-0.672048305050252],[30.915889514225544,-0.657039241017784],[30.91959113098582,-0.654581561107086],[30.923217863237674,-0.656771074544384],[30.93398112302412,-0.641197264225526],[30.950565230446742,-0.631710425328288],[30.95130168589287,-0.643844386470803],[30.94694453176803,-0.645235005823803],[30.945138008937835,-0.649709787374414],[30.95819981418446,-0.649416749898776],[30.947435635355358,-0.657893248645407],[30.939252037729748,-0.657989307274884],[30.94161620950739,-0.665973869284237],[30.93546221055719,-0.667969424748742],[30.934439155264393,-0.671341428314924],[30.940794052334137,-0.68282673198583],[30.929196592870753,-0.677107579413349],[30.92745028071775,-0.686247626901641]]]]},"properties":{"name":"Kiruhura District","id":"qf9xWZu7Dq8"}},
{"type":"Feature","geometry":{"type":"MultiPolygon","coordinates":[[[[32.6987,3.1874],[32.6977,3.1873],[32.6989,3.1874],[32.6987,3.1874]]],[[[33.1322,3.0731],[33.1319,3.0734],[33.132,3.0733],[33.1322,3.0731]]],[[[33.65161262564844,3.244241750449627],[33.63955334442805,3.249910673878392],[33.63691843550252,3.249922523653225],[33.6337568835418,3.251564193658673],[33.62824505264087,3.263213861913923],[33.63558633661892,3.263357365219112],[33.64912585130592,3.275108483302414],[33.66754208014262,3.276136103375736],[33.67274191817763,3.263804636009497],[33.67010147677315,3.252076051082324],[33.674659658286096,3.250349097479934],[33.6826784028455,3.254326352717761],[33.69842430576382,3.274788537682251],[33.70487253920647,3.27773876195099],[33.71163807410629,3.275561925902933],[33.7153,3.2879],[33.7266,3.2929],[33.7275,3.3076],[33.7313,3.3163],[33.7292,3.3343],[33.7365,3.3421],[33.7405,3.3615],[33.7424,3.3766],[33.7394,3.383],[33.7318,3.3879],[33.7327,3.3929],[33.7221,3.4052],[33.7211,3.4181],[33.7111,3.4231],[33.6993,3.4446],[33.685,3.4515],[33.6654,3.477],[33.6513,3.4755],[33.644,3.4813],[33.6467,3.4955],[33.6387,3.5126],[33.6225,3.532],[33.6322,3.5674],[33.6025,3.5912],[33.5107,3.752],[33.488,3.7513],[33.3282,3.7641],[33.3301,3.7532],[33.3268,3.7425],[33.3297,3.7234],[33.3259,3.7167],[33.3218,3.7167],[33.3126,3.7058],[33.3183,3.6896],[33.3029,3.6703],[33.2938,3.6427],[33.294,3.624],[33.3074,3.5752],[33.3065,3.5729],[33.2897,3.5714],[33.2759,3.5609],[33.2679,3.5299],[33.2712,3.5139],[33.2391,3.5127],[33.1982,3.5216],[33.1836,3.522],[33.1629,3.5162],[33.1487,3.5071],[33.1333,3.5099],[33.1242,3.5007],[33.1087,3.4968],[33.0928,3.5021],[33.0776,3.513],[33.0443,3.5222],[33.0323,3.5096],[33.0292,3.5019],[33.0126,3.496],[33.0038,3.4796],[32.9812,3.48],[32.968,3.4707],[32.9659,3.4572],[32.9507,3.4445],[32.9506,3.436],[32.94,3.4382],[32.9168,3.4271],[32.9143,3.4251],[32.916,3.4144],[32.9048,3.4186],[32.8835,3.3938],[32.7976,3.3871],[32.7682,3.3787],[32.7472,3.3858],[32.7344,3.3999],[32.7293,3.3831],[32.7313,3.3552],[32.7131,3.3238],[32.7024,3.3165],[32.6946,3.3154],[32.6959,3.3109],[32.7155,3.2967],[32.7179,3.2918],[32.7119,3.2632],[32.7193,3.2449],[32.7148,3.2386],[32.7149,3.2202],[32.7097,3.2147],[32.7055,3.2001],[32.7089,3.1898],[32.7068,3.1867],[32.7033,3.1894],[32.7032,3.1866],[32.6996,3.1874],[32.6989,3.1874],[32.7046,3.1827],[32.715,3.1814],[32.7178,3.1846],[32.7312,3.1764],[32.7394,3.1826],[32.7431,3.1809],[32.7433,3.1894],[32.747,3.1937],[32.7516,3.1928],[32.7525,3.2039],[32.7613,3.2036],[32.76503124987812,3.209800000004096],[32.7677,3.205],[32.7797,3.2101],[32.78,3.2002],[32.7839,3.1948],[32.7823,3.1799],[32.7956,3.1694],[32.8043,3.1714],[32.8253,3.1623],[32.84,3.1609],[32.8458,3.1639],[32.8561,3.1625],[32.8641,3.1578],[32.8707,3.1601],[32.8718,3.1819],[32.9263,3.2097],[32.9182,3.2282],[32.9179,3.2368],[32.9117,3.2464],[32.9136,3.2458],[32.9189,3.24],[32.9356,3.2366],[32.9843,3.2004],[33.019,3.1369],[33.0235,3.1337],[33.0259,3.1239],[33.0352,3.1254],[33.0601,3.1383],[33.0594,3.1333],[33.0679,3.1218],[33.0691,3.1139],[33.0821,3.1081],[33.0805,3.0984],[33.0835,3.0783],[33.1034,3.0804],[33.1202,3.0715],[33.1314,3.0741],[33.1376,3.0917],[33.139,3.1188],[33.1327,3.1482],[33.1424,3.1652],[33.1408,3.1814],[33.18,3.182],[33.2113,3.1708],[33.2351,3.1761],[33.2463,3.1722],[33.2828,3.1855],[33.3365,3.1818],[33.3281,3.1948],[33.3115,3.2049],[33.31,3.2169],[33.3008,3.2289],[33.3028,3.2339],[33.3283,3.2553],[33.3557,3.2649],[33.3771,3.2778],[33.3902,3.2793],[33.3958,3.2873],[33.3965,3.299],[33.4029,3.3032],[33.4148,3.3049],[33.4282,3.3036],[33.4335,3.2995],[33.4847,3.2977],[33.4863,3.2865],[33.4923,3.2853],[33.4994,3.2769],[33.5398,3.2769],[33.5428,3.2807],[33.5505,3.2815],[33.57,3.2806],[33.5785,3.2746],[33.5825,3.2757],[33.5832,3.2726],[33.586,3.2757],[33.5982,3.2764],[33.6077,3.2638],[33.6235,3.2651],[33.6318,3.2482],[33.6346,3.2474],[33.6357,3.249],[33.6375,3.2478],[33.6417,3.2484],[33.6461,3.2438],[33.65161262564844,3.244241750449627]],[[33.53109645196848,3.604763377504352],[33.537346664052116,3.607146856267319],[33.55488753234683,3.600375136348015],[33.57281593853547,3.618060093014224],[33.58040257824099,3.619111429608882],[33.582773024803004,3.613998639633285],[33.57529986253954,3.600028844111107],[33.55351253497434,3.587903065368371],[33.54089591358198,3.587986406821238],[33.5341615958172,3.591902453369138],[33.530512340069414,3.596057528388195],[33.53109645196848,3.604763377504352]]]]},"properties":{"name":"Kitgum District","id":"pnTVIF5v27r"}},
{"type":"Feature","geometry":{"type":"MultiPolygon","coordinates":[[[[34.3976,3.0919],[34.3976,3.092],[34.39756666666091,3.091900000002611],[34.3976,3.0919]]],[[[33.71163807410629,3.275561925902933],[33.711076551108825,3.266974888550205],[33.70493114976594,3.253691303145477],[33.70744377328952,3.246947757592713],[33.71334438052857,3.242528987705436],[33.71301047332674,3.220293358940188],[33.71031897484569,3.213958856439321],[33.70095000201346,3.214192648591555],[33.6873511563751,3.222319360366858],[33.66594389613172,3.241681298718818],[33.6622858687155,3.243014131299029],[33.65886323060267,3.24286323061157],[33.65451620081781,3.243783799213847],[33.65161262564844,3.244241750449627],[33.6461,3.2438],[33.6417,3.2484],[33.6375,3.2478],[33.6357,3.249],[33.6346,3.2474],[33.6318,3.2482],[33.6235,3.2651],[33.6077,3.2638],[33.5982,3.2764],[33.586,3.2757],[33.5832,3.2726],[33.5825,3.2757],[33.5785,3.2746],[33.57,3.2806],[33.5505,3.2815],[33.5595,3.149],[33.581,3.1491],[33.6135,3.1306],[33.6403,3.1394],[33.6915,3.1387],[33.7069,3.1326],[33.6922,3.1224],[33.6814,3.0915],[33.6607,3.0613],[33.6802,3.0526],[33.687,3.0537],[33.7213,3.0217],[33.72060893614871,2.990892340457946],[33.7247,2.9842],[33.7277,2.9852],[33.7313,2.9806],[33.738,2.9788],[33.7521,2.9656],[33.8041,2.9835],[33.8515,2.9489],[33.8659,2.9438],[33.8686,2.9371],[33.8652,2.9221],[33.8733,2.9127],[33.8748,2.895],[33.8894,2.8759],[33.8954,2.8611],[33.8949,2.8166],[33.8921,2.8109],[33.8991,2.8039],[33.9043,2.7908],[33.9009,2.7894],[33.8859,2.7328],[33.8809,2.6705],[33.9658,2.6167],[33.9867,2.6442],[33.9866,2.651],[33.9826,2.6561],[33.9865,2.669],[34.0477,2.7257],[34.0708,2.7412],[34.1031,2.7554],[34.1486,2.7596],[34.2609,2.7271],[34.2813,2.91],[34.3491,2.992],[34.3975,3.0917],[34.39756666666091,3.091900000002611],[34.3974,3.0919],[34.3425,3.0845],[34.2565,3.1274],[34.2134,3.1502],[34.2133,3.1565],[34.203,3.1665],[34.192,3.1674],[34.1878,3.1751],[34.1877,3.1929],[34.1568,3.2162],[34.0859,3.2495],[34.0536,3.2512],[34.0248,3.2485],[33.9201,3.2594],[33.9107,3.2573],[33.9022,3.2497],[33.9046,3.2819],[33.9022,3.3044],[33.9077,3.3082],[33.889,3.3207],[33.8881,3.3157],[33.8784,3.3148],[33.8776,3.3103],[33.8727,3.3148],[33.8714,3.3086],[33.8644,3.3074],[33.8612,3.3008],[33.8478,3.3033],[33.8253,3.312],[33.8235,3.3128],[33.7405,3.3615],[33.7365,3.3421],[33.7292,3.3343],[33.7313,3.3163],[33.7275,3.3076],[33.7266,3.2929],[33.7153,3.2879],[33.71163807410629,3.275561925902933]]]]},"properties":{"name":"Kotido District","id":"aPZzL4CyBTg"}},
{"type":"Feature","geometry":{"type":"MultiPolygon","coordinates":[[[[34.271525705038435,1.550480721226002],[34.27643856840458,1.562547671301628],[34.27072622053052,1.590311700195851],[34.24477849227976,1.590469223473621],[34.23753249123773,1.599043861660055],[34.25621608135207,1.621339529370849],[34.26687647683644,1.621192647245418],[34.280535402723146,1.628072875949988],[34.29842956854638,1.649955964317424],[34.31941286233369,1.65935236695161],[34.37277540969159,1.728322357576949],[34.37451915061223,1.736154007469547],[34.366922327917905,1.743878021384475],[34.36524422023924,1.749962055599115],[34.36683425305089,1.752590337492454],[34.37605706120465,1.751341887308222],[34.38075035780186,1.754021548134499],[34.38044948249735,1.784875776265269],[34.3739,1.7624],[34.3653,1.7544],[34.3616,1.7457],[34.352,1.7383],[34.3436,1.7364],[34.3342,1.7059],[34.3275,1.6997],[34.327,1.6808],[34.3167,1.6786],[34.3167,1.6706],[34.3125,1.6641],[34.305,1.662],[34.2985,1.6532],[34.2913,1.65],[34.2849,1.651],[34.2787,1.6448],[34.2754,1.6463],[34.2693,1.6404],[34.2614,1.6397],[34.2606,1.6365],[34.2291,1.6372],[34.2295,1.5794],[34.2296,1.5616],[34.2604,1.5617],[34.2623,1.5587],[34.2675,1.5588],[34.271525705038435,1.550480721226002]]],[[[34.37277540969159,1.728322357576949],[34.37019331630394,1.720938161356169],[34.372662142218296,1.704197038304875],[34.387618145864145,1.684245526385514],[34.368446375345755,1.680472288373229],[34.360430722175515,1.67556779577654],[34.35121690704303,1.66412050284413],[34.2999608027772,1.640228583072349],[34.27352859409248,1.617270269224027],[34.27029837043656,1.605269016681354],[34.2717159671298,1.595721694811083],[34.287885051818385,1.577154167875801],[34.33296429072232,1.570031386114004],[34.35347172807227,1.578651583723115],[34.35963325673389,1.578596662142113],[34.36571191877341,1.575531883479232],[34.37394599899799,1.564915952939639],[34.390325892294726,1.567878210617533],[34.40614309372887,1.556806712626001],[34.4267,1.558048759280283],[34.4324,1.5619],[34.4314,1.5643],[34.436,1.5676],[34.4341,1.569],[34.4401,1.572],[34.4452,1.5707],[34.4475,1.5735],[34.4539,1.5708],[34.4534,1.573],[34.4581,1.5731],[34.4612,1.5767],[34.4599,1.5788],[34.464,1.5786],[34.4652,1.5845],[34.4701,1.5843],[34.4718,1.5879],[34.4863,1.5862],[34.4888,1.599],[34.4953,1.602],[34.4979,1.6014],[34.4994,1.5949],[34.5166,1.5959],[34.5212,1.5999],[34.5457,1.5981],[34.5463,1.5938],[34.5623,1.5883],[34.5687,1.5805],[34.575,1.5792],[34.5857,1.5858],[34.5933,1.5847],[34.5954,1.5783],[34.6132,1.5738],[34.6178,1.5767],[34.6232,1.5691],[34.6309,1.577],[34.6414,1.5733],[34.6721,1.5728],[34.6913,1.5688],[34.7072,1.5756],[34.7135,1.5842],[34.7248,1.5837],[34.7285,1.5946],[34.7322,1.5972],[34.7327,1.6052],[34.7405,1.6132],[34.7538,1.6157],[34.7618,1.6241],[34.7661,1.6236],[34.7747,1.6308],[34.7857,1.6358],[34.7911,1.6352],[34.8012,1.6436],[34.8081,1.6439],[34.8168,1.6671],[34.8161,1.6807],[34.82,1.6874],[34.8189,1.7128],[34.8469,1.7271],[34.8422,1.7377],[34.8349,1.7438],[34.8089,1.7541],[34.8238,1.7636],[34.8366,1.7626],[34.8417,1.769],[34.8475,1.7678],[34.846,1.7784],[34.8491,1.7773],[34.8612,1.791],[34.8532,1.8032],[34.8602,1.8036],[34.8609,1.8084],[34.8592,1.8105],[34.8501,1.8091],[34.847,1.8144],[34.8591,1.8237],[34.8587,1.8322],[34.8525,1.8307],[34.8505,1.8342],[34.8482,1.8565],[34.8417,1.8603],[34.8384,1.8556],[34.8327,1.8545],[34.8345,1.8676],[34.8278,1.8714],[34.8326,1.8831],[34.8284,1.9348],[34.8652,1.9969],[34.8729,1.9992],[34.874,2.0041],[34.8687,2.0088],[34.8698,2.0139],[34.8655,2.015],[34.8641,2.0229],[34.8553,2.029],[34.8574,2.0308],[34.8552,2.0386],[34.8578,2.0415],[34.8536,2.0447],[34.8548,2.0513],[34.853,2.0489],[34.8506,2.0543],[34.8531,2.0568],[34.8472,2.0597],[34.8452,2.0667],[34.8403,2.0671],[34.8413,2.074],[34.8389,2.0772],[34.819,2.0914],[34.8123,2.1047],[34.8071,2.1044],[34.8068,2.1072],[34.802,2.1084],[34.8022,2.1126],[34.7972,2.114],[34.7979,2.1229],[34.7985,2.1409],[34.7935,2.1465],[34.7896,2.1359],[34.7633,2.1243],[34.7549,2.1233],[34.7298,2.129],[34.6942,2.1481],[34.7075,2.1369],[34.7169,2.0959],[34.7261,2.0826],[34.7246,2.0642],[34.7332,2.0422],[34.7282,2.0049],[34.721,1.9907],[34.7008,1.9986],[34.6923,2.008],[34.684,2],[34.6751,2.0084],[34.6602,2.0091],[34.6498,1.9841],[34.6468,1.9685],[34.638,1.9631],[34.6306,1.972],[34.637,1.9971],[34.6323,1.9999],[34.6278,1.9953],[34.6278,1.9906],[34.619,1.9866],[34.6146,1.9827],[34.6148,1.9788],[34.6083,1.9771],[34.6046,1.9726],[34.5943,1.9467],[34.5865,1.9489],[34.5491,1.9134],[34.5463,1.917],[34.534,1.9111],[34.5245,1.9144],[34.5175,1.9029],[34.507,1.8941],[34.5014,1.8952],[34.4841,1.8826],[34.4613,1.8798],[34.447,1.8703],[34.4323,1.8659],[34.4188,1.8186],[34.4195,1.808119180826506],[34.42803522698145,1.813880701369867],[34.44540300545336,1.859286313465714],[34.45325427235459,1.867900453958699],[34.45741801977067,1.866279189479193],[34.452596327353696,1.850610566073109],[34.443464340484795,1.841993728327536],[34.435299704649154,1.813374651983821],[34.45639425847915,1.812714423941004],[34.48217345246867,1.818648405583404],[34.49999225055392,1.817624893296845],[34.499989741117204,1.798834629798399],[34.476363590691875,1.802570620970878],[34.46222503380807,1.800302662400786],[34.44492006643369,1.786261365739629],[34.43945045684544,1.785908998127831],[34.43565767870543,1.773900491129311],[34.41880547843621,1.759303972470442],[34.405054944454186,1.748424870633305],[34.38432769428876,1.740970675111399],[34.37277540969159,1.728322357576949]]]]},"properties":{"name":"Nakapiripirit District","id":"VuHCApXcMTm"}},
{"type":"Feature","geometry":{"type":"Polygon","coordinates":[[[32.8806,2.6189],[32.8813,2.6189],[32.883,2.6194],[32.8838,2.6198],[32.8844,2.6204],[32.8845,2.6205],[32.8858,2.6207],[32.8859,2.6201],[32.886,2.6192],[32.8862,2.6187],[32.8862,2.6181],[32.8856,2.6176],[32.8841,2.6166],[32.8843,2.6159],[32.8854,2.6151],[32.8864,2.6144],[32.8876,2.6144],[32.8885,2.6165],[32.8889,2.6173],[32.8896,2.6179],[32.8905,2.6187],[32.8915,2.6189],[32.8922,2.6179],[32.8921,2.616],[32.8908,2.6145],[32.8898,2.613],[32.89,2.6121],[32.8902,2.6089],[32.8907,2.6082],[32.8887,2.6062],[32.8876,2.6063],[32.885,2.6045],[32.8841,2.6031],[32.8844,2.6022],[32.8853,2.6015],[32.8864,2.6018],[32.8899,2.6028],[32.8909,2.6024],[32.8917,2.6022],[32.8925,2.6017],[32.8932,2.6014],[32.8938,2.6004],[32.8945,2.599],[32.8946,2.5989],[32.8957,2.5983],[32.8975,2.5976],[32.8985,2.5975],[32.9,2.5974],[32.903,2.6004],[32.9034,2.6009],[32.9052,2.6018],[32.9067,2.6012],[32.9074,2.6008],[32.9082,2.5992],[32.909,2.5981],[32.91,2.5972],[32.9122,2.596],[32.9134,2.5947],[32.9163,2.5951],[32.9178,2.5957],[32.9185,2.5962],[32.9189,2.5967],[32.9178,2.5994],[32.9177,2.5997],[32.9175,2.6011],[32.9177,2.6018],[32.9179,2.6026],[32.9189,2.6043],[32.9191,2.6048],[32.9196,2.606],[32.9212,2.6067],[32.9219,2.6065],[32.9235,2.6061],[32.9261,2.6067],[32.9275,2.6065],[32.9294,2.6068],[32.9297,2.607],[32.9308,2.6078],[32.9318,2.6085],[32.935,2.6107],[32.9362,2.6112],[32.9395,2.6105],[32.9405,2.6097],[32.9404,2.6092],[32.9392,2.6075],[32.9369,2.6066],[32.9345,2.6043],[32.9332,2.6016],[32.932,2.5999],[32.9306,2.5953],[32.9306,2.5951],[32.9298,2.5938],[32.9294,2.5926],[32.9326,2.5919],[32.9343,2.5925],[32.9368,2.5944],[32.9382,2.595],[32.9394,2.595],[32.9405,2.5952],[32.9416,2.5962],[32.9429,2.5974],[32.9436,2.5979],[32.9442,2.5988],[32.9472,2.6016],[32.9487,2.6025],[32.9494,2.604],[32.9499,2.6044],[32.9507,2.6046],[32.9521,2.6049],[32.954,2.6046],[32.9544,2.6041],[32.9546,2.6032],[32.9541,2.6023],[32.9517,2.5974],[32.9516,2.5969],[32.9529,2.5957],[32.9539,2.5958],[32.9564,2.5968],[32.959,2.5968],[32.9595,2.5963],[32.9604,2.5952],[32.9595,2.5923],[32.9585,2.5912],[32.9563,2.5878],[32.9554,2.5865],[32.9553,2.5857],[32.9553,2.5846],[32.9537,2.5818],[32.9528,2.5807],[32.9525,2.5799],[32.9525,2.5789],[32.9524,2.5788],[32.9519,2.5781],[32.9509,2.578],[32.9492,2.5768],[32.9484,2.5748],[32.9479,2.5719],[32.9459,2.5698],[32.9454,2.5697],[32.9445,2.5695],[32.9411,2.5696],[32.9391,2.57],[32.9382,2.5691],[32.9385,2.568],[32.9389,2.5661],[32.939,2.565],[32.9395,2.5638],[32.9412,2.5638],[32.9434,2.5637],[32.9451,2.5618],[32.9457,2.5605],[32.9487,2.5607],[32.9513,2.5609],[32.9531,2.5617],[32.9532,2.5617],[32.9545,2.5625],[32.9551,2.5627],[32.9555,2.5625],[32.9565,2.5615],[32.9578,2.5578],[32.9551,2.5549],[32.9542,2.554],[32.9534,2.5532],[32.9531,2.5526],[32.953,2.5522],[32.9533,2.5512],[32.9538,2.5505],[32.9544,2.5502],[32.9551,2.5504],[32.9555,2.5505],[32.9564,2.5507],[32.9572,2.5506],[32.9582,2.5502],[32.9612,2.5502],[32.9625,2.5512],[32.9637,2.5518],[32.964,2.5519],[32.9648,2.5523],[32.9649,2.5524],[32.9661,2.5536],[32.9685,2.5547],[32.9688,2.5549],[32.9704,2.5554],[32.9713,2.5553],[32.9716,2.5552],[32.9727,2.5547],[32.9756,2.5531],[32.9776,2.5516],[32.9785,2.5524],[32.9796,2.5535],[32.9799,2.5538],[32.9801,2.5542],[32.9805,2.5552],[32.9818,2.556],[32.9822,2.5562],[32.9825,2.5565],[32.983,2.5571],[32.9859,2.5595],[32.9863,2.5592],[32.9873,2.5584],[32.988,2.5579],[32.9885,2.5574],[32.989,2.5571],[32.9938,2.5564],[32.9942,2.5562],[32.9947,2.5557],[32.9951,2.5553],[32.9953,2.5552],[32.9958,2.5548],[32.9977,2.5541],[32.9983,2.5536],[32.9982,2.5528],[32.9988,2.55],[32.9989,2.5488],[32.9987,2.5479],[32.9982,2.5471],[32.9978,2.5456],[32.9976,2.5439],[32.9976,2.5437],[32.9975,2.5429],[32.997,2.5411],[32.997,2.5407],[32.9965,2.5389],[32.9964,2.5386],[32.9962,2.538],[32.9951,2.5375],[32.9946,2.5377],[32.993,2.5376],[32.9889,2.5352],[32.9882,2.5336],[32.9877,2.5325],[32.988,2.5297],[32.989,2.5287],[32.9917,2.5277],[32.9943,2.5279],[32.995,2.5284],[32.9962,2.5289],[32.9988,2.5298],[32.9998,2.5311],[33.0007,2.5324],[33.0013,2.5327],[33.0036,2.5335],[33.0046,2.5329],[33.0056,2.5325],[33.0061,2.5321],[33.0064,2.531],[33.0066,2.5304],[33.0118,2.5317],[33.0157,2.5394],[33.0292,2.5485],[33.0347,2.556],[33.0503,2.5639],[33.067,2.5774],[33.073,2.5888],[33.1006,2.5992],[33.0861,2.6367],[33.0903,2.6472],[33.0781,2.6676],[33.0664,2.6694],[33.0562,2.686],[33.0476,2.6899],[33.0358,2.716],[33.0247,2.7206],[33.0129,2.7322],[33.0363,2.805],[33.0447,2.8176],[33.0529,2.8217],[33.0414,2.8329],[33.0306,2.8336],[33.0302,2.8372],[33.0233,2.836],[33.02,2.8398],[33.0228,2.8475],[33.026,2.8485],[33.034,2.8474],[33.0359,2.8381],[33.0458,2.8491],[33.0521,2.8429],[33.0593,2.8479],[33.0624,2.8329],[33.0691,2.8294],[33.0762,2.8308],[33.079,2.8239],[33.0838,2.8222],[33.0888,2.8427],[33.0956,2.8435],[33.1008,2.8496],[33.1007,2.8545],[33.1062,2.849],[33.1102,2.8493],[33.1105,2.8449],[33.1163,2.8447],[33.1277,2.8272],[33.1383,2.8374],[33.1473,2.8409],[33.1513,2.8472],[33.1621,2.8426],[33.1621,2.8502],[33.1673,2.8523],[33.1672,2.8579],[33.1725,2.8579],[33.1733,2.854],[33.1797,2.8645],[33.1885,2.8694],[33.1887,2.8737],[33.1924,2.8763],[33.1922,2.8809],[33.1965,2.8856],[33.1949,2.8906],[33.1835,2.9008],[33.1827,2.919],[33.199,2.9553],[33.1882,2.9614],[33.1724,2.9853],[33.1657,2.9904],[33.158,3.0063],[33.1437,3.0168],[33.1393,3.0318],[33.1395,3.0516],[33.1339,3.0664],[33.1313,3.067],[33.1334,3.0702],[33.1334,3.0707],[33.1334,3.0708],[33.1333,3.0713],[33.1324,3.0729],[33.132,3.0733],[33.1319,3.0734],[33.1314,3.0741],[33.1202,3.0715],[33.1034,3.0804],[33.0835,3.0783],[33.0805,3.0984],[33.0821,3.1081],[33.0691,3.1139],[33.0679,3.1218],[33.0594,3.1333],[33.0601,3.1383],[33.0352,3.1254],[33.0259,3.1239],[33.0235,3.1337],[33.019,3.1369],[32.9843,3.2004],[32.9356,3.2366],[32.9189,3.24],[32.9136,3.2458],[32.9117,3.2464],[32.9179,3.2368],[32.9182,3.2282],[32.9263,3.2097],[32.8718,3.1819],[32.8707,3.1601],[32.8641,3.1578],[32.8561,3.1625],[32.8458,3.1639],[32.84,3.1609],[32.8253,3.1623],[32.8043,3.1714],[32.7956,3.1694],[32.7823,3.1799],[32.7839,3.1948],[32.78,3.2002],[32.7797,3.2101],[32.7677,3.205],[32.76503124987812,3.209800000004096],[32.7613,3.2036],[32.7525,3.2039],[32.7516,3.1928],[32.747,3.1937],[32.7433,3.1894],[32.7431,3.1809],[32.7394,3.1826],[32.7312,3.1764],[32.7178,3.1846],[32.715,3.1814],[32.7046,3.1827],[32.6989,3.1874],[32.6977,3.1873],[32.6865,3.1824],[32.684,3.1747],[32.6856,3.1694],[32.6723,3.1742],[32.6684,3.1685],[32.6621,3.1706],[32.6518,3.1616],[32.64,3.1596],[32.6379,3.1568],[32.6283,3.1592],[32.6243,3.1548],[32.614,3.1523],[32.5938,3.1521],[32.5547,3.1621],[32.548,3.1557],[32.5112,3.1609],[32.5106,3.1597],[32.5117,3.1581],[32.5129,3.1571],[32.5143,3.1575],[32.5149,3.1578],[32.5164,3.1584],[32.5171,3.158],[32.5176,3.1559],[32.516,3.1477],[32.5145,3.1473],[32.5137,3.1472],[32.5135,3.1468],[32.5136,3.1466],[32.5136,3.145],[32.5145,3.1439],[32.515,3.1426],[32.5151,3.1405],[32.5157,3.1393],[32.5161,3.1387],[32.5166,3.1373],[32.5175,3.1367],[32.518,3.1357],[32.5183,3.1353],[32.5199,3.1336],[32.5207,3.1325],[32.5216,3.1308],[32.5218,3.1296],[32.5218,3.129],[32.5207,3.1281],[32.5187,3.1289],[32.5163,3.1298],[32.5127,3.13],[32.5107,3.1305],[32.5059,3.1311],[32.5048,3.1313],[32.5025,3.1315],[32.4975,3.1324],[32.4948,3.1326],[32.492,3.1327],[32.4888,3.1316],[32.486,3.1307],[32.4826,3.1297],[32.4702,3.1254],[32.4733,3.1208],[32.4752,3.1197],[32.4773,3.1172],[32.4842,3.1097],[32.4854,3.105],[32.4855,3.1039],[32.4857,3.102],[32.4865,3.1003],[32.4888,3.0982],[32.4918,3.0949],[32.4928,3.0936],[32.4947,3.0906],[32.4976,3.0887],[32.4993,3.0875],[32.5012,3.0836],[32.5025,3.0811],[32.5034,3.0797],[32.504,3.0788],[32.5053,3.0769],[32.508,3.0722],[32.5093,3.0695],[32.5115,3.0672],[32.5129,3.0676],[32.5133,3.0677],[32.515,3.0671],[32.5162,3.0659],[32.5175,3.064],[32.5175,3.0601],[32.5192,3.058],[32.5237,3.0499],[32.5251,3.0477],[32.5257,3.047],[32.5277,3.0447],[32.5278,3.0431],[32.5277,3.0411],[32.5282,3.0401],[32.5288,3.0399],[32.5303,3.0398],[32.5328,3.0375],[32.5333,3.0351],[32.533,3.0339],[32.5335,3.0327],[32.5343,3.0317],[32.5355,3.0298],[32.5401,3.0265],[32.5406,3.026],[32.5422,3.0239],[32.5431,3.0226],[32.5453,3.0213],[32.5501,3.0151],[32.5525,3.0117],[32.5536,3.009],[32.556,3.0047],[32.5567,3.0031],[32.5575,3.0014],[32.5583,2.9993],[32.5593,2.9971],[32.563,2.9914],[32.5682,2.9826],[32.5726,2.9759],[32.5736,2.9739],[32.5742,2.973],[32.5758,2.9702],[32.5762,2.9682],[32.5764,2.9677],[32.5783,2.9641],[32.5781,2.9614],[32.5811,2.9578],[32.5814,2.9574],[32.5822,2.9566],[32.5829,2.9558],[32.5835,2.9545],[32.5843,2.9537],[32.585,2.9523],[32.5861,2.9512],[32.588,2.9508],[32.5887,2.9504],[32.5895,2.949],[32.5905,2.9474],[32.5919,2.9458],[32.5924,2.9452],[32.593,2.9444],[32.5944,2.9426],[32.5946,2.9421],[32.5954,2.941],[32.5963,2.9397],[32.5965,2.9393],[32.5972,2.938],[32.5984,2.9361],[32.5999,2.9338],[32.6053,2.9271],[32.6057,2.926],[32.6059,2.9256],[32.6089,2.9212],[32.6089,2.9211],[32.6094,2.9202],[32.6137,2.9134],[32.6148,2.9116],[32.6153,2.9107],[32.6169,2.908],[32.618,2.9061],[32.6204,2.9018],[32.6219,2.9001],[32.6222,2.8997],[32.623,2.8983],[32.6242,2.896],[32.6258,2.8935],[32.6272,2.8911],[32.6281,2.89],[32.6287,2.889],[32.6291,2.8884],[32.6296,2.8876],[32.6322,2.8837],[32.6332,2.8823],[32.6335,2.8819],[32.6345,2.8798],[32.6348,2.8794],[32.6355,2.8778],[32.6353,2.8771],[32.6346,2.8762],[32.6345,2.876],[32.6345,2.8755],[32.6352,2.8746],[32.6363,2.8732],[32.6369,2.8728],[32.6372,2.8727],[32.6386,2.873],[32.64,2.8718],[32.6408,2.8705],[32.6426,2.8668],[32.6436,2.8653],[32.6444,2.8646],[32.6457,2.8634],[32.6486,2.8581],[32.6495,2.8563],[32.6506,2.8551],[32.6519,2.8538],[32.6531,2.8523],[32.6533,2.8521],[32.6554,2.8491],[32.6563,2.8476],[32.6569,2.847],[32.6578,2.846],[32.6583,2.845],[32.6581,2.8443],[32.6579,2.8436],[32.6581,2.843],[32.6586,2.8421],[32.6597,2.84],[32.6609,2.8355],[32.6697,2.8295],[32.6771,2.8148],[32.6928,2.8002],[32.6918,2.7965],[32.6879,2.7955],[32.6885,2.7844],[32.694,2.7863],[32.7061,2.7836],[32.7006,2.7806],[32.7006,2.7761],[32.6951,2.7758],[32.6943,2.7718],[32.7077,2.7649],[32.7163,2.769],[32.7217,2.7667],[32.7248,2.7527],[32.7302,2.7546],[32.7388,2.7424],[32.7648,2.7172],[32.7734,2.706],[32.7746,2.6985],[32.7789,2.6966],[32.7816,2.6897],[32.7854,2.6904],[32.7926,2.6769],[32.7973,2.6743],[32.7979,2.6642],[32.8079,2.6696],[32.8138,2.6653],[32.8227,2.6749],[32.8264,2.6745],[32.8294,2.6652],[32.8215,2.6591],[32.8251,2.6564],[32.8254,2.6513],[32.8292,2.6478],[32.8297,2.648],[32.8311,2.6486],[32.8336,2.6499],[32.8345,2.6502],[32.8349,2.651],[32.8351,2.6513],[32.8357,2.6511],[32.836,2.6494],[32.8359,2.6485],[32.8364,2.6477],[32.8367,2.6473],[32.8379,2.6465],[32.8383,2.6467],[32.8392,2.6472],[32.8397,2.6472],[32.8412,2.6473],[32.8421,2.6476],[32.8441,2.6482],[32.8453,2.649],[32.8463,2.6495],[32.8488,2.6492],[32.8493,2.6493],[32.8497,2.6496],[32.8499,2.6498],[32.8504,2.6502],[32.8507,2.6505],[32.8508,2.6521],[32.8513,2.6531],[32.8518,2.6532],[32.8522,2.6532],[32.8525,2.6518],[32.8526,2.6516],[32.8531,2.65],[32.8532,2.6499],[32.854,2.6493],[32.8561,2.6494],[32.8575,2.6495],[32.8583,2.6491],[32.8602,2.6465],[32.8592,2.6428],[32.8588,2.6417],[32.8586,2.64],[32.8566,2.6372],[32.8562,2.6357],[32.8546,2.6317],[32.8535,2.6309],[32.852,2.6303],[32.8511,2.6299],[32.8507,2.6291],[32.851,2.6284],[32.8508,2.6254],[32.8509,2.6245],[32.8517,2.6238],[32.8523,2.6235],[32.8525,2.6234],[32.8532,2.6229],[32.8538,2.6221],[32.856,2.6204],[32.8572,2.6205],[32.8588,2.6217],[32.8608,2.6236],[32.8621,2.6241],[32.8637,2.6243],[32.8647,2.624],[32.8655,2.6237],[32.866,2.6245],[32.8667,2.6255],[32.8682,2.6261],[32.8698,2.6263],[32.8723,2.6255],[32.8726,2.6254],[32.8741,2.625],[32.8746,2.625],[32.8758,2.6249],[32.8724,2.6223],[32.8722,2.621],[32.8725,2.6201],[32.8729,2.6196],[32.873,2.6195],[32.8742,2.6189],[32.8746,2.619],[32.8755,2.6198],[32.8769,2.62],[32.8793,2.6192],[32.8806,2.6189]]]},"properties":{"name":"Pader District","id":"aBrjuZk0W31"}},
{"type":"Feature","geometry":{"type":"MultiPolygon","coordinates":[[[[34.3237,1.1017],[34.3236,1.1015],[34.3236,1.1008],[34.3237,1.1004],[34.3242,1.0998],[34.3244,1.0997],[34.325,1.0978],[34.3261,1.0974],[34.3263,1.0974],[34.3269,1.0972],[34.3275,1.0967],[34.3285,1.0957],[34.3286,1.0956],[34.3292,1.095],[34.3296,1.0945],[34.3298,1.0943],[34.3302,1.094],[34.3302,1.0937],[34.3302,1.0931],[34.3302,1.0926],[34.3302,1.0925],[34.3304,1.0921],[34.3307,1.0916],[34.3312,1.0908],[34.3317,1.0906],[34.3318,1.0906],[34.3319,1.0907],[34.3323,1.0908],[34.3327,1.0907],[34.3334,1.0901],[34.3336,1.0893],[34.3338,1.0887],[34.3343,1.0883],[34.3346,1.0883],[34.3352,1.088],[34.3358,1.0875],[34.3361,1.0874],[34.3363,1.0873],[34.3364,1.0874],[34.3369,1.0874],[34.3505,1.0895],[34.3729,1.0848],[34.3762,1.1028],[34.3856,1.1064],[34.3983,1.1019],[34.4153,1.1068],[34.4236,1.1029],[34.4299,1.1044],[34.4425,1.1011],[34.4537,1.1034],[34.4607,1.0998],[34.4718,1.1015],[34.4788,1.092],[34.4834,1.0909],[34.4924,1.0952],[34.5054,1.1076],[34.5249,1.1156],[34.5264,1.1191],[34.5269,1.1291],[34.52687777778313,1.129300000000298],[34.5268,1.1293],[34.5119,1.1328],[34.4797,1.1293],[34.439,1.1423],[34.426312000028595,1.139012000029138],[34.416,1.1548],[34.425,1.1608],[34.4101,1.168],[34.4088,1.1745],[34.3923,1.1999],[34.3744,1.2073],[34.3402,1.2291],[34.3338,1.2386],[34.3307,1.2523],[34.3196,1.2605],[34.3138,1.2737],[34.3044,1.2765],[34.3023,1.287],[34.2788,1.2757],[34.2745,1.2628],[34.2569,1.2494],[34.2573,1.2586],[34.2548,1.2581],[34.2493,1.2668],[34.248,1.2763],[34.2506,1.2839],[34.2467,1.2854],[34.2445,1.291],[34.2242,1.2531],[34.2016,1.2305],[34.1894,1.2124],[34.1886,1.204],[34.1844,1.1985],[34.1839,1.1849],[34.1869,1.174],[34.1916,1.1725],[34.1823,1.1615],[34.17,1.1603],[34.1705,1.1596],[34.1709,1.159],[34.1713,1.1583],[34.1724,1.1565],[34.1726,1.1564],[34.173,1.156],[34.1733,1.1556],[34.1736,1.1554],[34.1739,1.1551],[34.1748,1.1543],[34.1751,1.1542],[34.1757,1.1546],[34.1758,1.1547],[34.176,1.1548],[34.1766,1.155],[34.1772,1.1553],[34.1781,1.1552],[34.1784,1.1551],[34.1788,1.155],[34.1797,1.155],[34.1803,1.1545],[34.1813,1.1546],[34.1822,1.1548],[34.1835,1.1544],[34.1853,1.1544],[34.186,1.154],[34.187,1.1537],[34.1879,1.1533],[34.189,1.1526],[34.1897,1.152],[34.19,1.152],[34.1902,1.1521],[34.1904,1.1523],[34.1905,1.1524],[34.1907,1.1524],[34.1908,1.1523],[34.1912,1.1514],[34.1917,1.1511],[34.1923,1.151],[34.1926,1.1508],[34.1929,1.1504],[34.1932,1.1504],[34.1933,1.1505],[34.1934,1.1508],[34.1935,1.1509],[34.1936,1.1509],[34.1939,1.1508],[34.1955,1.152],[34.1956,1.1547],[34.1956,1.1551],[34.1957,1.1585],[34.1984,1.1589],[34.2027,1.1594],[34.2041,1.1616],[34.206,1.1624],[34.2078,1.1625],[34.2086,1.1628],[34.2093,1.1629],[34.2097,1.163],[34.21,1.1631],[34.2104,1.1631],[34.2114,1.163],[34.2117,1.163],[34.2132,1.1632],[34.2135,1.1633],[34.2142,1.1635],[34.2144,1.1635],[34.2149,1.1635],[34.2152,1.1635],[34.2158,1.1633],[34.2163,1.1632],[34.2169,1.163],[34.2173,1.1627],[34.2186,1.1621],[34.2189,1.1619],[34.2197,1.1613],[34.2202,1.1611],[34.2207,1.1607],[34.2209,1.1606],[34.2212,1.1606],[34.2214,1.1605],[34.2218,1.1604],[34.2252,1.1581],[34.2252,1.1561],[34.2252,1.1472],[34.2253,1.1304],[34.2253,1.13],[34.226,1.1296],[34.2266,1.129],[34.2271,1.1285],[34.2272,1.128],[34.227,1.1271],[34.227,1.1268],[34.2271,1.126],[34.2273,1.1249],[34.2274,1.1245],[34.2273,1.1237],[34.2273,1.1232],[34.2274,1.1226],[34.2274,1.122],[34.2285,1.1219],[34.2302,1.1227],[34.2312,1.1228],[34.2313,1.1228],[34.2324,1.1226],[34.2327,1.1225],[34.2337,1.1227],[34.2344,1.1227],[34.2359,1.1225],[34.2364,1.1223],[34.2366,1.1222],[34.237,1.1222],[34.2371,1.1226],[34.2372,1.1227],[34.2373,1.1228],[34.2378,1.1227],[34.2381,1.1224],[34.2383,1.1213],[34.2384,1.1209],[34.2389,1.1202],[34.2399,1.1199],[34.2414,1.1201],[34.2421,1.1203],[34.2423,1.1206],[34.2421,1.1212],[34.2422,1.1215],[34.2428,1.1227],[34.2432,1.1229],[34.2436,1.1232],[34.2441,1.1234],[34.2443,1.1234],[34.2449,1.1234],[34.2452,1.1236],[34.2453,1.1237],[34.2456,1.1237],[34.2459,1.1235],[34.2463,1.1233],[34.2465,1.1232],[34.2482,1.1216],[34.2486,1.1207],[34.2487,1.1205],[34.249,1.1196],[34.2492,1.1193],[34.2504,1.1182],[34.2519,1.1175],[34.252,1.1172],[34.2522,1.1168],[34.2522,1.1165],[34.2523,1.1161],[34.2534,1.1162],[34.2536,1.1167],[34.2538,1.1169],[34.2539,1.1169],[34.2549,1.116],[34.2561,1.1147],[34.2566,1.1142],[34.2571,1.1138],[34.2573,1.1136],[34.2574,1.1134],[34.2575,1.1129],[34.2575,1.1126],[34.2576,1.1124],[34.2578,1.1119],[34.2581,1.1116],[34.2583,1.1114],[34.2583,1.1112],[34.2584,1.1112],[34.2588,1.111],[34.2599,1.1115],[34.2602,1.1116],[34.2604,1.1115],[34.2608,1.1111],[34.2619,1.1106],[34.2628,1.1101],[34.2628,1.1098],[34.2628,1.1095],[34.2629,1.1092],[34.263,1.1087],[34.2634,1.1084],[34.2639,1.1086],[34.265,1.1086],[34.2653,1.1084],[34.2656,1.1081],[34.266,1.1079],[34.2663,1.1079],[34.2673,1.1084],[34.2677,1.1084],[34.27,1.1059],[34.2707,1.1059],[34.2711,1.106],[34.272,1.1065],[34.2725,1.1064],[34.2729,1.106],[34.2733,1.1055],[34.2744,1.1044],[34.2748,1.1043],[34.2753,1.1043],[34.2755,1.1043],[34.2757,1.1043],[34.2768,1.1042],[34.2784,1.1043],[34.2788,1.1042],[34.2792,1.1041],[34.2794,1.1042],[34.2794,1.1044],[34.2794,1.1046],[34.2794,1.1047],[34.2796,1.1048],[34.2799,1.1048],[34.2801,1.1047],[34.2801,1.1044],[34.2801,1.1041],[34.2799,1.1034],[34.2799,1.1029],[34.2807,1.1019],[34.2809,1.1018],[34.2812,1.1019],[34.2815,1.102],[34.2822,1.1021],[34.2825,1.102],[34.2829,1.1019],[34.2838,1.102],[34.2852,1.1024],[34.2856,1.1011],[34.2859,1.101],[34.2867,1.1012],[34.2868,1.1013],[34.2873,1.1017],[34.2879,1.1019],[34.289,1.1021],[34.29,1.1031],[34.2907,1.1036],[34.2907,1.1038],[34.2907,1.104],[34.2909,1.104],[34.293,1.1033],[34.2933,1.1034],[34.2936,1.1036],[34.294,1.1041],[34.2941,1.1046],[34.294,1.1049],[34.294,1.1052],[34.2943,1.1058],[34.2946,1.1056],[34.2953,1.1054],[34.2956,1.1054],[34.2956,1.1053],[34.2958,1.1051],[34.2958,1.1048],[34.2959,1.1046],[34.2963,1.1044],[34.2965,1.1043],[34.2969,1.1042],[34.2975,1.1044],[34.2983,1.1053],[34.2985,1.1056],[34.2993,1.1066],[34.2996,1.1067],[34.2998,1.1067],[34.3005,1.1066],[34.3011,1.1061],[34.3011,1.1057],[34.3011,1.1054],[34.3012,1.1052],[34.3016,1.1049],[34.3018,1.1049],[34.3022,1.1049],[34.3025,1.1049],[34.3027,1.105],[34.3031,1.1052],[34.3037,1.1052],[34.3043,1.1052],[34.3046,1.1053],[34.305,1.1054],[34.3052,1.1052],[34.3056,1.105],[34.3055,1.1047],[34.3055,1.1044],[34.307,1.105],[34.3075,1.1053],[34.308,1.1055],[34.3082,1.1056],[34.3083,1.1055],[34.3086,1.1054],[34.309,1.1055],[34.3093,1.1055],[34.3096,1.1055],[34.3098,1.1053],[34.3099,1.1052],[34.3102,1.1049],[34.3101,1.1048],[34.3102,1.1046],[34.3103,1.1046],[34.3106,1.1045],[34.3106,1.1043],[34.3105,1.104],[34.3104,1.1035],[34.3107,1.1035],[34.311,1.1037],[34.3115,1.1036],[34.312,1.1035],[34.3123,1.1034],[34.3125,1.1034],[34.3128,1.1034],[34.3129,1.1036],[34.3131,1.1039],[34.3136,1.104],[34.3139,1.1039],[34.3138,1.1038],[34.3137,1.1037],[34.3143,1.1036],[34.3146,1.104],[34.315,1.1042],[34.3155,1.1041],[34.3156,1.1039],[34.3158,1.1035],[34.3159,1.1032],[34.3159,1.103],[34.316,1.1026],[34.3159,1.1024],[34.3155,1.1022],[34.3153,1.1021],[34.3152,1.1019],[34.3151,1.1018],[34.3152,1.1016],[34.3155,1.1011],[34.3157,1.1009],[34.3161,1.1008],[34.3162,1.1009],[34.3168,1.1013],[34.3179,1.1016],[34.318,1.1017],[34.3184,1.1021],[34.3187,1.1026],[34.3189,1.1028],[34.3193,1.1028],[34.3195,1.1028],[34.3196,1.1027],[34.3198,1.1025],[34.32,1.1023],[34.3201,1.1021],[34.3205,1.102],[34.3206,1.1021],[34.3206,1.1022],[34.3205,1.1026],[34.3209,1.103],[34.3211,1.1028],[34.3213,1.1022],[34.3214,1.1021],[34.3217,1.1021],[34.3219,1.1021],[34.3224,1.1019],[34.3226,1.102],[34.3232,1.1021],[34.3232,1.1019],[34.3233,1.1018],[34.3234,1.1018],[34.3235,1.1017],[34.3237,1.1017]]],[[[34.52687777778313,1.129300000000298],[34.5269,1.1293],[34.5268,1.13],[34.52687777778313,1.129300000000298]]]]},"properties":{"name":"Sironko District","id":"wJ2a6YKDFZW"}},
{"type":"Feature","geometry":{"type":"MultiPolygon","coordinates":[[[[31.4597,2.6781],[31.460137625707503,2.657665489595724],[31.448992003718512,2.641267216694684],[31.434722899999063,2.632862575967134],[31.434351394787775,2.624964098717733],[31.443867797181785,2.608724088432505],[31.46009746911168,2.597790366313999],[31.473373223880884,2.599662826168025],[31.484580503679656,2.608794684467831],[31.489586503746718,2.605440617641553],[31.4880417228975,2.600707063375454],[31.47492221768494,2.589115264760402],[31.46514282946914,2.584104962040205],[31.472463619137717,2.560524782267882],[31.47376575553243,2.547027450885064],[31.470166257033693,2.539176162077853],[31.472209433048214,2.532748653924946],[31.483778743889836,2.513203337329478],[31.497559721246706,2.507922381994037],[31.52592438134668,2.503676089874099],[31.532625131044302,2.489421846929889],[31.532633232869642,2.482087318999032],[31.525360237071833,2.464557294593124],[31.499128338323985,2.454063881754932],[31.486098728361906,2.441707473584765],[31.480695491107877,2.416628660135919],[31.47961391748187,2.387212249498743],[31.487274350479712,2.386100139366923],[31.473241946613037,2.356669430519574],[31.45154344212922,2.333673968921573],[31.406031492296442,2.314013374209801],[31.38655479446439,2.298723990113718],[31.37125898888746,2.280217935287142],[31.37060792631905,2.267552621004359],[31.38894229040591,2.248837783309788],[31.413431052515744,2.247822196313932],[31.425992887598184,2.253309880823807],[31.440244719713203,2.253846732033991],[31.450081987433148,2.263241703789953],[31.456044415080925,2.261032350853548],[31.45282019798167,2.246691549369468],[31.45502707648861,2.242914124534354],[31.46843734347544,2.242863016611297],[31.477822174580197,2.251280082708489],[31.491551030490236,2.256638323194986],[31.505162357683993,2.256484293295111],[31.52504700211005,2.26412809139892],[31.54219457432675,2.282392839446546],[31.563409133292858,2.291876077606054],[31.588334084581593,2.288801032146687],[31.600349625941654,2.278950457971343],[31.61082394382468,2.277861184562969],[31.621840156488823,2.282821167039815],[31.6389108409299,2.268508599458988],[31.644854759314313,2.266822016435612],[31.65358861128407,2.276232138977793],[31.665399044905076,2.281674527450587],[31.691215779540773,2.284365467844578],[31.696900718490866,2.295182616692994],[31.718286194221346,2.29766537401851],[31.74254360270831,2.305988650940959],[31.751205329534514,2.315554351079915],[31.76072920483897,2.320685924697273],[31.76481450439766,2.331512774268489],[31.774652530140223,2.339126642143127],[31.78112129467471,2.33972589287769],[31.784524122202384,2.34705936570015],[31.805809069766635,2.364522583037769],[31.833548207046356,2.376281982857772],[31.848117577775678,2.367473956093343],[31.85768323065468,2.374556512333243],[31.869000304858748,2.367148367817205],[31.881276637267707,2.37101993204036],[31.906850204638676,2.368190010822841],[31.917922778759987,2.375465142761024],[31.937078589978125,2.353400356448166],[31.94351520765029,2.351821160443757],[31.944481328293183,2.347004819814511],[31.954401238453094,2.348772257341873],[31.962468401342665,2.343307649946742],[31.96764254877733,2.33377027116989],[31.97968487595697,2.334209062481384],[31.981390079091625,2.326449635558212],[31.991043623596997,2.32503275222506],[31.99853209838319,2.318141556491279],[32.013017674047425,2.315268147410222],[32.02387517588453,2.296415111274698],[32.025398973325345,2.283774856972895],[32.031735427582824,2.284912159433056],[32.03968487242977,2.29123184205021],[32.05243077326048,2.292148644720459],[32.06129465479213,2.282767645617477],[32.06583561046614,2.283703484479251],[32.08165539554688,2.273940094916736],[32.09365907878705,2.260070540558271],[32.109675572440466,2.252920816364508],[32.13150011021748,2.250879178989672],[32.152861535997154,2.228869167234245],[32.161847005257236,2.230917931881735],[32.187064981655396,2.224826782502478],[32.219568187341814,2.252485785842617],[32.24402455058667,2.251829884056054],[32.2559,2.2593],[32.2552,2.261],[32.2555,2.2619],[32.2542,2.2645],[32.2541,2.2669],[32.2538,2.2682],[32.2535,2.2701],[32.2528,2.2716],[32.2519,2.2726],[32.2516,2.2742],[32.2506,2.2758],[32.2493,2.278],[32.249,2.2785],[32.2484,2.2814],[32.2482,2.282],[32.2479,2.2823],[32.2468,2.2838],[32.2459,2.2846],[32.2454,2.2846],[32.2447,2.2854],[32.2438,2.2857],[32.2427,2.2864],[32.2426,2.287],[32.2422,2.2888],[32.2422,2.29],[32.2432,2.2919],[32.2439,2.2935],[32.2441,2.2943],[32.243,2.3018],[32.2429,2.3022],[32.2416,2.3045],[32.2409,2.3055],[32.24,2.3068],[32.2396,2.3074],[32.2397,2.3078],[32.2394,2.3099],[32.2389,2.3115],[32.2388,2.3119],[32.2367,2.3166],[32.2366,2.3168],[32.2352,2.3192],[32.2349,2.3201],[32.2342,2.3223],[32.2341,2.3227],[32.2333,2.3253],[32.2333,2.3259],[32.2329,2.3271],[32.2319,2.3307],[32.2315,2.3335],[32.2316,2.3349],[32.2315,2.3356],[32.2311,2.3367],[32.2311,2.3407],[32.2311,2.3414],[32.231,2.3431],[32.2314,2.346],[32.2334,2.3505],[32.2335,2.3541],[32.2332,2.3553],[32.2335,2.3566],[32.2337,2.357],[32.2335,2.3585],[32.2331,2.3589],[32.2329,2.3594],[32.2325,2.3607],[32.2326,2.3617],[32.232,2.3627],[32.2314,2.3646],[32.2311,2.3663],[32.2311,2.3665],[32.2311,2.3677],[32.231,2.3678],[32.2305,2.3695],[32.2304,2.3705],[32.2304,2.3716],[32.2308,2.3735],[32.2317,2.3768],[32.2319,2.3775],[32.2316,2.3781],[32.2313,2.3811],[32.2311,2.3819],[32.2318,2.3868],[32.2318,2.3873],[32.2316,2.3883],[32.2309,2.3921],[32.2303,2.3967],[32.2303,2.3969],[32.2299,2.4016],[32.228,2.4068],[32.2292,2.4117],[32.2308,2.413],[32.2312,2.4134],[32.2323,2.4147],[32.2328,2.4164],[32.2328,2.4171],[32.2335,2.4215],[32.2331,2.4249],[32.2318,2.4299],[32.2292,2.4359],[32.2288,2.4377],[32.2286,2.4386],[32.2288,2.4399],[32.2297,2.4437],[32.2292,2.4486],[32.2286,2.4534],[32.229,2.4577],[32.2294,2.4586],[32.23,2.4603],[32.2301,2.4634],[32.2301,2.4696],[32.2294,2.474],[32.2287,2.4765],[32.2287,2.4907],[32.2301,2.498],[32.228,2.5019],[32.2277,2.5032],[32.2277,2.5053],[32.2283,2.5062],[32.2292,2.5075],[32.2318,2.5107],[32.2325,2.5119],[32.2335,2.5127],[32.235,2.5137],[32.2372,2.5132],[32.2389,2.5131],[32.2425,2.5152],[32.2468,2.518],[32.248,2.518],[32.2534,2.5168],[32.2567,2.515],[32.2605,2.513],[32.2684,2.5103],[32.272,2.5104],[32.2767,2.5105],[32.282,2.511],[32.2909,2.5105],[32.2932,2.5076],[32.2968,2.5047],[32.2971,2.5045],[32.2945,2.5066],[32.2915,2.5098],[32.2909,2.5107],[32.2897,2.5124],[32.2892,2.5143],[32.2875,2.5193],[32.2834,2.5214],[32.2795,2.5225],[32.2768,2.5238],[32.2739,2.5263],[32.2719,2.5291],[32.2717,2.5413],[32.266,2.5476],[32.2645,2.5507],[32.2626,2.5544],[32.2619,2.5563],[32.2617,2.5615],[32.2622,2.5629],[32.2627,2.5643],[32.2624,2.5655],[32.2625,2.5668],[32.262,2.568],[32.2619,2.5691],[32.2617,2.5697],[32.2626,2.5725],[32.2636,2.574],[32.264,2.5745],[32.2636,2.5771],[32.2633,2.5802],[32.2634,2.5817],[32.265,2.5867],[32.2642,2.5879],[32.2631,2.5888],[32.2622,2.5894],[32.2595,2.5908],[32.2615,2.5929],[32.2621,2.5935],[32.2626,2.5943],[32.2588,2.6017],[32.2587,2.604],[32.2587,2.6055],[32.2577,2.6078],[32.2573,2.6083],[32.2557,2.6099],[32.2548,2.6114],[32.2541,2.6138],[32.2525,2.6162],[32.2517,2.6172],[32.2507,2.6188],[32.25,2.6185],[32.2482,2.6185],[32.247,2.6186],[32.2467,2.619],[32.2447,2.6197],[32.2436,2.62],[32.2425,2.6206],[32.2422,2.6209],[32.2417,2.6212],[32.2407,2.6214],[32.24,2.6217],[32.2383,2.6222],[32.2375,2.6228],[32.2362,2.6231],[32.2357,2.623],[32.2339,2.6228],[32.2329,2.6224],[32.2321,2.6219],[32.2318,2.6217],[32.2302,2.6207],[32.2299,2.6204],[32.2283,2.6199],[32.2251,2.6194],[32.2205,2.6187],[32.2164,2.6179],[32.2103,2.6196],[32.2079,2.621],[32.2048,2.6218],[32.2036,2.6212],[32.201,2.6201],[32.2006,2.6199],[32.2003,2.6195],[32.1992,2.6191],[32.1984,2.6192],[32.1977,2.6189],[32.1967,2.6192],[32.1962,2.6191],[32.1951,2.6191],[32.1947,2.619],[32.1941,2.6186],[32.1932,2.6184],[32.1928,2.6184],[32.1926,2.6184],[32.1924,2.6182],[32.1884,2.6215],[32.187,2.623],[32.1848,2.627],[32.1852,2.6275],[32.1858,2.6287],[32.1865,2.6293],[32.1867,2.6298],[32.1877,2.6302],[32.1866,2.6328],[32.1841,2.634],[32.1829,2.6356],[32.1819,2.6361],[32.1814,2.6378],[32.1814,2.6384],[32.1816,2.6415],[32.1813,2.642],[32.1808,2.6425],[32.1801,2.6443],[32.1793,2.6462],[32.1786,2.6471],[32.1783,2.6474],[32.1762,2.6496],[32.1755,2.651],[32.1746,2.6527],[32.1721,2.6554],[32.1717,2.656],[32.1717,2.6566],[32.1712,2.6585],[32.1697,2.6628],[32.1692,2.6635],[32.1692,2.6641],[32.1686,2.6649],[32.1669,2.666],[32.1667,2.666],[32.1661,2.6661],[32.1657,2.666],[32.1656,2.666],[32.1645,2.6661],[32.1638,2.667],[32.1637,2.6676],[32.1633,2.6673],[32.1627,2.6677],[32.1617,2.6684],[32.1613,2.6685],[32.1609,2.6689],[32.1606,2.669],[32.1603,2.6688],[32.1586,2.6701],[32.1584,2.6701],[32.1575,2.6705],[32.1574,2.6711],[32.157,2.672],[32.1564,2.6725],[32.1562,2.6731],[32.1553,2.6736],[32.1545,2.6734],[32.1543,2.6736],[32.1536,2.674],[32.153,2.675],[32.1523,2.6749],[32.1518,2.6759],[32.1512,2.6765],[32.151,2.6771],[32.1505,2.6775],[32.1505,2.6778],[32.1501,2.6783],[32.1493,2.6787],[32.1489,2.6785],[32.149,2.6792],[32.1491,2.6795],[32.1488,2.6796],[32.1485,2.6795],[32.1484,2.6792],[32.1481,2.6795],[32.1481,2.6796],[32.1477,2.6796],[32.1475,2.6799],[32.1474,2.6801],[32.1471,2.6801],[32.1467,2.6805],[32.1452,2.6825],[32.1452,2.683],[32.145,2.6832],[32.1443,2.6831],[32.1437,2.6832],[32.1433,2.6832],[32.1431,2.6834],[32.1424,2.6847],[32.1426,2.6852],[32.1421,2.686],[32.1414,2.6872],[32.1411,2.6876],[32.1411,2.6882],[32.1408,2.6882],[32.1406,2.6879],[32.1404,2.6881],[32.1393,2.689],[32.1392,2.6894],[32.1383,2.6898],[32.1379,2.6896],[32.1377,2.6898],[32.1372,2.6903],[32.136,2.6908],[32.1359,2.6913],[32.136,2.6915],[32.1348,2.6912],[32.1346,2.6917],[32.1342,2.6925],[32.1337,2.6928],[32.1333,2.6925],[32.1333,2.6933],[32.1329,2.6933],[32.1325,2.6926],[32.1311,2.6934],[32.1309,2.6935],[32.1305,2.6938],[32.1301,2.6942],[32.1298,2.6944],[32.1293,2.6943],[32.1291,2.6946],[32.1288,2.6948],[32.1285,2.6942],[32.1282,2.6941],[32.1281,2.6938],[32.1266,2.6924],[32.1254,2.6921],[32.1258,2.6931],[32.1264,2.6936],[32.1268,2.6949],[32.1281,2.6962],[32.1286,2.696],[32.129,2.6965],[32.1288,2.6974],[32.1286,2.6982],[32.1304,2.6998],[32.1305,2.7],[32.1307,2.7001],[32.1319,2.7004],[32.1319,2.701],[32.1314,2.7015],[32.1326,2.7023],[32.1322,2.7031],[32.1323,2.7034],[32.1334,2.7045],[32.1337,2.7046],[32.1348,2.7047],[32.1347,2.7052],[32.1349,2.7055],[32.1351,2.7054],[32.1354,2.7051],[32.1355,2.7051],[32.1366,2.7057],[32.1367,2.7065],[32.1373,2.7064],[32.1378,2.7068],[32.1376,2.7071],[32.1377,2.7081],[32.1384,2.7081],[32.1387,2.7086],[32.1395,2.709],[32.1398,2.7101],[32.1402,2.7102],[32.141,2.7104],[32.1419,2.7109],[32.1424,2.7108],[32.1425,2.7108],[32.1433,2.7111],[32.1438,2.7113],[32.1453,2.7115],[32.1462,2.7128],[32.1464,2.7128],[32.1466,2.7128],[32.1469,2.7129],[32.1482,2.7137],[32.1491,2.7131],[32.1502,2.714],[32.1496,2.7153],[32.1506,2.7164],[32.1512,2.7162],[32.1521,2.7165],[32.1533,2.7166],[32.1538,2.7174],[32.1544,2.7172],[32.1548,2.7172],[32.1551,2.7173],[32.161,2.7186],[32.1613,2.7183],[32.1618,2.7181],[32.1625,2.7185],[32.1627,2.7182],[32.1632,2.7178],[32.1649,2.7182],[32.1652,2.7183],[32.1657,2.7183],[32.1666,2.7186],[32.1675,2.7192],[32.1684,2.7198],[32.1686,2.7197],[32.1702,2.7216],[32.1708,2.7222],[32.1713,2.722],[32.1714,2.722],[32.1722,2.7223],[32.1723,2.7224],[32.172,2.7242],[32.1715,2.7259],[32.1712,2.7269],[32.1717,2.7287],[32.1708,2.7297],[32.1711,2.7312],[32.1722,2.7319],[32.1726,2.7334],[32.1724,2.7339],[32.1727,2.7345],[32.1728,2.7348],[32.1728,2.7357],[32.1732,2.7364],[32.1733,2.7371],[32.1736,2.7377],[32.1741,2.7374],[32.1742,2.7376],[32.1743,2.738],[32.1745,2.7387],[32.1747,2.74],[32.1742,2.7415],[32.1741,2.7431],[32.1755,2.7447],[32.1762,2.7452],[32.1783,2.7467],[32.1786,2.747],[32.1796,2.7511],[32.1798,2.7515],[32.1804,2.7527],[32.1818,2.7549],[32.1863,2.7605],[32.1883,2.7626],[32.1893,2.7622],[32.1914,2.7618],[32.192,2.7617],[32.1936,2.7613],[32.1952,2.7604],[32.1962,2.7599],[32.1979,2.7584],[32.1985,2.7578],[32.1986,2.758],[32.199,2.7594],[32.1983,2.7615],[32.1982,2.764],[32.1982,2.7656],[32.198,2.7659],[32.1981,2.7671],[32.1976,2.7689],[32.1977,2.7695],[32.1971,2.7719],[32.1966,2.7739],[32.1964,2.775],[32.1959,2.7758],[32.1952,2.7763],[32.1948,2.7773],[32.1941,2.7783],[32.1937,2.7784],[32.1931,2.7786],[32.1802,2.7799],[32.1742,2.7789],[32.1706,2.778],[32.1672,2.7773],[32.1577,2.7774],[32.154,2.7774],[32.1509,2.776],[32.1477,2.775],[32.1445,2.7737],[32.1444,2.7729],[32.1444,2.7718],[32.1411,2.7687],[32.1395,2.7679],[32.1385,2.7677],[32.1381,2.7674],[32.1369,2.7671],[32.1362,2.7673],[32.1329,2.7714],[32.1329,2.7721],[32.1326,2.7727],[32.1326,2.7738],[32.1325,2.7742],[32.1317,2.775],[32.1315,2.7756],[32.1314,2.776],[32.131,2.7763],[32.1309,2.7765],[32.1308,2.7774],[32.1309,2.7779],[32.1304,2.7785],[32.1305,2.7788],[32.1301,2.7797],[32.1299,2.7813],[32.1295,2.7822],[32.1294,2.7826],[32.1286,2.7827],[32.1271,2.7835],[32.126,2.7837],[32.1252,2.7836],[32.1236,2.7844],[32.1234,2.7858],[32.1221,2.7881],[32.1219,2.7893],[32.1216,2.7898],[32.1206,2.7903],[32.1189,2.7944],[32.1184,2.7949],[32.118,2.7965],[32.1163,2.7989],[32.1156,2.8002],[32.1147,2.8007],[32.1143,2.8017],[32.1133,2.8028],[32.1104,2.8044],[32.1087,2.8047],[32.1066,2.8047],[32.105,2.804],[32.1036,2.8044],[32.1034,2.8037],[32.1019,2.804],[32.1012,2.8043],[32.1005,2.8044],[32.0987,2.8049],[32.097,2.8056],[32.0964,2.8062],[32.0958,2.8062],[32.0948,2.8059],[32.0943,2.8057],[32.0939,2.8055],[32.0932,2.8051],[32.0925,2.8052],[32.0914,2.8051],[32.0893,2.8042],[32.0888,2.804],[32.088,2.803],[32.0878,2.8024],[32.0872,2.8019],[32.0866,2.8017],[32.0862,2.8018],[32.0851,2.8018],[32.0847,2.802],[32.0835,2.8016],[32.0824,2.8012],[32.082,2.8011],[32.0809,2.8006],[32.0804,2.8006],[32.08,2.8003],[32.079,2.8003],[32.0786,2.7999],[32.0778,2.7998],[32.0777,2.7996],[32.077,2.799],[32.0764,2.7981],[32.0762,2.7979],[32.076,2.797],[32.0759,2.7965],[32.075,2.7962],[32.075,2.7949],[32.073,2.7935],[32.0726,2.7932],[32.0722,2.7931],[32.0708,2.793],[32.0698,2.7931],[32.0696,2.7934],[32.0683,2.7937],[32.068,2.7932],[32.068,2.793],[32.0678,2.7928],[32.0676,2.7928],[32.0674,2.7929],[32.0663,2.7924],[32.0637,2.7908],[32.0613,2.7895],[32.0603,2.7883],[32.0581,2.7875],[32.056,2.787],[32.0557,2.7868],[32.0545,2.7868],[32.0543,2.7865],[32.0521,2.7862],[32.049,2.7863],[32.0486,2.7863],[32.0482,2.7839],[32.0463,2.7817],[32.0463,2.7808],[32.0464,2.7803],[32.0464,2.7791],[32.046,2.7785],[32.0455,2.7779],[32.0449,2.7778],[32.0445,2.7773],[32.0438,2.7769],[32.0428,2.776],[32.0425,2.7759],[32.0422,2.776],[32.0414,2.7766],[32.0412,2.7761],[32.0408,2.7751],[32.0403,2.7749],[32.0393,2.7746],[32.0386,2.7731],[32.038,2.7726],[32.0373,2.7726],[32.0347,2.7732],[32.0338,2.7724],[32.0331,2.7716],[32.0321,2.7714],[32.0315,2.771],[32.0312,2.7705],[32.0303,2.7701],[32.0303,2.7689],[32.0297,2.7683],[32.029,2.7683],[32.0285,2.7678],[32.0265,2.7681],[32.026,2.7685],[32.0256,2.7683],[32.0221,2.7702],[32.0209,2.7703],[32.0132,2.7772],[32.0118,2.7791],[32.0105,2.7794],[32.0093,2.7795],[32.008,2.7795],[32.0061,2.7802],[32.0049,2.7806],[31.9998,2.7828],[31.9915,2.787],[31.9876,2.7876],[31.9859,2.7876],[31.9807,2.7885],[31.9789,2.789],[31.9765,2.7887],[31.9768,2.7884],[31.9762,2.7874],[31.976,2.7869],[31.9741,2.786],[31.9727,2.7849],[31.9723,2.7847],[31.9727,2.7842],[31.972,2.7838],[31.9726,2.7836],[31.9719,2.7826],[31.9712,2.783],[31.9701,2.7829],[31.9693,2.7821],[31.9685,2.7821],[31.9677,2.7814],[31.9674,2.7815],[31.9675,2.7825],[31.9661,2.782],[31.9654,2.7805],[31.9647,2.7808],[31.96286505364493,2.778574523144414],[31.9622,2.7846],[31.9604,2.7868],[31.959,2.7878],[31.9556,2.7891],[31.9552,2.7897],[31.9501,2.7909],[31.9477,2.7912],[31.9451,2.793],[31.9445,2.7935],[31.9375,2.7956],[31.9299,2.7968],[31.9278,2.795],[31.9266,2.7949],[31.9259,2.7947],[31.9255,2.7949],[31.9244,2.7947],[31.9242,2.7947],[31.9233,2.7942],[31.9221,2.7936],[31.9217,2.7937],[31.9212,2.7935],[31.9209,2.7931],[31.9203,2.7931],[31.9197,2.7934],[31.9193,2.7937],[31.9184,2.7935],[31.9177,2.7935],[31.9173,2.7937],[31.9164,2.7939],[31.9157,2.7938],[31.915,2.7937],[31.9145,2.793],[31.9134,2.7927],[31.9133,2.7926],[31.9127,2.7934],[31.9113,2.7938],[31.9107,2.7937],[31.9092,2.7942],[31.9079,2.7936],[31.9062,2.793],[31.906,2.7926],[31.9037,2.7928],[31.9033,2.7925],[31.9027,2.7917],[31.9028,2.7915],[31.9018,2.7907],[31.9007,2.7895],[31.9005,2.7889],[31.9013,2.7866],[31.9,2.7859],[31.8994,2.7823],[31.8981,2.7823],[31.8985,2.7815],[31.8995,2.7786],[31.8985,2.7784],[31.8976,2.7788],[31.8944,2.7787],[31.8922,2.7789],[31.8917,2.7794],[31.8911,2.7805],[31.8905,2.7807],[31.89,2.7813],[31.889,2.7821],[31.8882,2.7827],[31.8879,2.7831],[31.8864,2.7827],[31.8858,2.783],[31.8833,2.7826],[31.8827,2.7828],[31.8769,2.7846],[31.8736,2.7837],[31.8734,2.7836],[31.8724,2.7842],[31.8712,2.7854],[31.8704,2.7861],[31.8701,2.786],[31.8692,2.7861],[31.868,2.7865],[31.8668,2.7872],[31.8661,2.7873],[31.8653,2.787],[31.8638,2.7874],[31.8627,2.7872],[31.8615,2.7871],[31.8594,2.7889],[31.8548,2.7887],[31.8534,2.7887],[31.8439,2.7911],[31.841,2.7918],[31.8388,2.7918],[31.8342,2.792],[31.833,2.7922],[31.8317,2.793],[31.8254,2.7946],[31.823,2.7958],[31.8221,2.7985],[31.821,2.8001],[31.8171,2.8018],[31.8158,2.8022],[31.8134,2.8022],[31.8125,2.8024],[31.8115,2.802],[31.8109,2.8022],[31.8105,2.8024],[31.8089,2.8032],[31.8086,2.8032],[31.8083,2.8034],[31.8081,2.8035],[31.8073,2.8041],[31.8066,2.8042],[31.8055,2.8049],[31.8049,2.8052],[31.8036,2.8066],[31.8033,2.8073],[31.8032,2.808],[31.8031,2.8089],[31.8022,2.8104],[31.8016,2.8105],[31.8009,2.81],[31.8007,2.8103],[31.8004,2.8109],[31.8004,2.8112],[31.8005,2.8115],[31.8006,2.8119],[31.8002,2.8121],[31.7994,2.8132],[31.7987,2.8137],[31.7988,2.8142],[31.7986,2.8144],[31.7981,2.8149],[31.7979,2.8156],[31.7977,2.8162],[31.7979,2.8171],[31.7976,2.8175],[31.7976,2.8178],[31.7973,2.8179],[31.797,2.8178],[31.7966,2.8177],[31.7963,2.8178],[31.795,2.8184],[31.7945,2.8186],[31.7918,2.8197],[31.7902,2.8206],[31.7904,2.8209],[31.79,2.8213],[31.7898,2.8215],[31.7897,2.8215],[31.7892,2.8218],[31.7882,2.8219],[31.7877,2.8221],[31.7877,2.8226],[31.7874,2.8226],[31.7866,2.8233],[31.7862,2.8237],[31.7852,2.8243],[31.7858,2.8265],[31.7857,2.8266],[31.7803,2.8282],[31.7779,2.8291],[31.7777,2.8291],[31.7772,2.8296],[31.7766,2.8296],[31.7766,2.8293],[31.7765,2.8291],[31.7756,2.829],[31.7755,2.8292],[31.7747,2.8294],[31.7742,2.8288],[31.7738,2.8285],[31.7731,2.8281],[31.7728,2.8281],[31.7707,2.8283],[31.7703,2.8288],[31.7707,2.8291],[31.7708,2.8294],[31.7695,2.8294],[31.7687,2.8292],[31.7681,2.8292],[31.7674,2.8296],[31.7671,2.8294],[31.7658,2.8287],[31.7651,2.8289],[31.7644,2.8296],[31.7625,2.8298],[31.7621,2.8308],[31.7618,2.8319],[31.7603,2.8332],[31.76,2.8334],[31.7588,2.8326],[31.7578,2.8326],[31.7557,2.8333],[31.754,2.8337],[31.7524,2.834],[31.7523,2.8341],[31.7516,2.8332],[31.7512,2.8323],[31.7519,2.8315],[31.7514,2.8299],[31.752,2.8295],[31.7517,2.8283],[31.7507,2.8276],[31.7489,2.8269],[31.7477,2.8268],[31.7473,2.8274],[31.7463,2.8283],[31.746,2.8286],[31.7466,2.8294],[31.7472,2.8296],[31.7476,2.8303],[31.747,2.8303],[31.7463,2.8302],[31.7461,2.8306],[31.7461,2.8315],[31.7457,2.8321],[31.7435,2.8323],[31.7434,2.8331],[31.7393,2.8332],[31.7387,2.8328],[31.7381,2.8328],[31.7363,2.8319],[31.7353,2.8308],[31.7344,2.8302],[31.733,2.8299],[31.732,2.8297],[31.73,2.8279],[31.7282,2.8284],[31.7259,2.8273],[31.723,2.8275],[31.7218,2.8294],[31.7209,2.829],[31.72,2.8289],[31.7185,2.8295],[31.7169,2.8312],[31.7162,2.8315],[31.7132,2.8314],[31.7111,2.8305],[31.713,2.8279],[31.7144,2.8263],[31.7139,2.8259],[31.7135,2.8261],[31.7131,2.8266],[31.7124,2.8261],[31.7126,2.8248],[31.7119,2.8243],[31.711,2.8235],[31.71,2.8231],[31.7088,2.8228],[31.7071,2.8235],[31.706,2.8227],[31.7056,2.8221],[31.7057,2.8215],[31.7082,2.8196],[31.7072,2.8189],[31.706,2.8193],[31.7041,2.8202],[31.7033,2.8205],[31.7022,2.8227],[31.701,2.8236],[31.6998,2.8232],[31.6994,2.8222],[31.6967,2.8213],[31.6948,2.8203],[31.6938,2.8193],[31.693,2.8184],[31.6932,2.8169],[31.6915,2.8144],[31.6911,2.813],[31.6914,2.8114],[31.6898,2.8092],[31.688,2.8086],[31.6871,2.8051],[31.685,2.8045],[31.6844,2.8028],[31.683,2.8029],[31.6828,2.8046],[31.683,2.8051],[31.6822,2.806],[31.6798,2.8043],[31.6787,2.8037],[31.6771,2.8036],[31.6735,2.8004],[31.6724,2.7992],[31.6695,2.7987],[31.6686,2.7992],[31.6674,2.7996],[31.6651,2.7995],[31.6619,2.8007],[31.66,2.8012],[31.6599,2.8028],[31.6601,2.8039],[31.6592,2.8049],[31.6586,2.8062],[31.6574,2.8071],[31.6564,2.808],[31.6563,2.8087],[31.657,2.8102],[31.6573,2.8111],[31.6558,2.8127],[31.6558,2.8132],[31.6584,2.8137],[31.6581,2.8138],[31.6569,2.8147],[31.6541,2.8162],[31.6537,2.8153],[31.6533,2.8138],[31.6528,2.815],[31.651,2.8156],[31.6502,2.8155],[31.6494,2.8167],[31.6465,2.815],[31.6465,2.8136],[31.645,2.8136],[31.6432,2.8156],[31.6422,2.816],[31.6422,2.8162],[31.643,2.8173],[31.642,2.8183],[31.6404,2.8184],[31.6397,2.8182],[31.6387,2.8179],[31.6379,2.8169],[31.6372,2.818],[31.6367,2.8176],[31.6367,2.8163],[31.6349,2.8151],[31.6343,2.8143],[31.6346,2.8129],[31.6323,2.8133],[31.6323,2.8144],[31.6315,2.816],[31.6305,2.8159],[31.6287,2.8137],[31.6267,2.8128],[31.6257,2.8107],[31.6262,2.8087],[31.6257,2.8082],[31.6238,2.8079],[31.6215,2.808],[31.622,2.8074],[31.6217,2.8059],[31.6209,2.8034],[31.6193,2.8018],[31.6121,2.8049],[31.6105,2.8054],[31.6049,2.8058],[31.6018,2.8049],[31.6011,2.8038],[31.6001,2.803],[31.5994,2.8029],[31.5994,2.8008],[31.5985,2.8002],[31.5972,2.7993],[31.6001,2.7966],[31.5957,2.7933],[31.5946,2.7931],[31.5928,2.7936],[31.5895,2.7922],[31.5887,2.7911],[31.5882,2.7908],[31.5877,2.7894],[31.5849,2.7881],[31.5826,2.7887],[31.5797,2.7904],[31.5792,2.7889],[31.5792,2.7885],[31.5801,2.7861],[31.5802,2.7855],[31.5798,2.7831],[31.5778,2.7815],[31.578,2.7805],[31.5756,2.7723],[31.5746,2.7718],[31.5735,2.7719],[31.571,2.7751],[31.571282513557353,2.778095081442792],[31.5711,2.7793],[31.5694,2.7798],[31.5683,2.7804],[31.5668,2.7809],[31.5653,2.7806],[31.5596,2.7767],[31.5586,2.7768],[31.5573,2.7764],[31.5572,2.7755],[31.5574,2.7748],[31.5573,2.774],[31.5542,2.7723],[31.5513,2.7699],[31.5502,2.7683],[31.5506,2.7673],[31.5514,2.7658],[31.5509,2.7654],[31.549,2.7642],[31.5477,2.7636],[31.5456,2.7649],[31.5445,2.7628],[31.5425,2.7606],[31.5405,2.7598],[31.5401,2.7594],[31.5391,2.759],[31.5373,2.757],[31.5365,2.756],[31.5348,2.7527],[31.5352,2.7518],[31.5364,2.752],[31.5377,2.7517],[31.5376,2.7509],[31.5364,2.7496],[31.5348,2.7499],[31.5346,2.7485],[31.5341,2.747],[31.5344,2.7467],[31.5351,2.7457],[31.5363,2.7455],[31.5367,2.7441],[31.5375,2.7442],[31.5383,2.7443],[31.5384,2.7436],[31.5382,2.7432],[31.5382,2.7421],[31.5372,2.7402],[31.5369,2.7392],[31.5364,2.739],[31.5355,2.7391],[31.5353,2.7399],[31.5353,2.7408],[31.5347,2.7413],[31.5312,2.7409],[31.5303,2.7421],[31.5289,2.7434],[31.5274,2.7396],[31.5284,2.7391],[31.5282,2.7383],[31.5259,2.7381],[31.5252,2.7379],[31.5253,2.7374],[31.5265,2.737],[31.5243,2.7353],[31.5259,2.735],[31.5258,2.7341],[31.5253,2.7338],[31.5233,2.7345],[31.5201,2.7352],[31.5182,2.7338],[31.5177,2.7321],[31.5185,2.7312],[31.5198,2.7305],[31.5206,2.7311],[31.5208,2.7322],[31.5216,2.7321],[31.5207,2.7299],[31.5182,2.7293],[31.5182,2.7288],[31.5199,2.7281],[31.5193,2.7268],[31.518,2.7267],[31.517,2.7264],[31.5162,2.7244],[31.515,2.7235],[31.5145,2.7242],[31.514,2.7241],[31.5144,2.7226],[31.5136,2.7225],[31.5061,2.7193],[31.5044,2.7196],[31.5035,2.7187],[31.5033,2.7175],[31.5024,2.7171],[31.502,2.7177],[31.502,2.7188],[31.5007,2.7194],[31.5001,2.719],[31.4993,2.7179],[31.4974,2.7168],[31.497,2.7171],[31.4958,2.716],[31.496,2.7138],[31.494,2.7149],[31.4929,2.7154],[31.4929,2.7142],[31.4907,2.7097],[31.49,2.7089],[31.4887,2.71],[31.4879,2.7093],[31.4879,2.7089],[31.4878,2.708],[31.4865,2.7055],[31.4854,2.7052],[31.4841,2.7041],[31.4834,2.7031],[31.4822,2.7026],[31.4817,2.7016],[31.4835,2.7008],[31.4849,2.6998],[31.486,2.6988],[31.4849,2.6985],[31.4841,2.6989],[31.4841,2.6969],[31.4849,2.6959],[31.4849,2.694],[31.4842,2.6927],[31.4813,2.6911],[31.482,2.689],[31.481,2.6874],[31.4816,2.6861],[31.4809,2.6852],[31.4803,2.6845],[31.4777,2.6825],[31.4768,2.6824],[31.476,2.6824],[31.4753,2.6819],[31.4735,2.6816],[31.4727,2.6811],[31.471,2.6799],[31.4711,2.6791],[31.4711,2.6786],[31.4699,2.6796],[31.4696,2.6801],[31.4692,2.6801],[31.4683,2.6807],[31.4679,2.6808],[31.4671,2.6804],[31.4665,2.6801],[31.4666,2.6795],[31.4663,2.6787],[31.465,2.6788],[31.4641,2.6792],[31.4636,2.6782],[31.4632,2.6783],[31.4625,2.6788],[31.4612,2.6775],[31.462,2.6765],[31.4615,2.6752],[31.4608,2.6755],[31.4597,2.6781]]],[[[31.4556,2.5693],[31.457157240928513,2.568144629671928],[31.449657270754432,2.579070978268715],[31.441331672153872,2.585038969942533],[31.4336,2.5862],[31.4346,2.5858],[31.4369,2.5848],[31.4444,2.5809],[31.4556,2.5693]]],[[[31.5256,2.2567],[31.528872873343545,2.259772873818616],[31.516386700848763,2.252771082937114],[31.492722769682867,2.251295652853995],[31.479899769934992,2.246980720663209],[31.470631330409383,2.237935529070403],[31.468126458854186,2.230284843597727],[31.465406711739053,2.229109110399691],[31.458281080316855,2.228580186976747],[31.458027573037917,2.228324632625654],[31.4582,2.2283],[31.4619,2.2274],[31.4645,2.2271],[31.4704,2.2281],[31.4817,2.2392],[31.4828,2.2406],[31.4865,2.2443],[31.4906,2.247],[31.4965,2.2487],[31.5008,2.2491],[31.5012,2.249],[31.5014,2.249],[31.5018,2.249],[31.502,2.2491],[31.5144,2.2516],[31.5201,2.254],[31.5256,2.2567]]],[[[31.580989532966342,2.284020737389159],[31.57009583986694,2.287179750126209],[31.5564,2.2849],[31.5648,2.2849],[31.5699,2.2852],[31.5716,2.2859],[31.5766,2.2852],[31.580989532966342,2.284020737389159]]],[[[31.651045128410303,2.261692206105296],[31.64420183296589,2.25949892575318],[31.63635321778541,2.261500851888421],[31.624571548305955,2.275395392123347],[31.603456502533632,2.272944003766331],[31.587492699209466,2.282921897503973],[31.5833,2.2831],[31.5886,2.2808],[31.5929,2.278],[31.5953,2.2761],[31.599,2.2737],[31.6019,2.2722],[31.6103,2.2719],[31.6193,2.2744],[31.6265,2.2728],[31.6294,2.2687],[31.6342,2.2613],[31.6445,2.2583],[31.651045128410303,2.261692206105296]]],[[[31.6523,2.2637],[31.654216153509033,2.265797663421834],[31.65319530847454,2.265540978208031],[31.652233066365287,2.26359290638684],[31.6523,2.2637]]],[[[31.6975,2.2809],[31.69700808248943,2.283098985826161],[31.694259636940544,2.280056421432493],[31.68321845756909,2.281239086477645],[31.66834553394713,2.276953952302252],[31.661050622754548,2.270679750482776],[31.6637,2.2722],[31.6664,2.2736],[31.6711,2.2746],[31.6769,2.2752],[31.6791,2.2762],[31.6831,2.2774],[31.6856,2.2782],[31.6874,2.2787],[31.6888,2.2781],[31.692,2.2764],[31.694,2.2758],[31.6969,2.2775],[31.6975,2.2809]]],[[[31.7849,2.3366],[31.771577447009477,2.332077541173868],[31.763516125173037,2.318453119379309],[31.743180276338183,2.301568763758242],[31.708004497412947,2.290488573361281],[31.69744963132382,2.291915677586054],[31.6982,2.2872],[31.6992,2.2889],[31.7067,2.287],[31.7095,2.2879],[31.7127,2.2888],[31.7155,2.2897],[31.7187,2.2904],[31.72,2.2906],[31.7224,2.2911],[31.7326,2.2941],[31.7345,2.2955],[31.7369,2.2967],[31.7392,2.2961],[31.7414,2.2956],[31.7427,2.2969],[31.7469,2.2995],[31.749,2.3008],[31.7504,2.3019],[31.7507,2.3023],[31.7512,2.3031],[31.751,2.3055],[31.7526,2.3081],[31.7531,2.3087],[31.7557,2.3102],[31.7593,2.3124],[31.7599,2.3127],[31.7635,2.3162],[31.7647,2.3202],[31.7665,2.3234],[31.7691,2.3271],[31.7717,2.3287],[31.7726,2.3291],[31.7762,2.3316],[31.7805,2.3314],[31.783,2.3327],[31.7847,2.3332],[31.7852,2.3337],[31.7852,2.3356],[31.7849,2.3366]]],[[[31.8547,2.364],[31.848312176569163,2.362198997999335],[31.832499004316148,2.371119914974776],[31.824136947457756,2.369295551160359],[31.803692089667997,2.3577574986712],[31.78768461597698,2.345089438206362],[31.786891159020097,2.341209989203405],[31.789,2.3425],[31.7898,2.3427],[31.7907,2.3428],[31.7918,2.343],[31.7945,2.3443],[31.7972,2.3461],[31.798,2.3471],[31.7986,2.3486],[31.8015,2.3514],[31.8034,2.3537],[31.8054,2.3553],[31.807,2.3568],[31.8105,2.3589],[31.8137,2.3594],[31.8212,2.3638],[31.8226,2.3644],[31.8242,2.365],[31.8255,2.3655],[31.827,2.3656],[31.8288,2.3659],[31.8308,2.3673],[31.8332,2.3692],[31.836,2.3671],[31.8373,2.3661],[31.8407,2.3645],[31.842,2.3643],[31.8468,2.3611],[31.8488,2.3594],[31.8495,2.359],[31.8513,2.3593],[31.8527,2.36],[31.854,2.3611],[31.8549,2.3632],[31.8547,2.364]]],[[[31.92855348262611,2.35782754123547],[31.924457010263183,2.364411228622934],[31.917213213240203,2.368930596541905],[31.908008956063597,2.363040641853586],[31.881104115596155,2.367137041988048],[31.86706480666319,2.362793122327977],[31.856619721966076,2.368555168545064],[31.8581,2.3664],[31.8652,2.3614],[31.8697,2.3592],[31.8706,2.3592],[31.8722,2.36],[31.8781,2.3619],[31.8811,2.363],[31.8821,2.3631],[31.8834,2.3629],[31.8857,2.3628],[31.8871,2.3629],[31.8895,2.3605],[31.8911,2.3598],[31.8924,2.3601],[31.8943,2.3605],[31.8949,2.3605],[31.8965,2.3607],[31.8969,2.3611],[31.899,2.3624],[31.9001,2.3626],[31.9016,2.3619],[31.9022,2.3616],[31.9055,2.3598],[31.9099,2.3595],[31.9117,2.3614],[31.913,2.3637],[31.9143,2.3647],[31.9154,2.3654],[31.9171,2.3658],[31.9197,2.3649],[31.921,2.3632],[31.9239,2.3621],[31.9257,2.3612],[31.9265,2.3608],[31.9278,2.359],[31.9283,2.358],[31.92855348262611,2.35782754123547]]],[[[31.933,2.3507],[31.93385638223709,2.349700781432577],[31.931622542160348,2.353409740363703],[31.933,2.3507]]],[[[31.940188164259908,2.343838999368763],[31.9351,2.3479],[31.9347,2.3463],[31.9358,2.3439],[31.9368,2.3432],[31.940188164259908,2.343838999368763]]],[[[31.9586,2.3382],[31.955690653880158,2.343740734002151],[31.9437,2.3426],[31.9427,2.3421],[31.9416,2.3413],[31.9417,2.3392],[31.9427,2.3388],[31.9443,2.3391],[31.9472,2.3391],[31.9481,2.339],[31.95,2.3392],[31.9512,2.3399],[31.9534,2.3406],[31.9539,2.3408],[31.955,2.341],[31.9586,2.3382]]],[[[31.9755,2.3264],[31.974419377543565,2.330299160449583],[31.96639296397221,2.329757303770135],[31.961876916409114,2.334303876219289],[31.9625,2.3324],[31.9633,2.3311],[31.9659,2.3266],[31.9678,2.3253],[31.9711,2.325],[31.9726,2.3268],[31.9734,2.3272],[31.9743,2.3271],[31.9755,2.3264]]],[[[32.0131,2.3065],[32.01500953833477,2.304590463456043],[32.01232781202787,2.310731469785317],[31.9950721612242,2.314161497174819],[31.989400331680024,2.321300197434939],[31.97855539055041,2.321404019481727],[31.9784,2.3203],[31.9785,2.3197],[31.979,2.3187],[31.9803,2.3179],[31.9813,2.3176],[31.9831,2.3174],[31.9847,2.3176],[31.9896,2.3184],[31.9909,2.3175],[31.9936,2.3145],[31.9955,2.3116],[32.0001,2.3098],[32.0024,2.3097],[32.008,2.3091],[32.0131,2.3065]]],[[[32.0848,2.2627],[32.0824539854841,2.266918360082402],[32.051072886502844,2.286159339079509],[32.040730629430605,2.287302387360118],[32.029681808888164,2.279378369835051],[32.0236,2.2798],[32.0247,2.2777],[32.0279,2.2762],[32.0329,2.2772],[32.0419,2.2841],[32.0506,2.2831],[32.0544,2.2816],[32.0565,2.2804],[32.0621,2.2763],[32.0688,2.2731],[32.0752,2.2689],[32.0776,2.2668],[32.0812,2.2646],[32.0848,2.2627]]],[[[32.0922,2.2547],[32.09765000396262,2.250997674783703],[32.09586126854458,2.253484988662032],[32.089315341618594,2.257441350981568],[32.08729416088283,2.260315297615846],[32.085983503298316,2.261132993583443],[32.0868,2.2601],[32.0901,2.2559],[32.0922,2.2547]]],[[[32.1427,2.2335],[32.13401578661821,2.239430535433633],[32.13305382210718,2.240461222995013],[32.12633569727837,2.245432009599299],[32.11501006721384,2.246970626462916],[32.10845306377971,2.246311560396536],[32.1104,2.2447],[32.1194,2.2459],[32.1203,2.2458],[32.1218,2.2451],[32.1238,2.2435],[32.1264,2.2425],[32.1278,2.243],[32.1287,2.2431],[32.1297,2.2425],[32.1305,2.2418],[32.1345,2.2388],[32.137,2.2362],[32.1427,2.2335]]],[[[32.2569,2.2531],[32.255651600863736,2.254382182303057],[32.24338418073718,2.248383161108378],[32.21962797821159,2.248384437534154],[32.187376735757056,2.220008688982602],[32.16612638580633,2.224838493979525],[32.155542833329804,2.222731462243332],[32.14686096713189,2.226051745460147],[32.1476,2.223],[32.1497,2.2215],[32.1616,2.2221],[32.1707,2.2208],[32.1726,2.2196],[32.1746,2.2183],[32.176,2.2183],[32.1785,2.2178],[32.1838,2.2172],[32.1892,2.217],[32.1904,2.2177],[32.1926,2.2238],[32.1969,2.2259],[32.1983,2.2263],[32.206,2.2314],[32.2112,2.2365],[32.2131,2.2378],[32.2135,2.2404],[32.2183,2.2429],[32.2197,2.243],[32.2216,2.2438],[32.2221,2.2443],[32.2229,2.2464],[32.2236,2.2464],[32.2237,2.2464],[32.2263,2.2463],[32.228,2.2457],[32.2298,2.2449],[32.2301,2.2446],[32.2308,2.2441],[32.2336,2.2436],[32.2349,2.2434],[32.2391,2.2425],[32.2415,2.2416],[32.2418,2.2415],[32.248,2.2443],[32.2504,2.2468],[32.2507,2.2468],[32.2507,2.2486],[32.2521,2.2509],[32.2548,2.2526],[32.2569,2.2531]]]]},"properties":{"name":"Nwoya District","id":"zNgVoDVPYgD"}},
{"type":"Feature","geometry":{"type":"MultiPolygon","coordinates":[[[[33.1369,2.2122],[33.1367,2.2125],[33.136825000285384,2.212274999762006],[33.1369,2.2122]]],[[[32.876,2.4756],[32.8761,2.4743],[32.8766,2.4738],[32.8782,2.4714],[32.878,2.471],[32.8778,2.4706],[32.8778,2.4702],[32.8782,2.4694],[32.8783,2.4684],[32.878,2.4664],[32.8785,2.465],[32.8791,2.4643],[32.8797,2.4639],[32.8802,2.4637],[32.8812,2.4633],[32.8816,2.4624],[32.8821,2.4607],[32.8821,2.4591],[32.8818,2.4569],[32.8827,2.4536],[32.883,2.4521],[32.8823,2.4492],[32.8832,2.4471],[32.8839,2.4462],[32.887,2.4446],[32.8883,2.4447],[32.8931,2.4442],[32.8943,2.4434],[32.8954,2.4422],[32.8958,2.4416],[32.8967,2.4407],[32.8974,2.4402],[32.8985,2.4394],[32.899,2.439],[32.8998,2.4378],[32.9002,2.4372],[32.9013,2.4356],[32.9027,2.4332],[32.9034,2.4315],[32.9045,2.4289],[32.9057,2.4271],[32.9063,2.4256],[32.9069,2.4232],[32.9082,2.4192],[32.9083,2.4187],[32.9088,2.4167],[32.9095,2.4146],[32.9103,2.413],[32.9103,2.4108],[32.9104,2.4096],[32.9117,2.4081],[32.9132,2.4069],[32.9135,2.4064],[32.913,2.405],[32.9127,2.4036],[32.9123,2.4027],[32.9122,2.4021],[32.9121,2.4],[32.9123,2.3989],[32.9134,2.397],[32.9134,2.3964],[32.9133,2.3959],[32.913,2.3954],[32.9139,2.3948],[32.9149,2.3946],[32.9156,2.3944],[32.9161,2.3938],[32.9165,2.3933],[32.9174,2.3922],[32.9183,2.3913],[32.9186,2.391],[32.9193,2.3903],[32.9211,2.3867],[32.9209,2.3858],[32.9206,2.3848],[32.9184,2.3793],[32.9182,2.3777],[32.9179,2.3749],[32.9174,2.3728],[32.9189,2.3702],[32.919,2.3692],[32.9188,2.368],[32.9188,2.3659],[32.9189,2.3645],[32.9188,2.3619],[32.9185,2.3587],[32.9185,2.3579],[32.9403,2.3574],[32.9631,2.3522],[32.9698,2.349],[32.9715,2.3387],[32.9825,2.3352],[32.9926,2.3362],[32.9973,2.3317],[32.9975,2.3331],[32.9976,2.3336],[32.9977,2.3344],[32.998,2.335],[32.9981,2.3357],[32.9982,2.3363],[32.9982,2.3364],[32.9982,2.3371],[32.9982,2.3372],[32.9981,2.3384],[32.9981,2.3386],[32.9983,2.3392],[32.9983,2.3398],[32.9982,2.3406],[32.9981,2.3414],[32.9979,2.342],[32.9979,2.3436],[32.9981,2.3452],[32.9981,2.3469],[32.9979,2.3471],[32.9977,2.3472],[32.9972,2.3475],[32.9965,2.3478],[32.9961,2.3479],[32.9942,2.3488],[32.9939,2.349],[32.9935,2.3492],[32.9927,2.3499],[32.9921,2.3504],[32.9918,2.3505],[32.9912,2.3509],[32.9905,2.3513],[32.9901,2.3515],[32.9898,2.3516],[32.989,2.3519],[32.9888,2.3521],[32.9871,2.3538],[32.9862,2.3542],[32.9822,2.3569],[32.9802,2.3591],[32.9803,2.3607],[32.9806,2.3638],[32.9809,2.3653],[32.9813,2.3676],[32.9824,2.3701],[32.9825,2.3722],[32.9815,2.3748],[32.9819,2.3781],[32.9827,2.3799],[32.9831,2.3804],[32.9834,2.3838],[32.9829,2.3889],[32.9828,2.3906],[32.9827,2.3964],[32.9844,2.3974],[32.9852,2.3985],[32.9858,2.3994],[32.9873,2.4012],[32.9903,2.403],[32.9907,2.405],[32.9949,2.4104],[32.9965,2.4125],[32.9985,2.4134],[32.9993,2.4137],[33.0007,2.4141],[33.0008,2.4141],[33.0027,2.4161],[33.0058,2.4222],[33.0075,2.4241],[33.0113,2.4284],[33.0125,2.4297],[33.0131,2.4302],[33.0139,2.431],[33.0147,2.4325],[33.0176,2.4327],[33.0182,2.4333],[33.0187,2.4347],[33.0189,2.4348],[33.0193,2.4352],[33.0196,2.4354],[33.02,2.4354],[33.0202,2.4355],[33.0204,2.4359],[33.0206,2.4361],[33.0207,2.4363],[33.0208,2.4365],[33.0208,2.4368],[33.0207,2.4369],[33.0204,2.4371],[33.0202,2.4373],[33.0202,2.4374],[33.0202,2.4376],[33.0202,2.4377],[33.0203,2.4378],[33.0205,2.438],[33.0207,2.4382],[33.0211,2.4382],[33.0212,2.4381],[33.0213,2.438],[33.022,2.438],[33.0222,2.4381],[33.0227,2.4387],[33.0233,2.4394],[33.0234,2.4396],[33.0239,2.4405],[33.024,2.4407],[33.0241,2.4408],[33.0244,2.4411],[33.025,2.4414],[33.0253,2.4414],[33.0255,2.4419],[33.0255,2.4422],[33.0255,2.4423],[33.0254,2.4427],[33.0254,2.4429],[33.0255,2.4451],[33.0252,2.4457],[33.0252,2.4459],[33.0248,2.4464],[33.0247,2.4465],[33.0247,2.4467],[33.0245,2.4468],[33.0243,2.4468],[33.0242,2.4469],[33.0242,2.447],[33.0242,2.4472],[33.024,2.4475],[33.0235,2.4477],[33.0232,2.4481],[33.0232,2.4483],[33.0229,2.4487],[33.0228,2.4488],[33.0224,2.4492],[33.0221,2.4495],[33.022,2.4496],[33.0219,2.4499],[33.0218,2.4504],[33.0214,2.4511],[33.0211,2.4517],[33.021,2.4518],[33.0209,2.452],[33.0208,2.4523],[33.0208,2.4525],[33.0208,2.4529],[33.0208,2.4533],[33.0207,2.4534],[33.0206,2.4535],[33.0202,2.4537],[33.0201,2.4538],[33.02,2.4541],[33.0199,2.4543],[33.0199,2.4544],[33.0199,2.4546],[33.02,2.4548],[33.0203,2.455],[33.0204,2.455],[33.0206,2.4551],[33.0211,2.4556],[33.0211,2.4558],[33.0212,2.4561],[33.0212,2.4563],[33.0212,2.4565],[33.0214,2.4568],[33.0215,2.457],[33.0216,2.4573],[33.0216,2.4576],[33.0217,2.4577],[33.0219,2.4581],[33.022,2.4583],[33.0221,2.4586],[33.0222,2.4591],[33.0222,2.4595],[33.0222,2.4599],[33.0223,2.46],[33.0224,2.4601],[33.0223,2.4605],[33.0223,2.4614],[33.0223,2.4617],[33.0224,2.462],[33.0224,2.4624],[33.0224,2.4636],[33.0223,2.464],[33.0223,2.4643],[33.0221,2.4648],[33.022,2.4651],[33.0218,2.4658],[33.0217,2.466],[33.0217,2.4661],[33.0216,2.4663],[33.0216,2.4664],[33.0215,2.4667],[33.0215,2.4668],[33.0214,2.4671],[33.0211,2.4679],[33.0209,2.4681],[33.0209,2.4683],[33.0208,2.4687],[33.0208,2.4688],[33.0206,2.469],[33.0204,2.4694],[33.0203,2.4697],[33.0202,2.4698],[33.0201,2.4701],[33.0201,2.4705],[33.02,2.4706],[33.0198,2.4709],[33.0199,2.4711],[33.0199,2.4712],[33.0198,2.4713],[33.0194,2.4714],[33.0193,2.4715],[33.0193,2.4718],[33.0192,2.4719],[33.019,2.472],[33.0189,2.4724],[33.0182,2.4725],[33.0181,2.4726],[33.0181,2.4729],[33.0181,2.4731],[33.0181,2.4733],[33.018,2.4734],[33.0176,2.4735],[33.0175,2.4737],[33.0175,2.4738],[33.0174,2.4739],[33.0172,2.474],[33.0168,2.474],[33.0167,2.4741],[33.0166,2.4742],[33.0161,2.4743],[33.0158,2.4742],[33.0156,2.4742],[33.0156,2.4768],[33.0157,2.4772],[33.0151,2.4781],[33.0149,2.4789],[33.0148,2.479],[33.0146,2.4793],[33.0145,2.4794],[33.0144,2.4795],[33.0144,2.4798],[33.0144,2.4803],[33.0144,2.4806],[33.0144,2.4814],[33.0142,2.4817],[33.014,2.482],[33.0134,2.4829],[33.0134,2.4834],[33.0131,2.4837],[33.0128,2.484],[33.0127,2.4841],[33.0126,2.4844],[33.0126,2.4845],[33.0126,2.4851],[33.0131,2.4857],[33.0134,2.4865],[33.0135,2.4875],[33.0136,2.4878],[33.0143,2.4885],[33.0144,2.4888],[33.0143,2.4891],[33.0141,2.4894],[33.0141,2.49],[33.0136,2.4914],[33.0127,2.4923],[33.0126,2.4925],[33.0125,2.493],[33.0125,2.4932],[33.0125,2.4936],[33.0124,2.4946],[33.0123,2.4956],[33.0112,2.4963],[33.0109,2.4963],[33.0105,2.4965],[33.0104,2.4967],[33.01,2.4971],[33.0097,2.4971],[33.0093,2.4973],[33.0083,2.498],[33.0073,2.4985],[33.005,2.4982],[33.0022,2.4983],[33.0015,2.5001],[33.0033,2.5014],[33.0042,2.5032],[33.0048,2.5038],[33.0074,2.5037],[33.009,2.5041],[33.0129,2.5076],[33.0129,2.5085],[33.012,2.51],[33.0108,2.5119],[33.0103,2.5141],[33.0099,2.5152],[33.0101,2.5177],[33.0098,2.5208],[33.0094,2.5214],[33.009,2.5221],[33.0083,2.5225],[33.0061,2.5249],[33.0034,2.5291],[33.0058,2.5299],[33.0066,2.5304],[33.0064,2.531],[33.0061,2.5321],[33.0056,2.5325],[33.0046,2.5329],[33.0036,2.5335],[33.0013,2.5327],[33.0007,2.5324],[32.9998,2.5311],[32.9988,2.5298],[32.9962,2.5289],[32.995,2.5284],[32.9943,2.5279],[32.9917,2.5277],[32.989,2.5287],[32.988,2.5297],[32.9877,2.5325],[32.9882,2.5336],[32.9889,2.5352],[32.993,2.5376],[32.9946,2.5377],[32.9951,2.5375],[32.9962,2.538],[32.9964,2.5386],[32.9965,2.5389],[32.997,2.5407],[32.997,2.5411],[32.9975,2.5429],[32.9976,2.5437],[32.9976,2.5439],[32.9978,2.5456],[32.9982,2.5471],[32.9987,2.5479],[32.9989,2.5488],[32.9988,2.55],[32.9982,2.5528],[32.9983,2.5536],[32.9977,2.5541],[32.9958,2.5548],[32.9953,2.5552],[32.9951,2.5553],[32.9947,2.5557],[32.9942,2.5562],[32.9938,2.5564],[32.989,2.5571],[32.9885,2.5574],[32.988,2.5579],[32.9873,2.5584],[32.9863,2.5592],[32.9859,2.5595],[32.983,2.5571],[32.9825,2.5565],[32.9822,2.5562],[32.9818,2.556],[32.9805,2.5552],[32.9801,2.5542],[32.9799,2.5538],[32.9796,2.5535],[32.9785,2.5524],[32.9776,2.5516],[32.9756,2.5531],[32.9727,2.5547],[32.9716,2.5552],[32.9713,2.5553],[32.9704,2.5554],[32.9688,2.5549],[32.9685,2.5547],[32.9661,2.5536],[32.9649,2.5524],[32.9648,2.5523],[32.964,2.5519],[32.9637,2.5518],[32.9625,2.5512],[32.9612,2.5502],[32.9582,2.5502],[32.9572,2.5506],[32.9564,2.5507],[32.9555,2.5505],[32.9551,2.5504],[32.9544,2.5502],[32.9538,2.5505],[32.9533,2.5512],[32.953,2.5522],[32.9531,2.5526],[32.9534,2.5532],[32.9542,2.554],[32.9551,2.5549],[32.9578,2.5578],[32.9565,2.5615],[32.9555,2.5625],[32.9551,2.5627],[32.9545,2.5625],[32.9532,2.5617],[32.9531,2.5617],[32.9513,2.5609],[32.9487,2.5607],[32.9457,2.5605],[32.9451,2.5618],[32.9434,2.5637],[32.9412,2.5638],[32.9395,2.5638],[32.939,2.565],[32.9389,2.5661],[32.9385,2.568],[32.9382,2.5691],[32.9391,2.57],[32.9411,2.5696],[32.9445,2.5695],[32.9454,2.5697],[32.9459,2.5698],[32.9479,2.5719],[32.9484,2.5748],[32.9492,2.5768],[32.9509,2.578],[32.9519,2.5781],[32.9524,2.5788],[32.9525,2.5789],[32.9525,2.5799],[32.9528,2.5807],[32.9537,2.5818],[32.9553,2.5846],[32.9553,2.5857],[32.9554,2.5865],[32.9563,2.5878],[32.9585,2.5912],[32.9595,2.5923],[32.9604,2.5952],[32.9595,2.5963],[32.959,2.5968],[32.9564,2.5968],[32.9539,2.5958],[32.9529,2.5957],[32.9516,2.5969],[32.9517,2.5974],[32.9541,2.6023],[32.9546,2.6032],[32.9544,2.6041],[32.954,2.6046],[32.9521,2.6049],[32.9507,2.6046],[32.9499,2.6044],[32.9494,2.604],[32.9487,2.6025],[32.9472,2.6016],[32.9442,2.5988],[32.9436,2.5979],[32.9429,2.5974],[32.9416,2.5962],[32.9405,2.5952],[32.9394,2.595],[32.9382,2.595],[32.9368,2.5944],[32.9343,2.5925],[32.9326,2.5919],[32.9294,2.5926],[32.9298,2.5938],[32.9306,2.5951],[32.9306,2.5953],[32.932,2.5999],[32.9332,2.6016],[32.9345,2.6043],[32.9369,2.6066],[32.9392,2.6075],[32.9404,2.6092],[32.9405,2.6097],[32.9395,2.6105],[32.9362,2.6112],[32.935,2.6107],[32.9318,2.6085],[32.9308,2.6078],[32.9297,2.607],[32.9294,2.6068],[32.9275,2.6065],[32.9261,2.6067],[32.9235,2.6061],[32.9219,2.6065],[32.9212,2.6067],[32.9196,2.606],[32.9191,2.6048],[32.9189,2.6043],[32.9179,2.6026],[32.9177,2.6018],[32.9175,2.6011],[32.9177,2.5997],[32.9178,2.5994],[32.9189,2.5967],[32.9185,2.5962],[32.9178,2.5957],[32.9163,2.5951],[32.9134,2.5947],[32.9122,2.596],[32.91,2.5972],[32.909,2.5981],[32.9082,2.5992],[32.9074,2.6008],[32.9067,2.6012],[32.9052,2.6018],[32.9034,2.6009],[32.903,2.6004],[32.9,2.5974],[32.8985,2.5975],[32.8975,2.5976],[32.8957,2.5983],[32.8946,2.5989],[32.8945,2.599],[32.8938,2.6004],[32.8932,2.6014],[32.8925,2.6017],[32.8917,2.6022],[32.8909,2.6024],[32.8899,2.6028],[32.8864,2.6018],[32.8853,2.6015],[32.8844,2.6022],[32.8841,2.6031],[32.885,2.6045],[32.8876,2.6063],[32.8887,2.6062],[32.8907,2.6082],[32.8902,2.6089],[32.89,2.6121],[32.8898,2.613],[32.8908,2.6145],[32.8921,2.616],[32.8922,2.6179],[32.8915,2.6189],[32.8905,2.6187],[32.8896,2.6179],[32.8889,2.6173],[32.8885,2.6165],[32.8876,2.6144],[32.8864,2.6144],[32.8854,2.6151],[32.8843,2.6159],[32.8841,2.6166],[32.8856,2.6176],[32.8862,2.6181],[32.8862,2.6187],[32.886,2.6192],[32.8859,2.6201],[32.8858,2.6207],[32.8845,2.6205],[32.8844,2.6204],[32.8838,2.6198],[32.883,2.6194],[32.8813,2.6189],[32.8806,2.6189],[32.8793,2.6192],[32.8769,2.62],[32.8755,2.6198],[32.8746,2.619],[32.8742,2.6189],[32.873,2.6195],[32.8729,2.6196],[32.8725,2.6201],[32.8722,2.621],[32.8724,2.6223],[32.8758,2.6249],[32.8746,2.625],[32.8741,2.625],[32.8726,2.6254],[32.8723,2.6255],[32.8698,2.6263],[32.8682,2.6261],[32.8667,2.6255],[32.866,2.6245],[32.8655,2.6237],[32.8647,2.624],[32.8637,2.6243],[32.8621,2.6241],[32.8608,2.6236],[32.8588,2.6217],[32.8572,2.6205],[32.856,2.6204],[32.8538,2.6221],[32.8532,2.6229],[32.8525,2.6234],[32.8523,2.6235],[32.8517,2.6238],[32.8509,2.6245],[32.8508,2.6254],[32.851,2.6284],[32.8507,2.6291],[32.8511,2.6299],[32.852,2.6303],[32.8535,2.6309],[32.8546,2.6317],[32.8562,2.6357],[32.8566,2.6372],[32.8586,2.64],[32.8588,2.6417],[32.8592,2.6428],[32.8602,2.6465],[32.8583,2.6491],[32.8575,2.6495],[32.8561,2.6494],[32.854,2.6493],[32.8532,2.6499],[32.8531,2.65],[32.8526,2.6516],[32.8525,2.6518],[32.8522,2.6532],[32.8518,2.6532],[32.8513,2.6531],[32.8508,2.6521],[32.8507,2.6505],[32.8504,2.6502],[32.8499,2.6498],[32.8497,2.6496],[32.8493,2.6493],[32.8488,2.6492],[32.8463,2.6495],[32.8453,2.649],[32.8441,2.6482],[32.8421,2.6476],[32.8412,2.6473],[32.8397,2.6472],[32.8392,2.6472],[32.8383,2.6467],[32.8379,2.6465],[32.8367,2.6473],[32.8364,2.6477],[32.8359,2.6485],[32.836,2.6494],[32.8357,2.6511],[32.8351,2.6513],[32.8349,2.651],[32.8345,2.6502],[32.8336,2.6499],[32.8311,2.6486],[32.8297,2.648],[32.8292,2.6478],[32.8254,2.6513],[32.825,2.6511],[32.8247,2.651],[32.8243,2.6503],[32.8241,2.6501],[32.8233,2.6501],[32.822,2.6497],[32.8211,2.6494],[32.8199,2.6486],[32.8193,2.6477],[32.819,2.6469],[32.8187,2.6467],[32.8184,2.6462],[32.816,2.6443],[32.8148,2.6434],[32.8141,2.6428],[32.8136,2.6425],[32.8129,2.6422],[32.8126,2.642],[32.8118,2.641],[32.8117,2.6408],[32.8107,2.6397],[32.8107,2.6395],[32.8111,2.6388],[32.8115,2.6381],[32.8119,2.6371],[32.813,2.6348],[32.8134,2.6344],[32.8144,2.6323],[32.8148,2.6319],[32.8159,2.6306],[32.8161,2.6301],[32.817,2.6283],[32.8169,2.6277],[32.8168,2.6272],[32.8166,2.6262],[32.8166,2.6259],[32.8165,2.6251],[32.8157,2.6218],[32.8149,2.6209],[32.8131,2.6189],[32.8116,2.6169],[32.8112,2.6156],[32.8109,2.6152],[32.8101,2.6141],[32.8096,2.6131],[32.8082,2.6115],[32.8069,2.6106],[32.8056,2.6098],[32.8052,2.6092],[32.805,2.6085],[32.8048,2.6079],[32.8042,2.6073],[32.8041,2.6072],[32.8036,2.6067],[32.8027,2.6058],[32.8026,2.6057],[32.8018,2.6045],[32.8015,2.604],[32.8002,2.603],[32.7977,2.6017],[32.797,2.601],[32.7968,2.6008],[32.7968,2.6006],[32.7968,2.5997],[32.797,2.5964],[32.797,2.5958],[32.7974,2.5946],[32.7976,2.5935],[32.7977,2.5932],[32.798,2.5921],[32.7972,2.5903],[32.7908,2.5887],[32.7863,2.5874],[32.7864,2.5811],[32.789,2.5737],[32.7941,2.5682],[32.7958,2.5666],[32.7968,2.5636],[32.7972,2.5625],[32.797,2.5608],[32.7967,2.5592],[32.7961,2.557],[32.7947,2.5526],[32.794,2.5499],[32.7923,2.547],[32.7917,2.5432],[32.7914,2.5413],[32.7912,2.5347],[32.7913,2.5338],[32.7967,2.5198],[32.7977,2.5182],[32.7986,2.5136],[32.7986,2.5108],[32.7984,2.5047],[32.7984,2.5038],[32.7985,2.5026],[32.8002,2.5016],[32.8017,2.5016],[32.8027,2.5019],[32.803,2.502],[32.803,2.5021],[32.8038,2.5031],[32.8042,2.5038],[32.8047,2.5044],[32.8054,2.505],[32.8058,2.5058],[32.8074,2.5071],[32.8076,2.5074],[32.8082,2.509],[32.8086,2.5101],[32.8095,2.5101],[32.8104,2.5102],[32.8116,2.5105],[32.8125,2.5115],[32.8131,2.5123],[32.8138,2.5125],[32.8143,2.5127],[32.8149,2.5134],[32.8157,2.5134],[32.817,2.5153],[32.8177,2.5156],[32.8184,2.516],[32.8188,2.516],[32.8194,2.5164],[32.8202,2.5171],[32.8218,2.5174],[32.8247,2.5184],[32.8254,2.5195],[32.8255,2.5185],[32.8258,2.5178],[32.826,2.517],[32.8262,2.5166],[32.8263,2.5151],[32.8264,2.5149],[32.8266,2.5142],[32.8272,2.5122],[32.8275,2.5104],[32.8279,2.5086],[32.828,2.508],[32.829,2.5062],[32.8294,2.5056],[32.8298,2.505],[32.8298,2.5044],[32.8296,2.504],[32.8295,2.5029],[32.8296,2.5027],[32.8297,2.5022],[32.8297,2.5019],[32.8294,2.5013],[32.8294,2.5011],[32.8295,2.5007],[32.8297,2.5],[32.8302,2.4988],[32.8304,2.4985],[32.8306,2.4981],[32.8307,2.4976],[32.831,2.4972],[32.8322,2.4969],[32.8325,2.4968],[32.833,2.4966],[32.8344,2.4957],[32.8348,2.4954],[32.8383,2.4958],[32.8392,2.496],[32.8446,2.4964],[32.8466,2.4969],[32.8479,2.4973],[32.8489,2.4976],[32.8496,2.4982],[32.8503,2.4989],[32.8509,2.4992],[32.851,2.4994],[32.8513,2.4997],[32.8521,2.5],[32.8523,2.5004],[32.853,2.5011],[32.8539,2.5014],[32.8541,2.5015],[32.8546,2.5016],[32.8562,2.5022],[32.8565,2.5025],[32.8568,2.5027],[32.8572,2.5029],[32.8576,2.5034],[32.8582,2.5041],[32.8584,2.5045],[32.8586,2.5048],[32.8597,2.5056],[32.8609,2.5064],[32.8617,2.5068],[32.8621,2.5069],[32.8631,2.5078],[32.8635,2.508],[32.8641,2.5082],[32.8655,2.5075],[32.8661,2.5069],[32.8658,2.5056],[32.866,2.5054],[32.8667,2.5048],[32.8671,2.5045],[32.8685,2.4997],[32.8686,2.4989],[32.8684,2.4976],[32.8684,2.4971],[32.869,2.4966],[32.8692,2.4962],[32.8692,2.4955],[32.8698,2.4949],[32.8704,2.4937],[32.8697,2.49],[32.8696,2.4892],[32.8701,2.4885],[32.8698,2.4876],[32.8698,2.4871],[32.8704,2.4863],[32.8706,2.4855],[32.8711,2.4853],[32.8712,2.485],[32.8713,2.4844],[32.8726,2.4843],[32.8738,2.4832],[32.8745,2.482],[32.8746,2.4804],[32.8743,2.4798],[32.8743,2.4784],[32.8751,2.4768],[32.8758,2.4763],[32.876,2.4756]]],[[[33.00178606161182,2.038210137019256],[33.00472523254852,2.040971713283083],[33.01504934527503,2.038662352085075],[33.01749896528697,2.04179152683446],[33.00356468257967,2.056110787836943],[33.00368721376006,2.059763027703988],[33.01136374139823,2.060854026548572],[33.01774174349423,2.065720228217264],[33.02392050347019,2.049130134160998],[33.03592894748452,2.042799133055742],[33.03139233577759,2.031667500260457],[33.0362495389064,2.028219284699589],[33.05086659846728,2.055340682655107],[33.062698759092996,2.055630052388211],[33.07228609391091,2.066671173486897],[33.04724883002737,2.093998030248066],[33.04516337596636,2.113936681733995],[33.040660386645115,2.120359179058058],[33.0207709002675,2.113963495966725],[33.01739049184467,2.118558944505923],[33.017311281380245,2.122073495569623],[33.02825411726361,2.132832701084148],[33.0333123386141,2.157734975648894],[33.04290018030918,2.171112405684572],[33.04820611663246,2.170276228920676],[33.048821057729725,2.162571121202762],[33.037228780667405,2.144322151634101],[33.039346236082345,2.139805574168272],[33.04472567814607,2.138335258459044],[33.068010782213044,2.152721676486987],[33.06564358585524,2.164470673453111],[33.06976388127895,2.183785078784075],[33.07525704998604,2.189278143025424],[33.079962682889054,2.187574767873156],[33.08112098170463,2.179647402992286],[33.07511635523286,2.168729754913075],[33.075237487431295,2.163151882072864],[33.079166913308285,2.15774457979261],[33.0774398405817,2.149768451693629],[33.081439749166094,2.144067107261633],[33.07645141266031,2.137671575970714],[33.056361548021265,2.133315665594632],[33.050242784212,2.127272642130404],[33.057329461091804,2.119399646894122],[33.05614262877752,2.102152926683682],[33.062314303521646,2.097990702811084],[33.07125106353335,2.096983537114983],[33.07794628287973,2.111082967933797],[33.08203344032945,2.115088961249983],[33.08405309769554,2.113701241289554],[33.085421498475284,2.105004846641603],[33.07526602515708,2.085022969681957],[33.07957645465593,2.082181940446697],[33.08811193859931,2.078336148273924],[33.09786002319891,2.084411883733551],[33.101582248081506,2.081792205517198],[33.09807993266767,2.073210611913991],[33.1009718490504,2.072556487548897],[33.11719541699547,2.078010527852355],[33.127337975066865,2.092344980711168],[33.12730606593653,2.121600416190647],[33.13063472829959,2.127141808573035],[33.133265744571744,2.122910904136079],[33.1337,2.1253],[33.1342,2.1287],[33.1352,2.131],[33.1353,2.1311],[33.1343,2.1318],[33.1328,2.1333],[33.132,2.1338],[33.1305,2.1358],[33.1291,2.1368],[33.1283,2.1368],[33.1271,2.1378],[33.1214,2.1426],[33.1195,2.1449],[33.1189,2.1474],[33.119,2.1482],[33.1193,2.1501],[33.1194,2.1523],[33.1192,2.1534],[33.1183,2.1539],[33.1179,2.1548],[33.1166,2.1552],[33.1162,2.1554],[33.1147,2.1558],[33.1138,2.1569],[33.1126,2.159],[33.1112,2.1607],[33.1099,2.1613],[33.1083,2.162],[33.1049,2.1639],[33.1033,2.1657],[33.1037,2.1669],[33.1045,2.1677],[33.1079,2.1682],[33.11,2.1688],[33.112,2.1696],[33.1149,2.1719],[33.1156,2.1732],[33.1159,2.1734],[33.1174,2.1735],[33.1225,2.1729],[33.1231,2.1728],[33.1245,2.1722],[33.1268,2.1712],[33.128,2.1708],[33.1285,2.1711],[33.1293,2.172],[33.1306,2.1728],[33.1321,2.1737],[33.1331,2.1739],[33.1344,2.1742],[33.1345,2.1743],[33.1365,2.1752],[33.1382,2.1755],[33.1386,2.1756],[33.1397,2.1759],[33.1399,2.176],[33.1405,2.1764],[33.141,2.1777],[33.1424,2.1808],[33.144,2.1821],[33.1473,2.1822],[33.1484,2.1829],[33.1485,2.1836],[33.1497,2.1852],[33.1507,2.1869],[33.1517,2.1904],[33.149,2.1925],[33.1481,2.1936],[33.1475,2.195],[33.1447,2.2025],[33.1438,2.2057],[33.1405,2.2078],[33.1387,2.2092],[33.136825000285384,2.212274999762006],[33.1333,2.2156],[33.129,2.2216],[33.1264,2.2253],[33.1259,2.2272],[33.124,2.2297],[33.1227,2.2303],[33.1184,2.2313],[33.1107,2.2333],[33.1071,2.2336],[33.1049,2.2352],[33.1041,2.2361],[33.1035,2.2372],[33.1033,2.239],[33.1033,2.2395],[33.102,2.2446],[33.1043,2.2458],[33.1051,2.2461],[33.1056,2.2462],[33.1077,2.2471],[33.1103,2.2481],[33.1073,2.2498],[33.1089,2.2514],[33.1105,2.2531],[33.1119,2.2552],[33.1135,2.2582],[33.1147,2.26],[33.1152,2.2611],[33.1157,2.2627],[33.1164,2.2647],[33.1152,2.2679],[33.1145,2.2687],[33.1126,2.2701],[33.1089,2.2772],[33.1075,2.2814],[33.1067,2.283],[33.1041,2.2857],[33.0985,2.2884],[33.0965,2.2892],[33.0985,2.293],[33.0992,2.2961],[33.0992,2.298],[33.0984,2.3017],[33.096,2.3047],[33.0942,2.306],[33.094,2.3069],[33.0936,2.308],[33.0907,2.3069],[33.0887,2.306],[33.0851,2.305],[33.0827,2.3053],[33.0804,2.3044],[33.0701,2.3034],[33.0699,2.3034],[33.0695,2.3032],[33.0685,2.3029],[33.0679,2.3028],[33.0662,2.3026],[33.0648,2.3024],[33.0638,2.3025],[33.0625,2.3029],[33.0615,2.3034],[33.0608,2.3039],[33.0603,2.3047],[33.0602,2.3052],[33.0594,2.3073],[33.0593,2.3082],[33.0594,2.3084],[33.0604,2.3093],[33.0607,2.3096],[33.0611,2.3103],[33.0615,2.3108],[33.0619,2.3113],[33.0625,2.3118],[33.0633,2.3132],[33.0607,2.3237],[33.0604,2.3244],[33.0601,2.325],[33.0595,2.3262],[33.0594,2.3264],[33.0586,2.3272],[33.0581,2.3276],[33.0573,2.3281],[33.0549,2.3267],[33.0547,2.3265],[33.0545,2.3263],[33.0542,2.326],[33.0538,2.3257],[33.0537,2.3256],[33.0537,2.3254],[33.0536,2.3253],[33.0535,2.3252],[33.0533,2.3251],[33.053,2.3251],[33.0527,2.3251],[33.0525,2.3251],[33.0524,2.3251],[33.0522,2.3251],[33.0519,2.3251],[33.0517,2.3252],[33.0511,2.3251],[33.0509,2.325],[33.0505,2.325],[33.0502,2.3251],[33.0493,2.3257],[33.0489,2.3258],[33.048,2.3262],[33.0477,2.3263],[33.0474,2.3265],[33.0473,2.3266],[33.0471,2.3267],[33.0466,2.3269],[33.0461,2.3268],[33.0456,2.3268],[33.0451,2.3269],[33.0442,2.327],[33.0439,2.3271],[33.0423,2.3273],[33.0421,2.3271],[33.0414,2.3272],[33.0413,2.3273],[33.0411,2.3273],[33.0408,2.3272],[33.0402,2.3272],[33.0399,2.3274],[33.0395,2.3276],[33.0391,2.3276],[33.0382,2.3273],[33.0377,2.327],[33.0376,2.3266],[33.0375,2.3263],[33.0371,2.3257],[33.0369,2.3256],[33.0366,2.3254],[33.0364,2.3253],[33.0338,2.3237],[33.0337,2.3237],[33.0335,2.3238],[33.0333,2.3238],[33.033,2.3237],[33.0329,2.3236],[33.0305,2.3235],[33.0304,2.3234],[33.0302,2.3233],[33.0292,2.3232],[33.029,2.3231],[33.0286,2.3229],[33.0284,2.3229],[33.0281,2.3228],[33.0265,2.3228],[33.0259,2.3227],[33.0256,2.3225],[33.0253,2.3221],[33.0242,2.3211],[33.0238,2.3209],[33.0237,2.3208],[33.0236,2.3207],[33.0232,2.3202],[33.0223,2.3196],[33.0213,2.3184],[33.02,2.317],[33.0199,2.3167],[33.0197,2.3165],[33.0195,2.3163],[33.0191,2.3153],[33.0185,2.315],[33.0182,2.3147],[33.0181,2.3146],[33.018,2.3145],[33.0178,2.3142],[33.0174,2.314],[33.0167,2.3135],[33.0154,2.3127],[33.0151,2.3124],[33.0143,2.3117],[33.0141,2.3115],[33.0138,2.3103],[33.0138,2.3101],[33.0136,2.3099],[33.0135,2.3098],[33.0132,2.3097],[33.013,2.3097],[33.0129,2.3097],[33.0127,2.3096],[33.0126,2.3095],[33.0125,2.3094],[33.0123,2.3094],[33.0119,2.3099],[33.0118,2.3099],[33.0117,2.31],[33.0115,2.3099],[33.0113,2.3098],[33.0111,2.3098],[33.0106,2.3099],[33.0104,2.3099],[33.0101,2.3097],[33.01,2.3096],[33.0098,2.3095],[33.0096,2.3096],[33.0094,2.3097],[33.0093,2.3098],[33.009,2.3099],[33.0035,2.3091],[33,2.3049],[33.0007,2.2951],[32.9904,2.2867],[32.9892,2.2767],[32.9822,2.2707],[32.9767,2.2571],[32.9775,2.2472],[32.9872,2.238],[32.9875,2.2378],[32.9894,2.2353],[32.9898,2.2349],[32.9903,2.234],[32.9903,2.2337],[32.9896,2.2306],[32.9893,2.2309],[32.9856,2.2293],[32.9848,2.2288],[32.9842,2.2287],[32.9831,2.2289],[32.978,2.2285],[32.9766,2.2255],[32.9765,2.2247],[32.9687,2.2132],[32.9728,2.207],[32.9708,2.2007],[32.9573,2.1935],[32.949,2.1945],[32.9499,2.1817],[32.9212,2.1543],[32.9215,2.1537],[32.9236,2.1478],[32.9241,2.1456],[32.9245,2.1396],[32.9244,2.1381],[32.9243,2.1359],[32.9248,2.1331],[32.9244,2.1322],[32.9233,2.1314],[32.9217,2.1304],[32.9213,2.1297],[32.9206,2.1291],[32.9137,2.1232],[32.9094,2.1199],[32.9054,2.1166],[32.902,2.1143],[32.9013,2.1136],[32.8999,2.1128],[32.8984,2.1114],[32.8979,2.1111],[32.8971,2.1101],[32.8971,2.1096],[32.8972,2.1088],[32.8974,2.1072],[32.8975,2.1059],[32.8976,2.1041],[32.898,2.1034],[32.8991,2.1024],[32.8992,2.1017],[32.8987,2.1013],[32.8979,2.1009],[32.897,2.1006],[32.8957,2.0997],[32.8955,2.0995],[32.895,2.0993],[32.894,2.0983],[32.8921,2.0972],[32.8903,2.096],[32.8878,2.0948],[32.8809,2.0919],[32.8802,2.0913],[32.8774,2.0885],[32.873,2.0846],[32.8755,2.0831],[32.8769,2.0822],[32.8773,2.0817],[32.878,2.0802],[32.8782,2.0797],[32.8786,2.0793],[32.8795,2.0785],[32.8817,2.0776],[32.8831,2.0773],[32.8864,2.0765],[32.8875,2.076],[32.8882,2.0753],[32.8886,2.075],[32.8918,2.0736],[32.8926,2.073],[32.8942,2.0713],[32.8954,2.0719],[32.8958,2.0723],[32.8964,2.0723],[32.8979,2.0728],[32.9013,2.0742],[32.9037,2.075],[32.9057,2.0755],[32.9064,2.0756],[32.9082,2.076],[32.9148,2.08],[32.9198,2.0803],[32.9218,2.0798],[32.9264,2.0784],[32.9291,2.0764],[32.9323,2.0729],[32.9328,2.0725],[32.9338,2.0722],[32.9356,2.0706],[32.9354,2.0687],[32.935,2.067],[32.9347,2.0655],[32.935,2.0653],[32.9357,2.064],[32.9358,2.0628],[32.9366,2.0617],[32.937,2.0612],[32.9375,2.06],[32.9386,2.0597],[32.9416,2.0603],[32.9425,2.0599],[32.9431,2.0596],[32.9444,2.0603],[32.9452,2.0604],[32.9459,2.0603],[32.9462,2.0606],[32.9473,2.0605],[32.9484,2.0595],[32.9508,2.0587],[32.9518,2.059],[32.9523,2.0594],[32.9529,2.0602],[32.9542,2.0615],[32.9548,2.0621],[32.9554,2.0619],[32.9561,2.0618],[32.9569,2.0624],[32.9579,2.0622],[32.9592,2.0615],[32.9657,2.0649],[32.9672,2.0652],[32.9693,2.0652],[32.9724,2.0667],[32.975,2.0675],[32.9784,2.0662],[32.9812,2.063],[32.9823,2.0614],[32.9864,2.0541],[32.9883,2.0507],[32.9909,2.0468],[32.9946,2.0435],[32.9962,2.0422],[32.9963,2.0421],[32.9975,2.0409],[33.00178606161182,2.038210137019256]]]]},"properties":{"name":"Lira District","id":"Lj8t70RYnEt"}},
{"type":"Feature","geometry":{"type":"MultiPolygon","coordinates":[[[[33.4643,1.6456],[33.459946424879945,1.648288296127465],[33.4634,1.6461],[33.4643,1.6456]]],[[[33.4287,1.787],[33.43343477616923,1.781287211067256],[33.43756767311522,1.783402934559565],[33.43996748341533,1.777931211215348],[33.44906960893899,1.780624996704946],[33.45350278390438,1.772057299335447],[33.431728894250526,1.772138019083901],[33.42084529066854,1.763418400111337],[33.4245890715857,1.752155187330646],[33.43874312004989,1.742163494063606],[33.426064637780954,1.73955099635045],[33.42452152740085,1.73660429232038],[33.42579540486487,1.73167311753909],[33.43496618017438,1.725992070676953],[33.430301793282325,1.721068473819741],[33.430316938476686,1.715930070974774],[33.438816450695995,1.709070528285396],[33.43049509344349,1.700923075977331],[33.42869845468216,1.692180986197213],[33.4204671191801,1.691865871451502],[33.41604697365894,1.68809706040765],[33.41400579231845,1.678381022925904],[33.41664765996977,1.67492450619696],[33.4308886134275,1.673693280718897],[33.459215016358186,1.694024059268321],[33.46260891408657,1.687061062643363],[33.44905672344876,1.675527691433675],[33.44361676726784,1.666821801052994],[33.45244379471727,1.663154633584541],[33.457594530774244,1.655380980066142],[33.46647555330695,1.664321794451405],[33.47618070266494,1.660543784148646],[33.47353659246784,1.649241701023668],[33.4819,1.6355],[33.4839,1.6343],[33.4853,1.6327],[33.4868,1.6314],[33.4901,1.6299],[33.4913,1.6295],[33.4945,1.6292],[33.4952,1.6293],[33.4956,1.6292],[33.4976,1.6286],[33.4996,1.6282],[33.5082,1.626],[33.5113,1.6254],[33.5146,1.6249],[33.5161,1.6248],[33.5183,1.6247],[33.5194,1.6246],[33.5216,1.6244],[33.5283,1.6227],[33.5302,1.6219],[33.5313,1.6213],[33.5317,1.621],[33.532,1.6209],[33.5323,1.621],[33.5339,1.6203],[33.5346,1.6201],[33.535,1.62],[33.5355,1.62],[33.5359,1.6199],[33.5366,1.6197],[33.538,1.6194],[33.541,1.6194],[33.5415,1.6193],[33.5418,1.6192],[33.5428,1.6193],[33.5433,1.6194],[33.5435,1.6194],[33.5438,1.6193],[33.545,1.6188],[33.5458,1.6187],[33.5497,1.6171],[33.5509,1.6164],[33.5529,1.6154],[33.5531,1.6133],[33.5533,1.6082],[33.5556,1.6021],[33.5577,1.5981],[33.5593,1.588],[33.5594,1.5869],[33.5653,1.582],[33.5682,1.5805],[33.5711,1.578],[33.576,1.574],[33.5767,1.5739],[33.5805,1.5678],[33.5882,1.5599],[33.5935,1.5573],[33.5993,1.5559],[33.6009,1.5556],[33.6031,1.5563],[33.6063,1.5576],[33.6089,1.5593],[33.6114,1.5617],[33.6157,1.5672],[33.6193,1.5696],[33.6295,1.569],[33.6325,1.5702],[33.633,1.5703],[33.6345,1.5708],[33.6348,1.5722],[33.6355,1.5726],[33.6379,1.5724],[33.6387,1.5722],[33.6402,1.5721],[33.6409,1.5724],[33.6428,1.5728],[33.6477,1.574],[33.6536,1.5741],[33.6565,1.5742],[33.65856354442481,1.574163799265571],[33.65406577148433,1.579906770908129],[33.65887153861718,1.582612168346299],[33.670960508254176,1.578228008123543],[33.67779559162463,1.578991347451247],[33.67953476467092,1.576347471209939],[33.67935796440366,1.57517005697942],[33.67877616360074,1.574263325397253],[33.677947064710644,1.57308414521236],[33.67793653118869,1.57305920452688],[33.6812,1.5728],[33.693722359513956,1.571636497336977],[33.69697379429669,1.572994722643543],[33.70162371997785,1.575088564994222],[33.70429978928314,1.575162856254073],[33.7127219041519,1.573084920174596],[33.7155,1.5813],[33.7161,1.5859],[33.7193,1.5893],[33.7208,1.5899],[33.7232,1.5911],[33.7234,1.5947],[33.7186,1.5978],[33.7139,1.6026],[33.7129,1.6048],[33.7122,1.607],[33.7121,1.6093],[33.7122,1.6132],[33.713,1.6154],[33.7149,1.6174],[33.724,1.6291],[33.7274,1.6335],[33.731,1.6415],[33.7354,1.6514],[33.7379,1.6592],[33.7385,1.661],[33.7411,1.6664],[33.7434,1.6702],[33.7447,1.6713],[33.7504,1.6727],[33.756,1.6728],[33.7627,1.6724],[33.7702,1.6706],[33.7739,1.6703],[33.7805,1.6709],[33.7829,1.6709],[33.7922,1.668],[33.7952,1.6658],[33.7959,1.6651],[33.7976,1.6638],[33.7986,1.6639],[33.8024,1.6705],[33.8071,1.6761],[33.8118,1.6789],[33.8117,1.6795],[33.8117,1.6798],[33.8149,1.6908],[33.8158,1.6936],[33.8159,1.6947],[33.8159,1.6955],[33.8154,1.6969],[33.8145,1.6976],[33.8134,1.6977],[33.8122,1.6978],[33.8112,1.6977],[33.8095,1.6968],[33.8074,1.6959],[33.805,1.6954],[33.8039,1.6953],[33.8035,1.6952],[33.803,1.6951],[33.8028,1.6951],[33.802,1.6952],[33.8011,1.6955],[33.7993,1.6971],[33.7987,1.698],[33.7985,1.6988],[33.7986,1.6993],[33.7994,1.7002],[33.8004,1.7006],[33.8015,1.7008],[33.8031,1.7007],[33.8047,1.7003],[33.8116,1.7011],[33.8127,1.7019],[33.8133,1.7028],[33.8142,1.7049],[33.8145,1.7063],[33.8146,1.7068],[33.8144,1.7107],[33.8139,1.7105],[33.8114,1.7106],[33.8104,1.714],[33.8066,1.7206],[33.8049,1.7233],[33.8084,1.7309],[33.8092,1.7329],[33.809,1.7339],[33.8075,1.7351],[33.8068,1.7354],[33.8049,1.7355],[33.803,1.7351],[33.8004,1.7351],[33.7991,1.7357],[33.7978,1.7372],[33.7969,1.7384],[33.794,1.7446],[33.793,1.7491],[33.7917,1.752],[33.7901,1.7548],[33.7894,1.757],[33.7891,1.7649],[33.78929906917819,1.770052396618135],[33.78242966215796,1.765410897828859],[33.77570063181561,1.76700222469402],[33.76898731982577,1.788966883123467],[33.75968595158489,1.79222438480599],[33.76684771176239,1.805323976297689],[33.766,1.8085],[33.765,1.8088],[33.7641,1.8092],[33.7626,1.8105],[33.7611,1.8109],[33.7607,1.8113],[33.7596,1.8127],[33.7585,1.8133],[33.7539,1.8143],[33.7531,1.8149],[33.75278768078,1.816224638548432],[33.733510608674926,1.823171813824549],[33.7194076991929,1.846583797068972],[33.7165,1.851],[33.7153,1.8528],[33.7133,1.8562],[33.7098,1.8604],[33.7058,1.8647],[33.7026,1.8681],[33.7015,1.8693],[33.6975,1.8724],[33.6928,1.8765],[33.6919,1.8773],[33.6865,1.8813],[33.6846,1.8818],[33.6821,1.8824],[33.6746,1.8853],[33.6681,1.8892],[33.6647,1.8914],[33.6616,1.896],[33.6597,1.9025],[33.6584,1.9044],[33.6566,1.9088],[33.6558,1.9114],[33.6563,1.9149],[33.6573,1.9182],[33.6575,1.9199],[33.6572,1.9214],[33.6567,1.9216],[33.6549,1.9228],[33.6537,1.9246],[33.6529,1.9267],[33.6528,1.9269],[33.6519,1.9289],[33.6498,1.9317],[33.648,1.9337],[33.6464,1.9356],[33.646,1.9359],[33.6458,1.9362],[33.6458,1.9364],[33.645,1.9368],[33.6444,1.9369],[33.6441,1.9371],[33.644,1.9371],[33.6439,1.9371],[33.6438,1.937],[33.6429,1.9373],[33.6425,1.9374],[33.6422,1.9373],[33.6413,1.9372],[33.6408,1.9372],[33.6392,1.9377],[33.6374,1.937],[33.6352,1.937],[33.6345,1.9372],[33.6322,1.9383],[33.63,1.939],[33.6286,1.9392],[33.6281,1.9389],[33.6273,1.9393],[33.625,1.9387],[33.6241,1.9385],[33.6233,1.9384],[33.6231,1.9383],[33.6226,1.9381],[33.6223,1.9381],[33.621,1.9385],[33.6209,1.9387],[33.6203,1.939],[33.6199,1.9391],[33.6194,1.9392],[33.6193,1.9393],[33.6193,1.9397],[33.619,1.9399],[33.619,1.94],[33.6191,1.9402],[33.6188,1.9408],[33.6185,1.9407],[33.6184,1.9407],[33.6181,1.941],[33.6177,1.9414],[33.6173,1.9416],[33.6166,1.9417],[33.6161,1.9416],[33.616,1.9417],[33.6158,1.9419],[33.6154,1.9421],[33.6152,1.9422],[33.615,1.9422],[33.615,1.942],[33.6147,1.9419],[33.6145,1.9419],[33.6145,1.9422],[33.6143,1.9425],[33.6141,1.9426],[33.6139,1.9425],[33.6134,1.9424],[33.6131,1.9426],[33.6127,1.9428],[33.6126,1.9428],[33.6124,1.943],[33.6123,1.9431],[33.6122,1.9433],[33.612,1.9434],[33.6116,1.944],[33.6116,1.9442],[33.6114,1.9443],[33.6114,1.9445],[33.6111,1.9445],[33.611,1.9446],[33.6105,1.945],[33.6104,1.9453],[33.6102,1.9454],[33.6098,1.9455],[33.6095,1.9457],[33.6094,1.9461],[33.6093,1.9463],[33.6092,1.9464],[33.6089,1.9467],[33.6087,1.9468],[33.6085,1.9469],[33.6085,1.9471],[33.6085,1.9474],[33.6085,1.9475],[33.6078,1.9481],[33.6056,1.9497],[33.6031,1.9511],[33.6006,1.9524],[33.5968,1.9524],[33.5959,1.9519],[33.5941,1.9508],[33.5935,1.9506],[33.5922,1.9502],[33.5913,1.9501],[33.5897,1.9504],[33.5843,1.9548],[33.5814,1.9552],[33.58,1.9551],[33.5779,1.9553],[33.5769,1.9557],[33.5744,1.9577],[33.5729,1.96],[33.5721,1.9619],[33.5716,1.9654],[33.5697,1.9692],[33.5674,1.9712],[33.5665,1.9727],[33.5661,1.973],[33.566,1.9741],[33.5653,1.9747],[33.5647,1.9762],[33.5635,1.9774],[33.5633,1.9778],[33.5627,1.9784],[33.5623,1.9787],[33.5612,1.9802],[33.561,1.9805],[33.5596,1.9818],[33.5588,1.9837],[33.5572,1.9849],[33.5568,1.9849],[33.5545,1.986],[33.554,1.9859],[33.5526,1.9868],[33.5521,1.9891],[33.5514,1.9906],[33.55,1.9917],[33.549,1.9923],[33.5479,1.993],[33.5473,1.9932],[33.5472,1.9939],[33.5467,1.9959],[33.5437,2.0023],[33.54,2.0068],[33.5391,2.009],[33.5381,2.0105],[33.5372,2.0114],[33.5362,2.012],[33.5351,2.013],[33.5338,2.0153],[33.5331,2.0166],[33.5323,2.0177],[33.5321,2.018],[33.532,2.0182],[33.5317,2.0185],[33.5311,2.0188],[33.5308,2.0191],[33.5307,2.0191],[33.5304,2.0193],[33.5302,2.0194],[33.5297,2.0196],[33.5293,2.0198],[33.5287,2.0199],[33.5281,2.02],[33.5279,2.02],[33.5273,2.0201],[33.5263,2.02],[33.5259,2.0199],[33.5258,2.0199],[33.5254,2.0196],[33.5253,2.0196],[33.525,2.0196],[33.5247,2.0194],[33.5245,2.0193],[33.5242,2.019],[33.5239,2.0187],[33.5237,2.0187],[33.5236,2.0186],[33.5236,2.0185],[33.5235,2.0184],[33.5231,2.018],[33.5229,2.0181],[33.5227,2.0182],[33.5225,2.0181],[33.5224,2.0178],[33.5224,2.0177],[33.5221,2.0177],[33.5219,2.0177],[33.5216,2.0179],[33.5214,2.0178],[33.5211,2.0178],[33.5208,2.018],[33.5207,2.0182],[33.5204,2.0184],[33.5203,2.0183],[33.5202,2.0182],[33.5198,2.0181],[33.5195,2.0182],[33.5192,2.0181],[33.5187,2.0182],[33.5183,2.0182],[33.5182,2.0183],[33.518,2.0187],[33.5177,2.019],[33.5174,2.0191],[33.5172,2.0193],[33.5171,2.0193],[33.517,2.0192],[33.5169,2.019],[33.5166,2.0188],[33.5162,2.0188],[33.5158,2.0189],[33.5157,2.0192],[33.5156,2.0193],[33.5155,2.0194],[33.5152,2.0194],[33.515,2.0192],[33.5143,2.0187],[33.5141,2.0181],[33.5139,2.0177],[33.5138,2.0177],[33.5131,2.0176],[33.5127,2.0173],[33.5124,2.017],[33.5119,2.0163],[33.5115,2.0162],[33.5107,2.0159],[33.5101,2.0156],[33.5092,2.0152],[33.5089,2.015],[33.508,2.0145],[33.5064,2.0132],[33.5059,2.013],[33.5052,2.013],[33.5046,2.0128],[33.5042,2.0128],[33.5038,2.0125],[33.5031,2.0119],[33.5015,2.0122],[33.5011,2.0125],[33.5007,2.0128],[33.5004,2.0131],[33.4995,2.0139],[33.4983,2.0146],[33.4982,2.0147],[33.4981,2.0148],[33.4977,2.0147],[33.4976,2.0148],[33.4975,2.0149],[33.4974,2.0152],[33.4973,2.0153],[33.4973,2.0156],[33.4972,2.0157],[33.497,2.0157],[33.4968,2.0158],[33.4965,2.0162],[33.4962,2.0162],[33.4954,2.0167],[33.4953,2.017],[33.4952,2.0171],[33.4951,2.0172],[33.4942,2.0168],[33.4934,2.0169],[33.4932,2.0175],[33.4918,2.0179],[33.4906,2.0175],[33.4903,2.0173],[33.4888,2.0162],[33.4881,2.0159],[33.4878,2.016],[33.4871,2.016],[33.4859,2.016],[33.4852,2.0159],[33.4843,2.0157],[33.4825,2.0142],[33.4816,2.0137],[33.4808,2.013],[33.4806,2.0127],[33.4801,2.0123],[33.4793,2.0118],[33.478,2.0117],[33.477,2.0114],[33.4763,2.011],[33.476,2.0099],[33.4754,2.0095],[33.4743,2.0096],[33.474,2.0091],[33.4736,2.0072],[33.4728,2.0063],[33.4711,2.0056],[33.4695,2.005],[33.4686,2.0042],[33.4682,2.0036],[33.4678,2.0028],[33.4676,2.0022],[33.4672,2.0024],[33.4668,2.0025],[33.4662,2.002],[33.4653,2.002],[33.4641,2.0018],[33.4642,2.0012],[33.464,2.0003],[33.4641,1.9997],[33.4634,1.9983],[33.4611,1.9971],[33.4606,1.9954],[33.4609,1.9946],[33.4607,1.9935],[33.4606,1.9922],[33.4603,1.9902],[33.4603,1.9891],[33.4604,1.9887],[33.4607,1.9875],[33.4606,1.9864],[33.4606,1.9858],[33.4603,1.985],[33.4604,1.9846],[33.4588,1.9804],[33.4568,1.9794],[33.4558,1.9786],[33.4533,1.9764],[33.4524,1.9748],[33.4507,1.9714],[33.4493,1.9665],[33.4471,1.9613],[33.4468,1.9595],[33.4534,1.9495],[33.45546357936531,1.94395494461756],[33.45813871323711,1.944642974602724],[33.45771377091009,1.93594984899131],[33.44567155811258,1.930645634743736],[33.443140558792436,1.926768555982318],[33.446115845065115,1.916770910539316],[33.45124488347449,1.916647990663635],[33.43972985925203,1.897796056938537],[33.4395,1.8968],[33.4396,1.8959],[33.4404,1.8927],[33.4416,1.8911],[33.4432,1.889],[33.4441,1.8882],[33.4445,1.8866],[33.4452,1.8852],[33.4469,1.8824],[33.4473,1.882],[33.4481,1.8815],[33.4493,1.8808],[33.4501,1.8807],[33.451,1.8797],[33.4521,1.8797],[33.4534,1.8791],[33.453,1.877],[33.4524,1.8761],[33.4523,1.8755],[33.4515,1.8739],[33.4516,1.8729],[33.4514,1.8718],[33.451,1.8699],[33.451,1.869],[33.4509,1.8683],[33.4514,1.867],[33.4515,1.8667],[33.4517,1.8644],[33.4512,1.8612],[33.4519,1.8603],[33.4523,1.859],[33.4522,1.8579],[33.4504,1.856],[33.4501,1.8551],[33.4497,1.8547],[33.4495,1.8536],[33.4492,1.8528],[33.4495,1.8517],[33.4499,1.851],[33.4494,1.8505],[33.4492,1.85],[33.4486,1.8488],[33.4479,1.8472],[33.4477,1.8461],[33.4471,1.8455],[33.4466,1.8452],[33.4443,1.8446],[33.4439,1.8442],[33.443,1.8436],[33.4423,1.8429],[33.4417,1.8423],[33.4409,1.8417],[33.4395,1.8393],[33.4379,1.8378],[33.4374,1.8371],[33.4366,1.8354],[33.4365,1.8343],[33.4366,1.8339],[33.4368,1.8329],[33.4368,1.8318],[33.4366,1.8312],[33.4367,1.8306],[33.4345,1.8276],[33.4334,1.8272],[33.433,1.8271],[33.4314,1.8261],[33.4306,1.8255],[33.4303,1.8235],[33.4297,1.8219],[33.4295,1.8216],[33.4292,1.8197],[33.429,1.8189],[33.4297,1.8171],[33.4303,1.8164],[33.4308,1.8156],[33.4309,1.8146],[33.4311,1.8133],[33.4309,1.8124],[33.4323,1.8121],[33.4326,1.8114],[33.4335,1.8102],[33.4343,1.809],[33.434,1.8082],[33.4344,1.8073],[33.4348,1.8051],[33.4354,1.8042],[33.435,1.8011],[33.4334,1.7989],[33.4315,1.7967],[33.4306,1.7958],[33.4296,1.795],[33.4288,1.7953],[33.4283,1.7947],[33.4279,1.7931],[33.4284,1.7922],[33.4285,1.7911],[33.4285,1.79],[33.4289,1.7893],[33.429,1.7886],[33.4291,1.7877],[33.4287,1.787]],[[33.5804,1.7446],[33.5519,1.7723],[33.5777,1.7922],[33.5832,1.81],[33.5821,1.8256],[33.5892,1.8258],[33.5976,1.822],[33.6038,1.8148],[33.6124,1.8127],[33.6163,1.8074],[33.6153,1.7967],[33.6206,1.7914],[33.6214,1.8005],[33.6379,1.7959],[33.6523,1.8211],[33.6698,1.8194],[33.6727,1.8231],[33.67,1.8138],[33.6632,1.8079],[33.6541,1.7766],[33.6543,1.7577],[33.6643,1.729],[33.6837,1.728],[33.6848,1.7074],[33.6949,1.7003],[33.6753,1.6775],[33.6737,1.6709],[33.6661,1.6647],[33.6698,1.6563],[33.6669,1.6489],[33.6707,1.6274],[33.6675,1.615],[33.6668,1.6182],[33.6551,1.6239],[33.64,1.6372],[33.623,1.6318],[33.6048,1.6419],[33.579,1.6393],[33.5645,1.6439],[33.5617,1.6471],[33.5679,1.6539],[33.5757,1.6571],[33.5879,1.6803],[33.5795,1.678],[33.5681,1.6833],[33.5534,1.6798],[33.5446,1.683],[33.5368,1.6757],[33.5281,1.6756],[33.5315,1.6917],[33.5196,1.6878],[33.519,1.6909],[33.524,1.6991],[33.5392,1.7115],[33.5382,1.7215],[33.5171,1.7238],[33.5235,1.7374],[33.5482,1.7421],[33.5673,1.7393],[33.5804,1.7446]],[[33.71642764099645,1.630103937726512],[33.72489521862793,1.642324139717662],[33.72501627321492,1.655452561171073],[33.72987650229121,1.646614032392371],[33.72701739431074,1.639341691949565],[33.71642764099645,1.630103937726512]],[[33.7122280417275,1.622825235244933],[33.705616143863935,1.611381417261849],[33.70600869290562,1.60757974978634],[33.70946597638722,1.609874387556529],[33.70992352997393,1.607227265068274],[33.70134082631356,1.595934203213034],[33.69341519009379,1.574977964443496],[33.69428649919898,1.593223769444609],[33.6966653653508,1.594927109312222],[33.69698957901017,1.591668537219278],[33.70318878733426,1.60268399688493],[33.70165387080716,1.612707267235233],[33.7122280417275,1.622825235244933]]]]},"properties":{"name":"Soroti District","id":"srmGjHrpVE5"}}
]}