{"type":"FeatureCollection", "features": [
{"type":"Feature","geometry":{"type":"Polygon","coordinates":[[[31.2708,-0.9993],[31.2643,-0.9844],[31.2709,-0.9497],[31.2099,-0.901],[31.2035,-0.8877],[31.2063,-0.8779],[31.2037,-0.873],[31.2271,-0.8557],[31.2277,-0.8475],[31.2218,-0.8373],[31.2128,-0.8345],[31.1923,-0.822],[31.1949,-0.7914],[31.1998,-0.7778],[31.1979,-0.7695],[31.2,-0.758],[31.1958,-0.7492],[31.1874,-0.7394],[31.1705,-0.7293],[31.1532,-0.7041],[31.1339,-0.6891],[31.0997,-0.6762],[31.0928,-0.6714],[31.091,-0.6649],[31.0948,-0.6358],[31.101,-0.6158],[31.1084,-0.6046],[31.1249,-0.5885],[31.1244,-0.575],[31.1364,-0.557],[31.1407,-0.5388],[31.1528,-0.5195],[31.1519,-0.5026],[31.1547,-0.4894],[31.1528,-0.477],[31.1548,-0.4694],[31.153,-0.4408],[31.1324,-0.4202],[31.1248,-0.405],[31.1247,-0.3911],[31.1154,-0.3752],[31.1033,-0.3391],[31.0899,-0.3227],[31.0897,-0.3184],[31.0822,-0.3047],[31.079,-0.2842],[31.074,-0.2738],[31.0684,-0.2421],[31.0752,-0.221],[31.0706,-0.21],[31.0797,-0.1928],[31.0831,-0.174],[31.0914,-0.1574],[31.0985,-0.126],[31.0981,-0.1149],[31.1026,-0.0906],[31.099,-0.0774],[31.0986,-0.0544],[31.0883,-0.0406],[31.0831,-0.0296],[31.0758,-0.0239],[31.0695,-0.0302],[31.0586,-0.0307],[31.0526,-0.027],[31.0433,-0.031],[31.04,-0.0353],[31.0265,-0.0361],[31.0236,-0.0257],[31.028,-0.0185],[31.0299,-0.0098],[31.0528,0.011],[31.057,0.012],[31.0593,0.0182],[31.0566,0.0269],[31.0571,0.034],[31.0548,0.0352],[31.0589,0.044],[31.0537,0.0501],[31.0566,0.053],[31.057,0.0596],[31.0521,0.0639],[31.052,0.0781],[31.0495,0.0823],[31.0428,0.0855],[31.0444,0.0916],[31.0496,0.0938],[31.047,0.0987],[31.0568,0.1168],[31.0476,0.122],[31.0515,0.1289],[31.0473,0.1467],[31.041,0.1511],[31.0339,0.1518],[31.0164,0.1689],[31.0134,0.1983],[30.9994,0.1935],[30.982,0.193],[30.9553,0.1997],[30.9467,0.198],[30.9279,0.2],[30.9105,0.2073],[30.895,0.1998],[30.8915,0.2049],[30.8855,0.204],[30.8798,0.2072],[30.8616,0.1997],[30.8331,0.1978],[30.8104,0.2067],[30.7909,0.2113],[30.7699,0.2042],[30.7659,0.1965],[30.7606,0.1938],[30.7429,0.1998],[30.7272,0.1961],[30.7125,0.2059],[30.7012,0.2016],[30.6865,0.2081],[30.6726,0.2082],[30.6693,0.2101],[30.6651,0.2082],[30.6641,0.2023],[30.6565,0.1958],[30.6501,0.1942],[30.6458,0.1965],[30.642,0.1795],[30.6331,0.1744],[30.6248,0.1652],[30.6212,0.1643],[30.6149,0.1691],[30.6126,0.1674],[30.6077,0.1685],[30.5992,0.1615],[30.5858,0.1582],[30.5787,0.1591],[30.5768,0.1554],[30.5644,0.1528],[30.5606,0.1475],[30.55,0.1467],[30.5462,0.144],[30.5461,0.1391],[30.5423,0.1328],[30.5371,0.1313],[30.5291,0.123],[30.5249,0.1229],[30.5219,0.1197],[30.5139,0.1227],[30.5074,0.1189],[30.5001,0.1111],[30.4941,0.0974],[30.4875,0.099],[30.4815,0.0951],[30.4717,0.1046],[30.4629,0.102],[30.4603,0.0977],[30.4576,0.099],[30.4551,0.0947],[30.4532,0.095],[30.4506,0.0748],[30.4561,0.073],[30.452,0.0615],[30.4452,0.0587],[30.4353,0.0472],[30.4335,0.0488],[30.431,0.0457],[30.4277,0.0463],[30.4293,0.0432],[30.4281,0.0374],[30.4249,0.0362],[30.423,0.0379],[30.4224,0.0326],[30.4148,0.026],[30.4064,0.0244],[30.4016,0.014],[30.3847,-0.0027],[30.3892,-0.018],[30.3944,-0.0213],[30.4101,-0.0492],[30.4116,-0.0577],[30.4095,-0.0627],[30.4154,-0.0722],[30.4194,-0.0864],[30.4163,-0.1016],[30.424,-0.115],[30.4216,-0.1291],[30.4277,-0.1334],[30.4308,-0.1389],[30.4481,-0.1429],[30.4657,-0.1526],[30.4563,-0.16],[30.4417,-0.1667],[30.4348,-0.1777],[30.4287,-0.1818],[30.4157,-0.1826],[30.4075,-0.1787],[30.3991,-0.1785],[30.3934,-0.1744],[30.3888,-0.1619],[30.381,-0.1544],[30.3781,-0.1441],[30.3566,-0.1523],[30.3517,-0.1492],[30.3481,-0.1405],[30.3412,-0.1433],[30.3372,-0.1425],[30.3364,-0.1403],[30.3287,-0.1388],[30.322,-0.1335],[30.3063,-0.1304],[30.2919,-0.1181],[30.2846,-0.1181],[30.2833,-0.1154],[30.2802,-0.117],[30.2755,-0.1129],[30.2514,-0.1187],[30.2461,-0.1241],[30.2415,-0.1226],[30.2385,-0.1256],[30.2314,-0.1138],[30.2179,-0.1031],[30.2123,-0.1034],[30.2152,-0.0934],[30.2153,-0.0775],[30.2021,-0.0781],[30.1845,-0.0885],[30.1828,-0.0855],[30.1869,-0.0772],[30.1849,-0.0722],[30.1805,-0.074],[30.1663,-0.0728],[30.1599,-0.0759],[30.1562,-0.0725],[30.1495,-0.0772],[30.134,-0.0809],[30.1066,-0.1015],[30.0937,-0.0967],[30.0808,-0.1151],[30.068,-0.1122],[30.0618,-0.114],[30.0506,-0.1241],[30.0473,-0.1301],[30.0088,-0.1452],[29.9929,-0.1629],[29.9888,-0.172],[29.9649,-0.172],[29.9608,-0.1843],[29.9561,-0.188],[29.9469,-0.1865],[29.9272,-0.1768],[29.9196,-0.1824],[29.9061,-0.1829],[29.9034,-0.1863],[29.9074,-0.1981],[29.8885,-0.2089],[29.6994,-0.2105],[29.676,-0.3365],[29.8197,-0.3742],[29.8409,-0.3865],[29.8447,-0.3874],[29.8487,-0.3853],[29.8614,-0.3901],[29.8641,-0.395],[29.8642,-0.4025],[29.8606,-0.4132],[29.8753,-0.4309],[29.8719,-0.4401],[29.8733,-0.4456],[29.8889,-0.4516],[29.8918,-0.4481],[29.9039,-0.4494],[29.9151,-0.4441],[29.922,-0.4441],[29.9376,-0.4495],[29.9378,-0.4526],[29.9442,-0.4593],[29.9446,-0.4669],[29.9246,-0.5176],[29.9382,-0.5389],[29.9258,-0.5463],[29.9224,-0.5451],[29.918,-0.547],[29.9267,-0.5594],[29.926,-0.5628],[29.9162,-0.5692],[29.9106,-0.5821],[29.9048,-0.5815],[29.9033,-0.5886],[29.8967,-0.5915],[29.8965,-0.5974],[29.8851,-0.6094],[29.8842,-0.6113],[29.8882,-0.6156],[29.8928,-0.6169],[29.8921,-0.62],[29.8956,-0.6212],[29.8957,-0.6249],[29.8984,-0.622],[29.902,-0.6221],[29.9064,-0.6311],[29.9097,-0.6317],[29.914,-0.6408],[29.919,-0.6421],[29.9208,-0.6468],[29.9254,-0.646],[29.9262,-0.6438],[29.9305,-0.6464],[29.9362,-0.6464],[29.9349,-0.6479],[29.9378,-0.6485],[29.938,-0.6507],[29.9579,-0.6577],[29.9597,-0.6617],[29.9571,-0.6653],[29.9712,-0.6868],[29.9728,-0.695],[29.9813,-0.7006],[29.9822,-0.7062],[29.988,-0.7102],[29.9927,-0.7248],[29.9977,-0.7295],[30.0036,-0.7304],[30.0038,-0.7443],[30.0057,-0.7441],[30.0065,-0.7468],[30.0083,-0.7447],[30.0155,-0.7458],[30.0221,-0.7415],[30.0233,-0.75],[30.0313,-0.755],[30.0351,-0.7538],[30.0369,-0.7554],[30.0367,-0.7599],[30.0406,-0.7597],[30.0421,-0.7698],[30.0478,-0.7752],[30.0521,-0.7761],[30.0521,-0.7845],[30.0572,-0.7941],[30.0569,-0.7998],[30.0529,-0.8004],[30.058,-0.8121],[30.0525,-0.8202],[30.0477,-0.8207],[30.0465,-0.8243],[30.0507,-0.8301],[30.0525,-0.8508],[30.0482,-0.8552],[30.0529,-0.8604],[30.051,-0.8612],[30.0512,-0.8653],[30.0538,-0.8672],[30.0497,-0.878],[30.0529,-0.8833],[30.0382,-0.8965],[30.0307,-0.8924],[30.0303,-0.896],[30.0249,-0.8947],[30.0241,-0.9009],[30.02,-0.9048],[30.0222,-0.9069],[30.0368,-0.9071],[30.0399,-0.9147],[30.0449,-0.9168],[30.0474,-0.9258],[30.054,-0.9292],[30.0602,-0.9379],[30.0757,-0.9485],[30.0692,-0.9662],[30.068,-0.9801],[30.0712,-0.9861],[30.07,-1.0004],[30.0583,-1.0119],[30.0444,-1.0194],[30.0505,-1.0318],[30.05,-1.0415],[30.0457,-1.045],[30.0452,-1.0526],[30.0465,-1.0608],[30.0559,-1.0671],[30.0666,-1.0697],[30.0709,-1.0737],[30.0749,-1.0874],[30.0838,-1.1003],[30.0826,-1.1161],[30.0849,-1.1224],[30.0891,-1.127],[30.0943,-1.1277],[30.105,-1.1361],[30.11,-1.1435],[30.1101,-1.1498],[30.1133,-1.156],[30.1365,-1.1561],[30.1405,-1.1601],[30.1506,-1.1565],[30.1546,-1.1615],[30.1612,-1.1593],[30.1701,-1.1601],[30.1931,-1.1522],[30.1872,-1.1701],[30.1896,-1.1864],[30.1911,-1.1897],[30.2018,-1.195],[30.2157,-1.1932],[30.2207,-1.1853],[30.2284,-1.182],[30.2449,-1.1661],[30.2506,-1.1646],[30.2572,-1.1567],[30.299,-1.1559],[30.3073,-1.1449],[30.3137,-1.1439],[30.3367,-1.1312],[30.3448,-1.1318],[30.3384,-1.1055],[30.3396,-1.0963],[30.3441,-1.0891],[30.3488,-1.087],[30.3513,-1.0764],[30.3488,-1.0727],[30.3526,-1.0688],[30.3521,-1.063],[30.3545,-1.065],[30.3582,-1.0605],[30.3614,-1.065],[30.3657,-1.067],[30.3693,-1.065],[30.3727,-1.0696],[30.3749,-1.0681],[30.3723,-1.0657],[30.3766,-1.0611],[30.3862,-1.0678],[30.391,-1.0665],[30.3913,-1.0689],[30.3984,-1.0622],[30.3988,-1.0644],[30.4021,-1.0636],[30.4025,-1.0612],[30.4047,-1.0634],[30.4062,-1.0618],[30.4132,-1.0639],[30.4217,-1.0625],[30.4238,-1.065],[30.4283,-1.0646],[30.4305,-1.0585],[30.4346,-1.0576],[30.4329,-1.0565],[30.4345,-1.0529],[30.4358,-1.0549],[30.4379,-1.0529],[30.4388,-1.0487],[30.443,-1.0481],[30.4446,-1.0505],[30.4451,-1.0487],[30.4477,-1.05],[30.4476,-1.0475],[30.4599,-1.0533],[30.4668,-1.0525],[30.466,-1.0549],[30.4681,-1.0556],[30.4696,-1.0527],[30.4728,-1.0573],[30.4901,-1.0585],[30.4951,-1.0604],[30.5086,-1.0726],[30.5275,-1.0761],[30.5324,-1.074],[30.5397,-1.0747],[30.5491,-1.0686],[30.5555,-1.0682],[30.559,-1.0646],[30.5641,-1.067],[30.5687,-1.0642],[30.5867,-1.061],[30.5957,-1.0653],[30.6095,-1.0644],[30.6332,-1.0712],[30.6332,-1.0665],[30.6493,-1.0659],[30.65,-1.0639],[30.659,-1.0623],[30.6615,-1.0565],[30.6643,-1.0566],[30.669,-1.0506],[30.6692,-1.0438],[30.6724,-1.0371],[30.6986,-1.015],[30.7178,-1.0141],[30.737,-1.0062],[30.7426,-1.0033],[30.7523,-0.9919],[30.7667,-0.9849],[30.775,-0.9866],[30.7991,-0.999],[31.0376,-0.9994],[31.0443,-1.0013],[31.0537,-0.9993],[31.2708,-0.9993]]]},"properties":{"name":"Ankole","id":"F1o6qBSx783"}},
{"type":"Feature","geometry":{"type":"Polygon","coordinates":[[[33.3954,1.3339],[33.4046,1.2961],[33.4125,1.2937],[33.4401,1.292],[33.4538,1.2864],[33.4925,1.2479],[33.5079,1.2203],[33.5233,1.2014],[33.5371,1.1996],[33.5406,1.1965],[33.5421,1.191],[33.5512,1.1885],[33.564,1.1741],[33.5792,1.1716],[33.5915,1.1629],[33.5978,1.1518],[33.6065,1.1236],[33.6144,1.1202],[33.621,1.1141],[33.6312,1.096],[33.6523,1.0719],[33.6927,1.0438],[33.6955,1.0363],[33.6979,1.0129],[33.7065,1.0027],[33.7107,0.9895],[33.7186,0.9778],[33.732,0.9661],[33.7509,0.9559],[33.7672,0.9364],[33.7906,0.9205],[33.7915,0.8949],[33.787,0.825],[33.8013,0.765],[33.8153,0.7522],[33.8131,0.7484],[33.8188,0.7443],[33.816,0.7368],[33.8228,0.7347],[33.8298,0.737],[33.8353,0.7301],[33.8378,0.7307],[33.8377,0.7237],[33.8422,0.7215],[33.8402,0.7179],[33.844,0.7121],[33.8422,0.7066],[33.8442,0.7027],[33.8493,0.7002],[33.8556,0.7012],[33.865,0.6937],[33.8781,0.6938],[33.8905,0.6787],[33.8964,0.6763],[33.8941,0.6657],[33.8989,0.66],[33.8939,0.6523],[33.8984,0.6442],[33.9037,0.6242],[33.9091,0.616],[33.9086,0.6103],[33.9159,0.609],[33.9137,0.6068],[33.9163,0.6023],[33.9192,0.6024],[33.9175,0.597],[33.9213,0.5949],[33.9238,0.5886],[33.9431,0.5838],[33.9498,0.5852],[33.9629,0.5806],[33.9763,0.5829],[33.9757,0.5807],[33.9785,0.5801],[33.9721,0.5614],[33.973,0.5525],[33.956,0.5381],[33.9488,0.5464],[33.9427,0.5449],[33.9397,0.536],[33.9353,0.5357],[33.9361,0.5301],[33.9324,0.523],[33.9259,0.5165],[33.9203,0.5064],[33.9004,0.4915],[33.9018,0.4811],[33.9084,0.4767],[33.9093,0.4724],[33.9124,0.4707],[33.9099,0.4651],[33.9129,0.4596],[33.9112,0.4568],[33.9119,0.4474],[33.9141,0.4441],[33.9219,0.441],[33.9341,0.4239],[33.9263,0.3929],[33.9172,0.379],[33.9111,0.3743],[33.9061,0.3629],[33.884,0.3455],[33.8795,0.3393],[33.8857,0.3258],[33.8829,0.3134],[33.8911,0.309],[33.8951,0.3029],[33.8969,0.2944],[33.9124,0.2599],[33.9132,0.2533],[33.92,0.2469],[33.9251,0.2313],[33.9729,0.1899],[34.0082,0.2408],[34.0172,0.2506],[34.0227,0.2529],[34.0216,0.2579],[34.0249,0.263],[34.024,0.2671],[34.0273,0.2667],[34.0287,0.269],[34.0301,0.2667],[34.0385,0.2703],[34.0394,0.2728],[34.0426,0.2759],[34.0387,0.2788],[34.0414,0.2799],[34.0395,0.2843],[34.0432,0.2856],[34.0396,0.2883],[34.0425,0.2891],[34.0418,0.291],[34.0449,0.2898],[34.0489,0.2916],[34.0484,0.2943],[34.0507,0.2948],[34.049,0.3008],[34.0524,0.3038],[34.0512,0.306],[34.0613,0.3109],[34.059,0.3126],[34.0569,0.3211],[34.0655,0.3235],[34.0727,0.3224],[34.0752,0.3276],[34.0817,0.3287],[34.0817,0.3345],[34.0847,0.3337],[34.0923,0.3439],[34.0998,0.3472],[34.0981,0.3522],[34.1085,0.3674],[34.1094,0.3782],[34.1011,0.4112],[34.0908,0.4242],[34.0902,0.4365],[34.0923,0.4398],[34.0889,0.4541],[34.0999,0.4659],[34.1201,0.4811],[34.1178,0.4885],[34.1193,0.4947],[34.1176,0.5083],[34.1234,0.5154],[34.1168,0.5204],[34.1272,0.5373],[34.1282,0.5558],[34.1384,0.5829],[34.1428,0.5804],[34.1493,0.5855],[34.1536,0.5846],[34.1538,0.5885],[34.1609,0.5929],[34.1625,0.5968],[34.1635,0.5954],[34.1658,0.597],[34.1665,0.5999],[34.1714,0.5997],[34.1725,0.6026],[34.174,0.601],[34.1753,0.6054],[34.1764,0.6039],[34.1782,0.6065],[34.1864,0.604],[34.1874,0.6068],[34.1845,0.6095],[34.1915,0.6129],[34.1918,0.6198],[34.1964,0.6181],[34.196,0.6216],[34.2006,0.626],[34.2035,0.6219],[34.2062,0.6222],[34.2077,0.6259],[34.2166,0.6219],[34.2176,0.6273],[34.221,0.6301],[34.225,0.6296],[34.2296,0.6253],[34.2337,0.6277],[34.2364,0.6255],[34.2406,0.6286],[34.2413,0.633],[34.2506,0.6285],[34.2615,0.6369],[34.2678,0.6368],[34.2699,0.6395],[34.2722,0.6375],[34.2709,0.6398],[34.2726,0.6409],[34.2734,0.6389],[34.2775,0.64],[34.2797,0.6489],[34.2793,0.6538],[34.2769,0.656],[34.28,0.6561],[34.2784,0.6611],[34.2815,0.6638],[34.2781,0.6704],[34.2785,0.6789],[34.2837,0.682],[34.2876,0.6802],[34.2941,0.6861],[34.296,0.6846],[34.2948,0.6878],[34.2978,0.6878],[34.2989,0.6911],[34.3037,0.6909],[34.3063,0.6952],[34.3127,0.6942],[34.3124,0.6986],[34.3143,0.698],[34.3089,0.7061],[34.3107,0.7126],[34.308,0.7168],[34.3107,0.7467],[34.3068,0.7466],[34.3058,0.7506],[34.3004,0.7547],[34.2713,0.7601],[34.2606,0.7694],[34.2372,0.7818],[34.2321,0.7915],[34.2281,0.7947],[34.228,0.799],[34.2185,0.8072],[34.2031,0.8115],[34.1922,0.817],[34.1867,0.8229],[34.1799,0.8244],[34.1842,0.8338],[34.1803,0.8418],[34.1794,0.8574],[34.1693,0.865],[34.1397,0.8807],[34.1282,0.894],[34.1164,0.8946],[34.1084,0.9016],[34.121,0.9288],[34.1173,0.9352],[34.121,0.9379],[34.1266,0.9382],[34.127,0.94],[34.1288,0.9549],[34.1239,0.9869],[34.1291,0.9875],[34.1296,0.9917],[34.1245,0.9999],[34.1205,1.0023],[34.1333,1.0147],[34.1295,1.0185],[34.1202,1.0203],[34.1182,1.0233],[34.1086,1.0236],[34.0812,1.0404],[34.0851,1.0463],[34.1046,1.0506],[34.1122,1.0608],[34.1119,1.0642],[34.1155,1.0683],[34.1205,1.0691],[34.1391,1.0929],[34.1392,1.1001],[34.1344,1.1051],[34.1309,1.1217],[34.1369,1.1439],[34.1297,1.1527],[34.125,1.1695],[34.1203,1.1746],[34.102,1.1867],[34.0876,1.1878],[34.0787,1.1926],[34.0477,1.2008],[34.0331,1.2131],[34.0251,1.2128],[34.0128,1.207],[34.0069,1.2069],[34,1.2094],[33.9913,1.2192],[33.9814,1.2246],[33.9607,1.2276],[33.9524,1.2312],[33.9369,1.2308],[33.9303,1.2359],[33.9255,1.2473],[33.918,1.2566],[33.9057,1.2607],[33.9005,1.2675],[33.8948,1.2691],[33.8859,1.2661],[33.8582,1.2712],[33.8383,1.2896],[33.8281,1.3027],[33.8073,1.3195],[33.7983,1.3217],[33.7741,1.3163],[33.751,1.3166],[33.7421,1.323],[33.7364,1.3355],[33.7284,1.3443],[33.698,1.3403],[33.6863,1.3256],[33.6754,1.316],[33.6511,1.3117],[33.6293,1.3166],[33.5714,1.3106],[33.5676,1.3178],[33.5658,1.3342],[33.5594,1.3397],[33.5531,1.3367],[33.5461,1.3183],[33.5376,1.3173],[33.5238,1.3094],[33.5097,1.3107],[33.4986,1.3216],[33.477,1.3311],[33.4535,1.3285],[33.4469,1.3232],[33.4374,1.3212],[33.4341,1.3224],[33.4313,1.3364],[33.4282,1.34],[33.4105,1.339],[33.3954,1.3339]]]},"properties":{"name":"Bukedi","id":"QBPg7KKCeoA"}},
{"type":"Feature","geometry":{"type":"Polygon","coordinates":[[[31.2156,0.6319],[31.2367,0.6419],[31.2625,0.6793],[31.2733,0.6823],[31.274,0.696],[31.2818,0.7077],[31.2864,0.7086],[31.2897,0.7145],[31.2868,0.7336],[31.2886,0.7398],[31.3176,0.7289],[31.3511,0.7114],[31.3696,0.7047],[31.3749,0.7034],[31.3828,0.7074],[31.3926,0.7331],[31.4022,0.7442],[31.4062,0.7422],[31.4087,0.7452],[31.4044,0.8013],[31.4094,0.808],[31.4215,0.8113],[31.4292,0.8185],[31.4348,0.8169],[31.445,0.8253],[31.4376,0.837],[31.4374,0.8503],[31.4401,0.8568],[31.4504,0.8673],[31.4493,0.8777],[31.4543,0.8926],[31.452,0.8989],[31.4489,0.9023],[31.4461,0.901],[31.4443,0.9034],[31.4459,0.9052],[31.4395,0.9092],[31.4357,0.9161],[31.4349,0.9293],[31.4303,0.9384],[31.4326,0.9492],[31.4434,0.9529],[31.4467,0.9565],[31.4552,0.9572],[31.4693,0.9678],[31.4756,0.9683],[31.4853,0.9735],[31.4879,0.9808],[31.4905,0.9824],[31.5002,0.9832],[31.5085,0.9873],[31.5117,0.9945],[31.5181,0.997],[31.5277,1.0136],[31.5271,1.0282],[31.5212,1.0366],[31.5153,1.0399],[31.5134,1.047],[31.4998,1.0541],[31.4861,1.0576],[31.4809,1.0628],[31.4769,1.0717],[31.4687,1.0734],[31.4658,1.0782],[31.4629,1.0788],[31.4508,1.1013],[31.4392,1.1087],[31.432,1.1189],[31.4262,1.1227],[31.4263,1.1288],[31.4227,1.1366],[31.4224,1.1488],[31.4175,1.1576],[31.4097,1.1615],[31.3977,1.163],[31.3921,1.1625],[31.3833,1.1565],[31.3781,1.1579],[31.3675,1.1629],[31.3608,1.169],[31.3515,1.1721],[31.3421,1.1861],[31.3332,1.1927],[31.3203,1.1977],[31.3027,1.1977],[31.2971,1.2072],[31.2925,1.2082],[31.3048,1.2194],[31.3188,1.2369],[31.323,1.2387],[31.3693,1.239],[31.3771,1.2553],[31.3831,1.2616],[31.3997,1.2702],[31.4151,1.2692],[31.4166,1.269],[31.4388,1.2695],[31.4493,1.2742],[31.457,1.2834],[31.4557,1.2973],[31.4592,1.3027],[31.4649,1.3082],[31.4814,1.3142],[31.5005,1.3259],[31.5142,1.346],[31.5247,1.3571],[31.5326,1.3621],[31.5647,1.3654],[31.5775,1.362],[31.5802,1.3585],[31.6062,1.3459],[31.6104,1.3417],[31.6173,1.3436],[31.6237,1.3416],[31.6362,1.3463],[31.6408,1.3451],[31.651,1.3473],[31.6663,1.3431],[31.6797,1.3346],[31.6889,1.3369],[31.6952,1.3341],[31.7006,1.3356],[31.7145,1.3319],[31.7178,1.3335],[31.7224,1.3321],[31.7255,1.3272],[31.7385,1.3232],[31.7442,1.3257],[31.7535,1.3243],[31.7662,1.3336],[31.7729,1.3345],[31.7756,1.343],[31.7802,1.3466],[31.7849,1.3468],[31.7935,1.3547],[31.8055,1.3557],[31.8075,1.3542],[31.8252,1.3604],[31.8319,1.3597],[31.8464,1.3718],[31.853,1.3811],[31.8593,1.3833],[31.8616,1.3879],[31.8638,1.3881],[31.8621,1.3935],[31.8649,1.3961],[31.8677,1.3948],[31.8695,1.406],[31.8731,1.4125],[31.8788,1.4145],[31.8781,1.4188],[31.8824,1.4203],[31.8856,1.4247],[31.8903,1.4212],[31.8951,1.4316],[31.9008,1.4295],[31.9036,1.4362],[31.9133,1.4402],[31.9122,1.4481],[31.9185,1.4478],[31.9209,1.4515],[31.9304,1.446],[31.9296,1.4505],[31.9322,1.4537],[31.9384,1.454],[31.946,1.4581],[31.9507,1.4572],[31.9562,1.4606],[31.9578,1.4644],[31.9583,1.4596],[31.9621,1.4591],[31.9752,1.4661],[31.9684,1.4863],[31.9711,1.4922],[31.976,1.4963],[31.9718,1.504],[31.9804,1.5071],[31.9839,1.5073],[31.9847,1.5054],[31.9874,1.5067],[31.9856,1.5139],[31.9899,1.5161],[31.987,1.5188],[31.9894,1.5228],[31.988,1.5275],[31.993,1.531],[31.9953,1.527],[31.9995,1.5269],[31.9974,1.5326],[32.0009,1.5352],[32.0009,1.5429],[32.0029,1.5424],[32.0034,1.5377],[32.0088,1.5347],[32.0129,1.5399],[32.0168,1.5381],[32.0231,1.5429],[32.0296,1.541],[32.0376,1.5452],[32.0399,1.5422],[32.0474,1.5437],[32.0473,1.5509],[32.0499,1.5579],[32.0549,1.5607],[32.057,1.5718],[32.0628,1.5716],[32.0638,1.5789],[32.0688,1.5787],[32.0728,1.5755],[32.0753,1.5807],[32.0733,1.5846],[32.0744,1.5873],[32.0811,1.5857],[32.0898,1.5911],[32.0908,1.6052],[32.0842,1.6111],[32.0909,1.615],[32.0913,1.6181],[32.0834,1.6388],[32.0905,1.6409],[32.0956,1.6482],[32.0925,1.6562],[32.1014,1.6798],[32.0957,1.6999],[32.101,1.7279],[32.1072,1.7392],[32.1274,1.7463],[32.1518,1.7615],[32.1663,1.7769],[32.1946,1.782],[32.2063,1.7815],[32.2168,1.7934],[32.2334,1.7897],[32.2569,1.8027],[32.272,1.8067],[32.278,1.8137],[32.2757,1.8312],[32.279,1.8371],[32.2839,1.8387],[32.2929,1.8357],[32.3055,1.8384],[32.3168,1.8451],[32.3376,1.8519],[32.3436,1.8603],[32.3393,1.8767],[32.3442,1.8956],[32.3424,1.9234],[32.3445,1.9291],[32.353,1.9344],[32.3611,1.9432],[32.3637,1.9497],[32.3633,1.9537],[32.3585,1.9572],[32.3379,1.9558],[32.3346,1.9586],[32.3336,1.9652],[32.339,1.976],[32.3367,1.9905],[32.3435,2.0137],[32.3438,2.0354],[32.3501,2.053],[32.3526,2.0755],[32.3434,2.0832],[32.3418,2.0908],[32.3291,2.1061],[32.3288,2.1122],[32.3328,2.1249],[32.3188,2.1406],[32.3221,2.1664],[32.3169,2.1857],[32.3169,2.1949],[32.3041,2.2128],[32.297,2.2154],[32.2966,2.2203],[32.2907,2.2256],[32.2842,2.2377],[32.2589,2.2539],[32.2528,2.2517],[32.2507,2.2468],[32.2433,2.2412],[32.2229,2.2464],[32.2216,2.2438],[32.2141,2.2415],[32.2131,2.2378],[32.2009,2.2275],[32.1938,2.2249],[32.1892,2.217],[32.1746,2.2183],[32.166,2.2221],[32.1485,2.2216],[32.1457,2.2311],[32.1329,2.2407],[32.1209,2.2457],[32.1104,2.2447],[32.0953,2.2523],[32.0848,2.2627],[32.0533,2.2825],[32.0419,2.2841],[32.0329,2.2772],[32.0256,2.2766],[32.0228,2.2891],[32.0131,2.3065],[31.9961,2.3112],[31.9901,2.3183],[31.9803,2.3179],[31.9784,2.3203],[31.9796,2.3268],[31.9678,2.3253],[31.961,2.337],[31.9557,2.3407],[31.9421,2.3389],[31.9441,2.3449],[31.9362,2.3435],[31.9274,2.3601],[31.9185,2.3656],[31.9133,2.3642],[31.909,2.3593],[31.9001,2.3626],[31.8911,2.3598],[31.8871,2.3629],[31.8818,2.3631],[31.8687,2.3592],[31.857,2.3665],[31.8547,2.3661],[31.854,2.3611],[31.8498,2.3589],[31.8332,2.3692],[31.8085,2.3578],[31.7972,2.3461],[31.7843,2.3392],[31.7847,2.3332],[31.7754,2.3314],[31.77,2.3279],[31.7635,2.3162],[31.7531,2.3087],[31.7504,2.3016],[31.7424,2.2961],[31.7369,2.2967],[31.708,2.2871],[31.6992,2.2889],[31.6964,2.2852],[31.6961,2.2763],[31.6867,2.2787],[31.6664,2.2736],[31.6536,2.2654],[31.6477,2.2589],[31.6358,2.2597],[31.6242,2.2741],[31.6019,2.2722],[31.5886,2.2808],[31.5716,2.2859],[31.5512,2.2827],[31.5353,2.2714],[31.5256,2.2567],[31.5123,2.2508],[31.4906,2.247],[31.4735,2.2304],[31.4669,2.2272],[31.446,2.2299],[31.428,2.2376],[31.4144,2.2359],[31.4031,2.2395],[31.398,2.2352],[31.3889,2.2368],[31.3714,2.2463],[31.3454,2.2451],[31.3365,2.2475],[31.3064,2.1542],[31.3063,2.1136],[31.2956,2.1016],[31.2354,2.0162],[31.1957,1.9656],[31.1,1.8519],[31.0288,1.7468],[30.758,1.5306],[30.6358,1.4041],[30.5503,1.3068],[30.551,1.0369],[30.5383,1.0092],[30.5387,0.9994],[30.5424,0.9921],[30.5531,0.9853],[30.5459,0.9815],[30.5462,0.977],[30.5436,0.9763],[30.5442,0.9649],[30.5508,0.9616],[30.5515,0.9554],[30.5577,0.9465],[30.5622,0.9444],[30.5615,0.9323],[30.5714,0.9255],[30.5731,0.9195],[30.5985,0.9081],[30.6165,0.9063],[30.6237,0.8959],[30.6296,0.8948],[30.6308,0.8922],[30.6369,0.8951],[30.6387,0.8899],[30.6453,0.8934],[30.644,0.8897],[30.6479,0.8895],[30.6508,0.886],[30.6519,0.8933],[30.6556,0.8937],[30.6647,0.8906],[30.671,0.8843],[30.6729,0.8875],[30.6776,0.8868],[30.68,0.8831],[30.6893,0.8852],[30.6981,0.885],[30.703,0.8826],[30.7059,0.8849],[30.7247,0.8772],[30.7273,0.8783],[30.7282,0.8714],[30.7354,0.8712],[30.7388,0.8618],[30.7459,0.8577],[30.7505,0.8607],[30.7608,0.8598],[30.7624,0.8504],[30.7732,0.844],[30.7808,0.8454],[30.7883,0.8339],[30.7941,0.8346],[30.7963,0.8374],[30.805,0.8364],[30.8224,0.84],[30.829,0.8393],[30.831,0.8262],[30.8383,0.8295],[30.8445,0.8281],[30.8444,0.812],[30.8499,0.8085],[30.8517,0.8041],[30.8771,0.7873],[30.891,0.774],[30.898,0.774],[30.9002,0.7679],[30.9097,0.7611],[30.9158,0.7573],[30.9168,0.7607],[30.9201,0.7536],[30.9201,0.7468],[30.9264,0.7357],[30.9279,0.7229],[30.9347,0.7187],[30.935,0.7145],[30.9718,0.6964],[30.9768,0.6901],[31.001,0.6772],[31.0236,0.6675],[31.036,0.6647],[31.0462,0.6574],[31.0491,0.6621],[31.0512,0.6617],[31.0791,0.6453],[31.0922,0.6426],[31.0929,0.6383],[31.0957,0.6363],[31.1047,0.6361],[31.1055,0.6483],[31.1081,0.6505],[31.1107,0.6487],[31.1141,0.6499],[31.1197,0.6573],[31.1249,0.6575],[31.1298,0.6536],[31.1363,0.6585],[31.1383,0.6572],[31.1513,0.6609],[31.1786,0.6536],[31.1907,0.6452],[31.2088,0.6385],[31.2156,0.6319]]]},"properties":{"name":"Bunyoro","id":"yx0ieyZNF0l"}},
{"type":"Feature","geometry":{"type":"Polygon","coordinates":[[[33.5236,-0.9992],[33.9296,-0.9958],[33.9293,-0.5397],[33.9412,-0.4214],[33.9719,-0.25],[33.9868,-0.1528],[33.9878,-0.1312],[33.9426,-0.0027],[33.9135,0.0969],[33.9107,0.0995],[33.9133,0.1085],[33.9729,0.1899],[33.9251,0.2313],[33.92,0.2469],[33.9132,0.2533],[33.9124,0.2599],[33.8969,0.2944],[33.8951,0.3029],[33.8911,0.309],[33.8829,0.3134],[33.8857,0.3258],[33.8795,0.3393],[33.884,0.3455],[33.9061,0.3629],[33.9111,0.3743],[33.9172,0.379],[33.9263,0.3929],[33.9341,0.4239],[33.9219,0.441],[33.9141,0.4441],[33.9119,0.4474],[33.9112,0.4568],[33.9129,0.4596],[33.9099,0.4651],[33.9124,0.4707],[33.9093,0.4724],[33.9084,0.4767],[33.9018,0.4811],[33.9004,0.4915],[33.9203,0.5064],[33.9259,0.5165],[33.9324,0.523],[33.9361,0.5301],[33.9353,0.5357],[33.9397,0.536],[33.9427,0.5449],[33.9488,0.5464],[33.956,0.5381],[33.973,0.5525],[33.9721,0.5614],[33.9785,0.5801],[33.9757,0.5807],[33.9763,0.5829],[33.9629,0.5806],[33.9498,0.5852],[33.9431,0.5838],[33.9238,0.5886],[33.9213,0.5949],[33.9175,0.597],[33.9192,0.6024],[33.9163,0.6023],[33.9137,0.6068],[33.9159,0.609],[33.9086,0.6103],[33.9091,0.616],[33.9037,0.6242],[33.8984,0.6442],[33.8939,0.6523],[33.8989,0.66],[33.8941,0.6657],[33.8964,0.6763],[33.8905,0.6787],[33.8781,0.6938],[33.865,0.6937],[33.8556,0.7012],[33.8493,0.7002],[33.8442,0.7027],[33.8422,0.7066],[33.844,0.7121],[33.8402,0.7179],[33.8422,0.7215],[33.8377,0.7237],[33.8378,0.7307],[33.8353,0.7301],[33.8298,0.737],[33.8228,0.7347],[33.816,0.7368],[33.8188,0.7443],[33.8131,0.7484],[33.8153,0.7522],[33.8013,0.765],[33.787,0.825],[33.7915,0.8949],[33.7906,0.9205],[33.7672,0.9364],[33.7509,0.9559],[33.732,0.9661],[33.7186,0.9778],[33.7107,0.9895],[33.7065,1.0027],[33.6979,1.0129],[33.6955,1.0363],[33.6927,1.0438],[33.6523,1.0719],[33.6312,1.096],[33.621,1.1141],[33.6144,1.1202],[33.6065,1.1236],[33.5978,1.1518],[33.5915,1.1629],[33.5792,1.1716],[33.564,1.1741],[33.5512,1.1885],[33.5421,1.191],[33.5406,1.1965],[33.5371,1.1996],[33.5233,1.2014],[33.5079,1.2203],[33.4925,1.2479],[33.4538,1.2864],[33.4401,1.292],[33.4125,1.2937],[33.4046,1.2961],[33.3954,1.3339],[33.3852,1.3566],[33.3763,1.3668],[33.366,1.3694],[33.3542,1.3688],[33.3377,1.3744],[33.314,1.3761],[33.308,1.3747],[33.2868,1.3631],[33.2478,1.3344],[33.1525,1.3557],[33.0644,1.4369],[33.0155,1.4609],[32.9737,1.4772],[32.8946,1.4813],[32.8653,1.4804],[32.8203,1.475],[32.8264,1.4405],[32.8424,1.3877],[32.8546,1.3522],[32.8647,1.3324],[32.8894,1.3065],[32.905,1.2861],[32.9129,1.2691],[32.9355,1.2355],[32.936,1.2167],[32.9394,1.2099],[32.9583,1.2037],[32.9658,1.19],[32.9639,1.1745],[32.9678,1.1598],[32.9673,1.1506],[32.9612,1.1336],[32.9602,1.115],[32.9416,1.0967],[32.9379,1.0883],[32.9373,1.0815],[32.9437,1.0567],[32.9357,1.0345],[32.9347,1.0244],[32.937,1.0167],[32.9438,1.0108],[32.9452,1.0065],[32.9456,0.9753],[32.9503,0.9643],[32.9493,0.9461],[32.9556,0.9387],[32.9641,0.9368],[32.9689,0.9163],[32.9761,0.9103],[32.9952,0.8839],[33.0042,0.8755],[33.0054,0.8662],[33.0106,0.8582],[33.0108,0.8466],[33.0306,0.8289],[33.0373,0.8021],[33.0387,0.7874],[33.0443,0.7804],[33.041,0.7729],[33.0485,0.7648],[33.0466,0.7608],[33.0533,0.7389],[33.0473,0.7313],[33.0585,0.6949],[33.056,0.6716],[33.0492,0.6588],[33.0466,0.6578],[33.0433,0.6478],[33.0441,0.6387],[33.0545,0.6239],[33.0517,0.6204],[33.0538,0.6137],[33.0507,0.5953],[33.0555,0.5945],[33.0722,0.5808],[33.0718,0.5722],[33.0766,0.5619],[33.0752,0.5566],[33.0815,0.5536],[33.0827,0.5466],[33.0892,0.5471],[33.1052,0.5272],[33.1163,0.5217],[33.1194,0.5159],[33.1348,0.5057],[33.138,0.5012],[33.137,0.4967],[33.1417,0.4913],[33.1448,0.4921],[33.1517,0.4882],[33.1541,0.4788],[33.1598,0.4805],[33.1599,0.474],[33.1676,0.4679],[33.1748,0.4557],[33.1825,0.4512],[33.1848,0.4418],[33.1933,0.4294],[33.197,0.4127],[33.2056,0.4082],[33.2464,0.4031],[33.2726,0.3946],[33.2822,0.3889],[33.2904,0.379],[33.2894,0.3537],[33.2927,0.3444],[33.3005,0.3353],[33.3444,0.3318],[33.3856,0.3107],[33.392,0.3017],[33.3965,0.2784],[33.4221,0.2505],[33.4185,0.2409],[33.4176,0.23],[33.4209,0.2213],[33.4262,0.2161],[33.4262,0.21],[33.4764,0.1599],[33.5273,0.14],[33.5298,0.1482],[33.5383,0.152],[33.5387,0.1405],[33.5338,0.1261],[33.5452,0.0977],[33.5561,0.086],[33.5372,0.0165],[33.5222,-0.0269],[33.5211,-0.3958],[33.5236,-0.9992]]]},"properties":{"name":"Busoga","id":"Wd1lV9Qdj4o"}},
{"type":"Feature","geometry":{"type":"Polygon","coordinates":[[[29.676,-0.3365],[29.6514,-0.4632],[29.6546,-0.4695],[29.6564,-0.4682],[29.6617,-0.4722],[29.6652,-0.4711],[29.671,-0.4745],[29.6709,-0.4822],[29.6764,-0.4942],[29.6681,-0.5013],[29.672,-0.505],[29.671,-0.5174],[29.6739,-0.5224],[29.671,-0.5267],[29.6732,-0.5379],[29.667,-0.5438],[29.6702,-0.5489],[29.6698,-0.5569],[29.6733,-0.5551],[29.6777,-0.5564],[29.6771,-0.5602],[29.6816,-0.5609],[29.6831,-0.5655],[29.6808,-0.5658],[29.6819,-0.5676],[29.6791,-0.5737],[29.6775,-0.5732],[29.6753,-0.5787],[29.6731,-0.5791],[29.6728,-0.5848],[29.6707,-0.5853],[29.6723,-0.5863],[29.6703,-0.5866],[29.6689,-0.5913],[29.6619,-0.594],[29.6625,-0.5959],[29.6595,-0.594],[29.6601,-0.5961],[29.6583,-0.5947],[29.6572,-0.5967],[29.6493,-0.5954],[29.6527,-0.6018],[29.6523,-0.6059],[29.6541,-0.6053],[29.656,-0.6097],[29.6575,-0.6194],[29.6632,-0.6244],[29.6574,-0.6313],[29.6541,-0.6396],[29.6511,-0.6411],[29.6507,-0.6478],[29.6487,-0.6491],[29.6512,-0.6524],[29.6509,-0.6571],[29.648,-0.6622],[29.646,-0.6613],[29.6445,-0.6635],[29.6407,-0.6732],[29.6356,-0.6755],[29.6352,-0.678],[29.6375,-0.6782],[29.6346,-0.6871],[29.6365,-0.6874],[29.6337,-0.6906],[29.635,-0.6925],[29.6324,-0.6949],[29.6328,-0.6994],[29.63,-0.7021],[29.6274,-0.7012],[29.626,-0.7047],[29.6276,-0.7164],[29.6246,-0.7186],[29.6246,-0.724],[29.6307,-0.7324],[29.6279,-0.736],[29.6313,-0.7416],[29.6295,-0.7424],[29.6308,-0.7492],[29.6284,-0.7519],[29.631,-0.7716],[29.6298,-0.7764],[29.6267,-0.7773],[29.6294,-0.7877],[29.6271,-0.7883],[29.6256,-0.7926],[29.6324,-0.7968],[29.6327,-0.8013],[29.63,-0.8058],[29.6347,-0.8111],[29.6358,-0.8162],[29.6384,-0.8166],[29.6401,-0.8298],[29.6382,-0.8307],[29.6394,-0.8345],[29.6346,-0.8377],[29.6276,-0.8536],[29.6268,-0.8722],[29.6301,-0.8819],[29.6282,-0.885],[29.6373,-0.8999],[29.5881,-0.9],[29.5814,-0.9049],[29.5821,-0.9189],[29.5892,-0.9232],[29.5927,-0.9322],[29.5864,-0.9423],[29.5899,-0.9456],[29.5943,-0.9666],[29.5928,-0.9728],[29.5947,-0.9766],[29.601,-0.9801],[29.597,-0.987],[29.5937,-0.9865],[29.5896,-0.9801],[29.5854,-0.9818],[29.589,-0.9909],[29.5847,-1.002],[29.5824,-1.02],[29.5897,-1.0529],[29.582,-1.1046],[29.5779,-1.1105],[29.5802,-1.118],[29.5757,-1.1286],[29.5797,-1.1476],[29.5853,-1.1555],[29.5768,-1.1705],[29.58,-1.176],[29.5792,-1.1795],[29.5765,-1.1842],[29.5722,-1.1862],[29.573,-1.1906],[29.5823,-1.1985],[29.5842,-1.2041],[29.6049,-1.2179],[29.6074,-1.2217],[29.6026,-1.2247],[29.6066,-1.2327],[29.6042,-1.2442],[29.5956,-1.2505],[29.5922,-1.2704],[29.5984,-1.3017],[29.6018,-1.3048],[29.6063,-1.3175],[29.5896,-1.3883],[29.6151,-1.3863],[29.6377,-1.3884],[29.6442,-1.3831],[29.6755,-1.382],[29.688,-1.367],[29.6892,-1.3614],[29.6985,-1.3579],[29.6998,-1.355],[29.7081,-1.3503],[29.7108,-1.3444],[29.7278,-1.3402],[29.7442,-1.3411],[29.7557,-1.3447],[29.7649,-1.3518],[29.7743,-1.3656],[29.7949,-1.3722],[29.7933,-1.3636],[29.7946,-1.3492],[29.8033,-1.3387],[29.807,-1.3299],[29.8177,-1.3274],[29.8192,-1.3162],[29.8175,-1.3145],[29.8225,-1.3079],[29.8271,-1.3135],[29.8318,-1.3141],[29.8407,-1.3199],[29.8385,-1.3319],[29.8487,-1.3389],[29.8502,-1.3453],[29.856,-1.3494],[29.8564,-1.3556],[29.8595,-1.3605],[29.869,-1.3551],[29.8789,-1.3555],[29.8812,-1.405],[29.8855,-1.4125],[29.8836,-1.4144],[29.8833,-1.4226],[29.8884,-1.4279],[29.8905,-1.4493],[29.9126,-1.4813],[29.9228,-1.4798],[29.9316,-1.4716],[29.9464,-1.4656],[29.9571,-1.4616],[29.9763,-1.459],[29.9827,-1.4511],[29.9931,-1.4469],[29.998,-1.4368],[30.0093,-1.4282],[30.0138,-1.4166],[30.0197,-1.4141],[30.0217,-1.4134],[30.0259,-1.4188],[30.0365,-1.4213],[30.0373,-1.4254],[30.0425,-1.4287],[30.0528,-1.432],[30.0555,-1.4217],[30.0522,-1.4013],[30.0699,-1.392],[30.0708,-1.382],[30.0731,-1.3789],[30.0833,-1.3733],[30.0889,-1.3764],[30.0979,-1.3767],[30.1033,-1.3725],[30.1112,-1.3759],[30.1193,-1.3854],[30.1239,-1.3833],[30.128,-1.3645],[30.1379,-1.3611],[30.1396,-1.3554],[30.145,-1.3507],[30.1524,-1.3515],[30.1698,-1.3452],[30.1624,-1.3349],[30.1646,-1.3277],[30.1619,-1.3177],[30.1677,-1.3056],[30.1744,-1.3015],[30.1694,-1.2745],[30.1751,-1.2715],[30.1875,-1.2706],[30.1908,-1.2815],[30.1978,-1.2807],[30.1975,-1.2735],[30.2039,-1.2724],[30.2108,-1.2762],[30.2211,-1.2602],[30.2427,-1.241],[30.2541,-1.2204],[30.2661,-1.2124],[30.2756,-1.2103],[30.2781,-1.1986],[30.2847,-1.1961],[30.2923,-1.1896],[30.2912,-1.1863],[30.2963,-1.1723],[30.299,-1.1559],[30.2572,-1.1567],[30.2506,-1.1646],[30.2449,-1.1661],[30.2284,-1.182],[30.2207,-1.1853],[30.2157,-1.1932],[30.2018,-1.195],[30.1911,-1.1897],[30.1896,-1.1864],[30.1872,-1.1701],[30.1931,-1.1522],[30.1701,-1.1601],[30.1612,-1.1593],[30.1546,-1.1615],[30.1506,-1.1565],[30.1405,-1.1601],[30.1365,-1.1561],[30.1133,-1.156],[30.1101,-1.1498],[30.11,-1.1435],[30.105,-1.1361],[30.0943,-1.1277],[30.0891,-1.127],[30.0849,-1.1224],[30.0826,-1.1161],[30.0838,-1.1003],[30.0749,-1.0874],[30.0709,-1.0737],[30.0666,-1.0697],[30.0559,-1.0671],[30.0465,-1.0608],[30.0452,-1.0526],[30.0457,-1.045],[30.05,-1.0415],[30.0505,-1.0318],[30.0444,-1.0194],[30.0583,-1.0119],[30.07,-1.0004],[30.0712,-0.9861],[30.068,-0.9801],[30.0692,-0.9662],[30.0757,-0.9485],[30.0602,-0.9379],[30.054,-0.9292],[30.0474,-0.9258],[30.0449,-0.9168],[30.0399,-0.9147],[30.0368,-0.9071],[30.0222,-0.9069],[30.02,-0.9048],[30.0241,-0.9009],[30.0249,-0.8947],[30.0303,-0.896],[30.0307,-0.8924],[30.0382,-0.8965],[30.0529,-0.8833],[30.0497,-0.878],[30.0538,-0.8672],[30.0512,-0.8653],[30.051,-0.8612],[30.0529,-0.8604],[30.0482,-0.8552],[30.0525,-0.8508],[30.0507,-0.8301],[30.0465,-0.8243],[30.0477,-0.8207],[30.0525,-0.8202],[30.058,-0.8121],[30.0529,-0.8004],[30.0569,-0.7998],[30.0572,-0.7941],[30.0521,-0.7845],[30.0521,-0.7761],[30.0478,-0.7752],[30.0421,-0.7698],[30.0406,-0.7597],[30.0367,-0.7599],[30.0369,-0.7554],[30.0351,-0.7538],[30.0313,-0.755],[30.0233,-0.75],[30.0221,-0.7415],[30.0155,-0.7458],[30.0083,-0.7447],[30.0065,-0.7468],[30.0057,-0.7441],[30.0038,-0.7443],[30.0036,-0.7304],[29.9977,-0.7295],[29.9927,-0.7248],[29.988,-0.7102],[29.9822,-0.7062],[29.9813,-0.7006],[29.9728,-0.695],[29.9712,-0.6868],[29.9571,-0.6653],[29.9597,-0.6617],[29.9579,-0.6577],[29.938,-0.6507],[29.9378,-0.6485],[29.9349,-0.6479],[29.9362,-0.6464],[29.9305,-0.6464],[29.9262,-0.6438],[29.9254,-0.646],[29.9208,-0.6468],[29.919,-0.6421],[29.914,-0.6408],[29.9097,-0.6317],[29.9064,-0.6311],[29.902,-0.6221],[29.8984,-0.622],[29.8957,-0.6249],[29.8956,-0.6212],[29.8921,-0.62],[29.8928,-0.6169],[29.8882,-0.6156],[29.8842,-0.6113],[29.8851,-0.6094],[29.8965,-0.5974],[29.8967,-0.5915],[29.9033,-0.5886],[29.9048,-0.5815],[29.9106,-0.5821],[29.9162,-0.5692],[29.926,-0.5628],[29.9267,-0.5594],[29.918,-0.547],[29.9224,-0.5451],[29.9258,-0.5463],[29.9382,-0.5389],[29.9246,-0.5176],[29.9446,-0.4669],[29.9442,-0.4593],[29.9378,-0.4526],[29.9376,-0.4495],[29.922,-0.4441],[29.9151,-0.4441],[29.9039,-0.4494],[29.8918,-0.4481],[29.8889,-0.4516],[29.8733,-0.4456],[29.8719,-0.4401],[29.8753,-0.4309],[29.8606,-0.4132],[29.8642,-0.4025],[29.8641,-0.395],[29.8614,-0.3901],[29.8487,-0.3853],[29.8447,-0.3874],[29.8409,-0.3865],[29.8197,-0.3742],[29.676,-0.3365]]]},"properties":{"name":"Kigezi","id":"G0rlphd2tcD"}},
{"type":"Feature","geometry":{"type":"Polygon","coordinates":[[[32.9737,1.4772],[32.9745,1.5576],[32.9673,1.5824],[32.9669,1.6116],[32.9641,1.6213],[32.9519,1.6317],[32.9451,1.6422],[32.9965,1.6717],[32.9939,1.6864],[33,1.7123],[33.0043,1.7134],[33.0142,1.7081],[33.026,1.7061],[33.0468,1.7081],[33.073,1.723],[33.0838,1.7319],[33.0867,1.7381],[33.084,1.7482],[33.094,1.7653],[33.104,1.7773],[33.1016,1.7916],[33.1152,1.8227],[33.112,1.8306],[33.1137,1.8393],[33.1118,1.8475],[33.1154,1.8557],[33.1192,1.8581],[33.1324,1.8539],[33.1418,1.857],[33.1461,1.8706],[33.155,1.8744],[33.1602,1.8725],[33.1652,1.8741],[33.2004,1.9078],[33.2098,1.9111],[33.2213,1.9101],[33.2283,1.9205],[33.2421,1.9239],[33.2448,1.9338],[33.2516,1.9414],[33.2493,1.9521],[33.2603,1.9552],[33.2645,1.9539],[33.2715,1.9572],[33.2707,1.9663],[33.275,1.9743],[33.2744,1.9899],[33.2824,2.0032],[33.284,2.0106],[33.282,2.0219],[33.2853,2.0316],[33.2944,2.0428],[33.3093,2.0474],[33.3145,2.0535],[33.3244,2.0527],[33.3363,2.0442],[33.3487,2.0307],[33.364,2.0279],[33.3656,2.036],[33.3635,2.0421],[33.3476,2.0636],[33.3612,2.0986],[33.3683,2.1078],[33.3871,2.1137],[33.3903,2.1177],[33.4021,2.1234],[33.4158,2.1429],[33.4218,2.1361],[33.4259,2.1249],[33.4374,2.1111],[33.4442,2.1194],[33.4551,2.1276],[33.4559,2.1443],[33.4664,2.1564],[33.4709,2.1786],[33.4772,2.1873],[33.4787,2.1962],[33.4748,2.2074],[33.4629,2.2118],[33.4535,2.2221],[33.4424,2.2293],[33.4412,2.2411],[33.4449,2.2463],[33.4492,2.2434],[33.4615,2.2417],[33.4723,2.235],[33.4789,2.2353],[33.4817,2.2331],[33.4842,2.2347],[33.4917,2.231],[33.5087,2.2513],[33.5387,2.27],[33.5481,2.2834],[33.5492,2.2908],[33.5439,2.318],[33.5462,2.3293],[33.5374,2.3508],[33.5346,2.3529],[33.5375,2.3572],[33.5491,2.3545],[33.5534,2.3558],[33.5584,2.3519],[33.5609,2.3534],[33.562,2.3503],[33.564,2.3506],[33.566,2.3419],[33.5685,2.3413],[33.5685,2.3347],[33.5713,2.3366],[33.5762,2.3325],[33.5806,2.3337],[33.5839,2.327],[33.5875,2.3306],[33.5929,2.3306],[33.5945,2.3285],[33.6072,2.3364],[33.6123,2.3337],[33.6169,2.3362],[33.6175,2.3402],[33.6199,2.3386],[33.6239,2.3418],[33.6251,2.3457],[33.6231,2.3467],[33.6252,2.3513],[33.6327,2.356],[33.6321,2.3584],[33.6402,2.3559],[33.6549,2.3565],[33.659,2.3538],[33.6741,2.3557],[33.6726,2.3598],[33.6791,2.3714],[33.688,2.3747],[33.6961,2.3862],[33.7012,2.3858],[33.7018,2.388],[33.7071,2.3895],[33.7074,2.3955],[33.714,2.3986],[33.7164,2.404],[33.723,2.4055],[33.736,2.4175],[33.7387,2.4231],[33.7376,2.4275],[33.7431,2.4287],[33.7453,2.4356],[33.7401,2.4384],[33.7395,2.4453],[33.7322,2.4495],[33.7287,2.4481],[33.7276,2.4514],[33.7055,2.4605],[33.6963,2.4821],[33.6696,2.5054],[33.6525,2.4897],[33.6274,2.4712],[33.6146,2.4898],[33.6151,2.493],[33.6061,2.4958],[33.6078,2.4997],[33.5933,2.511],[33.5801,2.5264],[33.5753,2.5414],[33.5702,2.5446],[33.5685,2.5486],[33.5532,2.5589],[33.5515,2.5686],[33.5393,2.5879],[33.533,2.6038],[33.5231,2.6044],[33.5226,2.6008],[33.5186,2.6008],[33.5193,2.5986],[33.516,2.5945],[33.5124,2.5922],[33.5073,2.5933],[33.5031,2.5877],[33.4967,2.589],[33.4948,2.5925],[33.4888,2.5905],[33.4844,2.5933],[33.4801,2.5903],[33.4769,2.5966],[33.4716,2.5945],[33.4692,2.5966],[33.4662,2.5935],[33.46,2.5963],[33.4595,2.5934],[33.4542,2.5909],[33.4487,2.5926],[33.4438,2.5909],[33.446,2.5961],[33.4445,2.608],[33.4423,2.6084],[33.444,2.612],[33.437,2.6133],[33.4352,2.6184],[33.4403,2.6214],[33.4413,2.6271],[33.4398,2.6286],[33.4381,2.6272],[33.4375,2.6304],[33.4343,2.6284],[33.4317,2.6337],[33.4277,2.6323],[33.4289,2.6268],[33.4108,2.5953],[33.3956,2.5961],[33.3643,2.6056],[33.3562,2.6052],[33.3518,2.6079],[33.3149,2.6121],[33.308,2.6081],[33.2994,2.6073],[33.2913,2.5959],[33.266,2.5951],[33.2586,2.5975],[33.2403,2.5934],[33.2228,2.5968],[33.2136,2.5955],[33.2069,2.5986],[33.1833,2.5854],[33.157,2.6191],[33.0735,2.5891],[33.067,2.5774],[33.0582,2.5722],[33.0503,2.5639],[33.0347,2.556],[33.0292,2.5485],[33.0157,2.5394],[33.0118,2.5317],[33.0066,2.5304],[33.0022,2.5338],[32.9931,2.5269],[32.9884,2.529],[32.9878,2.5331],[32.9906,2.5374],[32.9962,2.538],[32.9989,2.5488],[32.998,2.5539],[32.9848,2.5598],[32.9776,2.5516],[32.971,2.5555],[32.9612,2.5502],[32.9544,2.5502],[32.9533,2.5531],[32.9579,2.5584],[32.9558,2.5624],[32.9458,2.5604],[32.9436,2.5636],[32.9393,2.5641],[32.9384,2.5696],[32.9469,2.57],[32.9595,2.5923],[32.9586,2.5971],[32.9515,2.597],[32.9537,2.6051],[32.9497,2.6043],[32.9405,2.5952],[32.9319,2.5917],[32.9293,2.5931],[32.9345,2.6043],[32.9404,2.6092],[32.9381,2.6115],[32.9291,2.6066],[32.9197,2.6063],[32.9175,2.6011],[32.9189,2.5966],[32.9147,2.5945],[32.9052,2.6018],[32.9,2.5974],[32.8899,2.6028],[32.8853,2.6015],[32.8855,2.6063],[32.8913,2.6067],[32.8898,2.6134],[32.8919,2.6152],[32.8915,2.6189],[32.8869,2.6141],[32.8841,2.6164],[32.8862,2.6181],[32.8853,2.6209],[32.8813,2.6189],[32.873,2.6195],[32.8724,2.6223],[32.8757,2.6253],[32.8673,2.626],[32.8567,2.6204],[32.8509,2.6245],[32.8508,2.6296],[32.855,2.6323],[32.8604,2.6446],[32.8598,2.6477],[32.8536,2.6494],[32.8519,2.6533],[32.8493,2.6493],[32.8379,2.6465],[32.8355,2.6513],[32.8292,2.6478],[32.8253,2.6513],[32.8126,2.642],[32.8107,2.6395],[32.817,2.6285],[32.8157,2.6218],[32.8092,2.6124],[32.7968,2.6008],[32.7976,2.5907],[32.7863,2.5874],[32.786,2.6036],[32.7787,2.6062],[32.7682,2.6033],[32.6996,2.61],[32.6977,2.6053],[32.6663,2.6054],[32.6564,2.6016],[32.5394,2.6203],[32.5199,2.6198],[32.4803,2.6138],[32.4702,2.5899],[32.4616,2.5781],[32.4583,2.5775],[32.4566,2.5668],[32.4584,2.5602],[32.4504,2.5547],[32.4522,2.5397],[32.4445,2.527],[32.4475,2.5162],[32.4384,2.5053],[32.4415,2.4984],[32.4401,2.4841],[32.4366,2.4772],[32.4377,2.4737],[32.4344,2.4669],[32.4308,2.4687],[32.4275,2.4651],[32.43,2.4609],[32.4256,2.4529],[32.4251,2.4459],[32.4205,2.4516],[32.4152,2.4536],[32.4139,2.4594],[32.4082,2.4639],[32.4028,2.4754],[32.3936,2.4831],[32.3635,2.4762],[32.3607,2.4843],[32.3531,2.4885],[32.3295,2.4875],[32.3237,2.4922],[32.2971,2.5045],[32.2909,2.5106],[32.2647,2.5103],[32.248,2.518],[32.2383,2.5129],[32.2345,2.514],[32.2286,2.507],[32.2275,2.5042],[32.2303,2.4961],[32.2285,2.4869],[32.2301,2.4696],[32.2286,2.4384],[32.2338,2.4207],[32.228,2.4086],[32.2318,2.3876],[32.2304,2.3703],[32.2338,2.3575],[32.2311,2.3367],[32.2352,2.3192],[32.2435,2.2999],[32.2426,2.2866],[32.2487,2.2812],[32.2589,2.2539],[32.2842,2.2377],[32.2907,2.2256],[32.2966,2.2203],[32.297,2.2154],[32.3041,2.2128],[32.3169,2.1949],[32.3169,2.1857],[32.3221,2.1664],[32.3188,2.1406],[32.3328,2.1249],[32.3288,2.1122],[32.3291,2.1061],[32.3418,2.0908],[32.3434,2.0832],[32.3526,2.0755],[32.3501,2.053],[32.3438,2.0354],[32.3435,2.0137],[32.3367,1.9905],[32.339,1.976],[32.3336,1.9652],[32.3346,1.9586],[32.3379,1.9558],[32.3585,1.9572],[32.3633,1.9537],[32.3637,1.9497],[32.3611,1.9432],[32.353,1.9344],[32.3445,1.9291],[32.3424,1.9234],[32.3442,1.8956],[32.3393,1.8767],[32.3436,1.8603],[32.3376,1.8519],[32.3168,1.8451],[32.3055,1.8384],[32.2929,1.8357],[32.2839,1.8387],[32.279,1.8371],[32.2757,1.8312],[32.278,1.8137],[32.272,1.8067],[32.2569,1.8027],[32.2334,1.7897],[32.2168,1.7934],[32.2063,1.7815],[32.1946,1.782],[32.1663,1.7769],[32.1518,1.7615],[32.1274,1.7463],[32.1072,1.7392],[32.101,1.7279],[32.0957,1.6999],[32.1014,1.6798],[32.0925,1.6562],[32.0956,1.6482],[32.1053,1.6475],[32.1268,1.6642],[32.14,1.6702],[32.1759,1.6734],[32.183,1.6708],[32.1984,1.6734],[32.2303,1.6712],[32.2366,1.6677],[32.2625,1.666],[32.2802,1.6618],[32.3085,1.6475],[32.3162,1.6378],[32.3206,1.6257],[32.3251,1.6199],[32.344,1.6142],[32.3598,1.6021],[32.3799,1.5947],[32.4107,1.5904],[32.4232,1.5809],[32.4364,1.5765],[32.4487,1.5651],[32.4597,1.5606],[32.4693,1.5513],[32.497,1.5385],[32.5106,1.5216],[32.5215,1.5218],[32.5317,1.5153],[32.5457,1.5227],[32.5639,1.5202],[32.5684,1.5149],[32.5767,1.4899],[32.5806,1.4843],[32.6254,1.438],[32.6548,1.4362],[32.6926,1.4499],[32.7399,1.4563],[32.7764,1.4666],[32.8203,1.475],[32.8653,1.4804],[32.8946,1.4813],[32.9737,1.4772]]]},"properties":{"name":"Lango","id":"DWPnYhoqza0"}},
{"type":"Feature","geometry":{"type":"Polygon","coordinates":[[[33.5236,-0.9992],[33.5211,-0.3958],[33.5222,-0.0269],[33.5372,0.0165],[33.5561,0.086],[33.5452,0.0977],[33.5338,0.1261],[33.5387,0.1405],[33.5383,0.152],[33.5298,0.1482],[33.5273,0.14],[33.4764,0.1599],[33.4262,0.21],[33.4262,0.2161],[33.4209,0.2213],[33.4176,0.23],[33.4185,0.2409],[33.4221,0.2505],[33.3965,0.2784],[33.392,0.3017],[33.3856,0.3107],[33.3444,0.3318],[33.3005,0.3353],[33.2927,0.3444],[33.2894,0.3537],[33.2904,0.379],[33.2822,0.3889],[33.2726,0.3946],[33.2464,0.4031],[33.2056,0.4082],[33.197,0.4127],[33.1933,0.4294],[33.1848,0.4418],[33.1825,0.4512],[33.1748,0.4557],[33.1676,0.4679],[33.1599,0.474],[33.1598,0.4805],[33.1541,0.4788],[33.1517,0.4882],[33.1448,0.4921],[33.1417,0.4913],[33.137,0.4967],[33.138,0.5012],[33.1348,0.5057],[33.1194,0.5159],[33.1163,0.5217],[33.1052,0.5272],[33.0892,0.5471],[33.0827,0.5466],[33.0815,0.5536],[33.0752,0.5566],[33.0766,0.5619],[33.0718,0.5722],[33.0722,0.5808],[33.0555,0.5945],[33.0507,0.5953],[33.0538,0.6137],[33.0517,0.6204],[33.0545,0.6239],[33.0441,0.6387],[33.0433,0.6478],[33.0466,0.6578],[33.0492,0.6588],[33.056,0.6716],[33.0585,0.6949],[33.0473,0.7313],[33.0533,0.7389],[33.0466,0.7608],[33.0485,0.7648],[33.041,0.7729],[33.0443,0.7804],[33.0387,0.7874],[33.0373,0.8021],[33.0306,0.8289],[33.0108,0.8466],[33.0106,0.8582],[33.0054,0.8662],[33.0042,0.8755],[32.9952,0.8839],[32.9761,0.9103],[32.9689,0.9163],[32.9641,0.9368],[32.9556,0.9387],[32.9493,0.9461],[32.9503,0.9643],[32.9456,0.9753],[32.9452,1.0065],[32.9438,1.0108],[32.937,1.0167],[32.9347,1.0244],[32.9357,1.0345],[32.9437,1.0567],[32.9373,1.0815],[32.9379,1.0883],[32.9416,1.0967],[32.9602,1.115],[32.9612,1.1336],[32.9673,1.1506],[32.9678,1.1598],[32.9639,1.1745],[32.9658,1.19],[32.9583,1.2037],[32.9394,1.2099],[32.936,1.2167],[32.9355,1.2355],[32.9129,1.2691],[32.905,1.2861],[32.8894,1.3065],[32.8647,1.3324],[32.8546,1.3522],[32.8424,1.3877],[32.8264,1.4405],[32.8203,1.475],[32.7764,1.4666],[32.7399,1.4563],[32.6926,1.4499],[32.6548,1.4362],[32.6254,1.438],[32.5806,1.4843],[32.5767,1.4899],[32.5684,1.5149],[32.5639,1.5202],[32.5457,1.5227],[32.5317,1.5153],[32.5215,1.5218],[32.5106,1.5216],[32.497,1.5385],[32.4693,1.5513],[32.4597,1.5606],[32.4487,1.5651],[32.4364,1.5765],[32.4232,1.5809],[32.4107,1.5904],[32.3799,1.5947],[32.3598,1.6021],[32.344,1.6142],[32.3251,1.6199],[32.3206,1.6257],[32.3162,1.6378],[32.3085,1.6475],[32.2802,1.6618],[32.2625,1.666],[32.2366,1.6677],[32.2303,1.6712],[32.1984,1.6734],[32.183,1.6708],[32.1759,1.6734],[32.14,1.6702],[32.1268,1.6642],[32.1053,1.6475],[32.0956,1.6482],[32.0905,1.6409],[32.0834,1.6388],[32.0913,1.6181],[32.0909,1.615],[32.0842,1.6111],[32.0908,1.6052],[32.0898,1.5911],[32.0811,1.5857],[32.0744,1.5873],[32.0733,1.5846],[32.0753,1.5807],[32.0728,1.5755],[32.0688,1.5787],[32.0638,1.5789],[32.0628,1.5716],[32.057,1.5718],[32.0549,1.5607],[32.0499,1.5579],[32.0473,1.5509],[32.0474,1.5437],[32.0399,1.5422],[32.0376,1.5452],[32.0296,1.541],[32.0231,1.5429],[32.0168,1.5381],[32.0129,1.5399],[32.0088,1.5347],[32.0034,1.5377],[32.0029,1.5424],[32.0009,1.5429],[32.0009,1.5352],[31.9974,1.5326],[31.9995,1.5269],[31.9953,1.527],[31.993,1.531],[31.988,1.5275],[31.9894,1.5228],[31.987,1.5188],[31.9899,1.5161],[31.9856,1.5139],[31.9874,1.5067],[31.9847,1.5054],[31.9839,1.5073],[31.9804,1.5071],[31.9718,1.504],[31.976,1.4963],[31.9711,1.4922],[31.9684,1.4863],[31.9752,1.4661],[31.9621,1.4591],[31.9583,1.4596],[31.9578,1.4644],[31.9562,1.4606],[31.9507,1.4572],[31.946,1.4581],[31.9384,1.454],[31.9322,1.4537],[31.9296,1.4505],[31.9304,1.446],[31.9209,1.4515],[31.9185,1.4478],[31.9122,1.4481],[31.9133,1.4402],[31.9036,1.4362],[31.9008,1.4295],[31.8951,1.4316],[31.8903,1.4212],[31.8856,1.4247],[31.8824,1.4203],[31.8781,1.4188],[31.8788,1.4145],[31.8731,1.4125],[31.8695,1.406],[31.8677,1.3948],[31.8649,1.3961],[31.8621,1.3935],[31.8638,1.3881],[31.8616,1.3879],[31.8593,1.3833],[31.853,1.3811],[31.8464,1.3718],[31.8319,1.3597],[31.8252,1.3604],[31.8075,1.3542],[31.8055,1.3557],[31.7935,1.3547],[31.7849,1.3468],[31.7802,1.3466],[31.7756,1.343],[31.7729,1.3345],[31.7662,1.3336],[31.7535,1.3243],[31.7442,1.3257],[31.7385,1.3232],[31.7255,1.3272],[31.7224,1.3321],[31.7178,1.3335],[31.7145,1.3319],[31.7006,1.3356],[31.6952,1.3341],[31.6889,1.3369],[31.6797,1.3346],[31.6663,1.3431],[31.651,1.3473],[31.6408,1.3451],[31.6362,1.3463],[31.6237,1.3416],[31.6173,1.3436],[31.6104,1.3417],[31.6062,1.3459],[31.5802,1.3585],[31.5775,1.362],[31.5647,1.3654],[31.5326,1.3621],[31.5247,1.3571],[31.5142,1.346],[31.5005,1.3259],[31.4814,1.3142],[31.4649,1.3082],[31.4592,1.3027],[31.4557,1.2973],[31.457,1.2834],[31.4493,1.2742],[31.4388,1.2695],[31.4166,1.269],[31.4151,1.2692],[31.3997,1.2702],[31.3831,1.2616],[31.3771,1.2553],[31.3693,1.239],[31.323,1.2387],[31.3188,1.2369],[31.3048,1.2194],[31.2925,1.2082],[31.2971,1.2072],[31.3027,1.1977],[31.3203,1.1977],[31.3332,1.1927],[31.3421,1.1861],[31.3515,1.1721],[31.3608,1.169],[31.3675,1.1629],[31.3781,1.1579],[31.3833,1.1565],[31.3921,1.1625],[31.3977,1.163],[31.4097,1.1615],[31.4175,1.1576],[31.4224,1.1488],[31.4227,1.1366],[31.4263,1.1288],[31.4262,1.1227],[31.432,1.1189],[31.4392,1.1087],[31.4508,1.1013],[31.4629,1.0788],[31.4658,1.0782],[31.4687,1.0734],[31.4769,1.0717],[31.4809,1.0628],[31.4861,1.0576],[31.4998,1.0541],[31.5134,1.047],[31.5153,1.0399],[31.5212,1.0366],[31.5271,1.0282],[31.5277,1.0136],[31.5181,0.997],[31.5117,0.9945],[31.5085,0.9873],[31.5002,0.9832],[31.4905,0.9824],[31.4879,0.9808],[31.4853,0.9735],[31.4756,0.9683],[31.4693,0.9678],[31.4552,0.9572],[31.4467,0.9565],[31.4434,0.9529],[31.4326,0.9492],[31.4303,0.9384],[31.4349,0.9293],[31.4357,0.9161],[31.4395,0.9092],[31.4459,0.9052],[31.4443,0.9034],[31.4461,0.901],[31.4489,0.9023],[31.452,0.8989],[31.4543,0.8926],[31.4493,0.8777],[31.4504,0.8673],[31.4401,0.8568],[31.4374,0.8503],[31.4376,0.837],[31.445,0.8253],[31.4348,0.8169],[31.4292,0.8185],[31.4215,0.8113],[31.4094,0.808],[31.4044,0.8013],[31.4087,0.7452],[31.4062,0.7422],[31.4022,0.7442],[31.3926,0.7331],[31.3828,0.7074],[31.3749,0.7034],[31.3696,0.7047],[31.3511,0.7114],[31.3176,0.7289],[31.2886,0.7398],[31.2868,0.7336],[31.2897,0.7145],[31.2864,0.7086],[31.2818,0.7077],[31.274,0.696],[31.2733,0.6823],[31.2625,0.6793],[31.2367,0.6419],[31.2156,0.6319],[31.2352,0.6145],[31.2554,0.6038],[31.2583,0.5822],[31.2568,0.5648],[31.2512,0.5544],[31.2507,0.5468],[31.2435,0.5445],[31.2413,0.5379],[31.2432,0.5326],[31.2487,0.5306],[31.2484,0.5275],[31.2407,0.521],[31.2182,0.5172],[31.2017,0.5072],[31.1957,0.5091],[31.1691,0.5079],[31.1543,0.503],[31.1423,0.5082],[31.1417,0.5],[31.1453,0.4971],[31.1387,0.4741],[31.1416,0.453],[31.1178,0.4277],[31.1188,0.4222],[31.1154,0.4185],[31.1138,0.4119],[31.1179,0.4039],[31.1198,0.3926],[31.1248,0.3843],[31.1233,0.3812],[31.1258,0.3802],[31.1332,0.3671],[31.1358,0.3667],[31.1432,0.3536],[31.1388,0.3361],[31.1367,0.3331],[31.1317,0.332],[31.1163,0.3172],[31.1152,0.3081],[31.1075,0.2953],[31.0872,0.2804],[31.0787,0.2769],[31.0722,0.2688],[31.063,0.2622],[31.0598,0.2545],[31.0311,0.2358],[31.0232,0.228],[31.0281,0.2117],[31.0193,0.1975],[31.0267,0.1935],[31.0386,0.1978],[31.0801,0.2036],[31.1044,0.2156],[31.1093,0.2194],[31.1113,0.2243],[31.1265,0.2318],[31.1582,0.2353],[31.1708,0.2305],[31.1917,0.1987],[31.2066,0.1925],[31.2219,0.1819],[31.2336,0.1793],[31.2453,0.1667],[31.2638,0.1623],[31.2763,0.1698],[31.2823,0.1796],[31.2939,0.1874],[31.2947,0.1986],[31.3023,0.2019],[31.3033,0.2074],[31.3108,0.21],[31.3131,0.2384],[31.318,0.2539],[31.3229,0.2572],[31.3337,0.2758],[31.3371,0.2761],[31.3404,0.2826],[31.3485,0.2839],[31.3622,0.2926],[31.4061,0.2983],[31.437,0.3068],[31.4567,0.3063],[31.5,0.3172],[31.5073,0.3212],[31.5202,0.3346],[31.5465,0.3476],[31.5703,0.3677],[31.5816,0.3601],[31.5905,0.3475],[31.606,0.3337],[31.6118,0.3308],[31.6171,0.3346],[31.6283,0.3325],[31.6413,0.3148],[31.6431,0.3066],[31.6559,0.2954],[31.6673,0.2925],[31.6712,0.294],[31.6854,0.2923],[31.6997,0.2852],[31.7205,0.265],[31.7253,0.2512],[31.7335,0.2396],[31.7406,0.2435],[31.7536,0.2581],[31.7798,0.272],[31.7943,0.2759],[31.8028,0.2835],[31.8237,0.2728],[31.8422,0.2788],[31.8493,0.2718],[31.8507,0.2676],[31.8476,0.2582],[31.8428,0.2529],[31.8438,0.2483],[31.8579,0.2449],[31.8677,0.2302],[31.8907,0.2259],[31.901,0.2261],[31.9096,0.2171],[31.9109,0.2128],[31.9179,0.2125],[31.9242,0.2171],[31.9261,0.226],[31.9314,0.2316],[31.9563,0.2209],[31.968,0.229],[31.9735,0.2296],[31.9831,0.2266],[31.9928,0.2411],[31.9996,0.2466],[32.0138,0.247],[32.021,0.2424],[32.0282,0.2441],[32.0254,0.2556],[32.029,0.2639],[32.0469,0.27],[32.0497,0.2688],[32.0495,0.2651],[32.0572,0.2644],[32.0606,0.2684],[32.0767,0.2733],[32.081,0.2845],[32.0768,0.2921],[32.0895,0.2975],[32.1006,0.2899],[32.1137,0.2909],[32.1288,0.2825],[32.137,0.2709],[32.1463,0.2677],[32.1521,0.2586],[32.1534,0.2503],[32.1588,0.2522],[32.1681,0.2512],[32.1711,0.2564],[32.1759,0.259],[32.1851,0.2533],[32.1908,0.2672],[32.1877,0.284],[32.1959,0.2946],[32.1983,0.3037],[32.2037,0.2979],[32.2106,0.2842],[32.2146,0.2817],[32.2213,0.2818],[32.2233,0.287],[32.2352,0.2903],[32.2336,0.2955],[32.2439,0.3037],[32.2682,0.3172],[32.2567,0.3358],[32.262,0.3776],[32.2594,0.3948],[32.2544,0.4059],[32.2384,0.413],[32.2355,0.4182],[32.2212,0.4285],[32.2195,0.4357],[32.2152,0.4356],[32.2121,0.4436],[32.2038,0.4532],[32.1922,0.4801],[32.1987,0.4971],[32.2023,0.5003],[32.2016,0.5151],[32.1976,0.5259],[32.1985,0.5318],[32.2047,0.5401],[32.2167,0.5657],[32.2319,0.5794],[32.2413,0.574],[32.2507,0.5744],[32.2595,0.5692],[32.2851,0.5361],[32.2944,0.5382],[32.3061,0.534],[32.3148,0.5469],[32.3297,0.5498],[32.3375,0.556],[32.359,0.5651],[32.3776,0.5664],[32.3926,0.5733],[32.4217,0.5634],[32.4476,0.5629],[32.4706,0.5682],[32.4848,0.5596],[32.5163,0.5652],[32.5247,0.5701],[32.5313,0.5525],[32.537,0.5477],[32.5584,0.5684],[32.5682,0.5689],[32.57,0.5768],[32.5803,0.5843],[32.5872,0.575],[32.5986,0.5731],[32.6095,0.5638],[32.6183,0.5683],[32.6306,0.565],[32.6414,0.5583],[32.6588,0.5575],[32.6651,0.5614],[32.6817,0.5573],[32.6633,0.5134],[32.6632,0.4992],[32.6753,0.4896],[32.6774,0.4721],[32.6624,0.4593],[32.6659,0.4408],[32.6616,0.4295],[32.6666,0.4159],[32.667,0.4065],[32.6746,0.3936],[32.6725,0.3866],[32.6834,0.3699],[32.6871,0.2898],[32.6742,0.2812],[32.6688,0.2746],[32.6437,0.2428],[32.6343,0.2143],[32.6196,0.1647],[32.6201,-0.0021],[32.501,-0.1525],[32.7533,-0.1518],[32.7509,-0.2586],[32.7505,-0.5005],[32.751,-1],[33.5236,-0.9992]]]},"properties":{"name":"North Central","id":"Dl9WvtvDs5V"}},
{"type":"Feature","geometry":{"type":"Polygon","coordinates":[[[31.2708,-0.9993],[31.5585,-1.0016],[31.7568,-0.9994],[31.9999,-0.9999],[32.751,-1],[32.7505,-0.5005],[32.7509,-0.2586],[32.7533,-0.1518],[32.501,-0.1525],[32.6201,-0.0021],[32.6196,0.1647],[32.6343,0.2143],[32.6159,0.2263],[32.6105,0.2434],[32.6066,0.2476],[32.6035,0.2566],[32.5847,0.2693],[32.5766,0.2793],[32.5651,0.2743],[32.5418,0.2713],[32.5316,0.2834],[32.5276,0.2975],[32.5211,0.2985],[32.5106,0.3066],[32.529,0.3395],[32.5429,0.3476],[32.5536,0.3486],[32.5564,0.3583],[32.5539,0.369],[32.5497,0.376],[32.5637,0.3875],[32.565,0.4026],[32.5759,0.4004],[32.6029,0.4052],[32.6065,0.3994],[32.6051,0.3907],[32.6107,0.385],[32.6176,0.3877],[32.6193,0.3774],[32.6281,0.3762],[32.6343,0.3783],[32.6346,0.3649],[32.6396,0.3508],[32.6373,0.3406],[32.6405,0.3353],[32.6438,0.3346],[32.6391,0.3319],[32.646,0.3259],[32.6561,0.3284],[32.6654,0.3239],[32.6668,0.315],[32.6615,0.3087],[32.6644,0.303],[32.6634,0.297],[32.6677,0.2893],[32.6627,0.282],[32.6688,0.2746],[32.6742,0.2812],[32.6871,0.2898],[32.6834,0.3699],[32.6725,0.3866],[32.6746,0.3936],[32.667,0.4065],[32.6666,0.4159],[32.6616,0.4295],[32.6659,0.4408],[32.6624,0.4593],[32.6774,0.4721],[32.6753,0.4896],[32.6632,0.4992],[32.6633,0.5134],[32.6817,0.5573],[32.6651,0.5614],[32.6588,0.5575],[32.6414,0.5583],[32.6306,0.565],[32.6183,0.5683],[32.6095,0.5638],[32.5986,0.5731],[32.5872,0.575],[32.5803,0.5843],[32.57,0.5768],[32.5682,0.5689],[32.5584,0.5684],[32.537,0.5477],[32.5313,0.5525],[32.5247,0.5701],[32.5163,0.5652],[32.4848,0.5596],[32.4706,0.5682],[32.4476,0.5629],[32.4217,0.5634],[32.3926,0.5733],[32.3776,0.5664],[32.359,0.5651],[32.3375,0.556],[32.3297,0.5498],[32.3148,0.5469],[32.3061,0.534],[32.2944,0.5382],[32.2851,0.5361],[32.2595,0.5692],[32.2507,0.5744],[32.2413,0.574],[32.2319,0.5794],[32.2167,0.5657],[32.2047,0.5401],[32.1985,0.5318],[32.1976,0.5259],[32.2016,0.5151],[32.2023,0.5003],[32.1987,0.4971],[32.1922,0.4801],[32.2038,0.4532],[32.2121,0.4436],[32.2152,0.4356],[32.2195,0.4357],[32.2212,0.4285],[32.2355,0.4182],[32.2384,0.413],[32.2544,0.4059],[32.2594,0.3948],[32.262,0.3776],[32.2567,0.3358],[32.2682,0.3172],[32.2439,0.3037],[32.2336,0.2955],[32.2352,0.2903],[32.2233,0.287],[32.2213,0.2818],[32.2146,0.2817],[32.2106,0.2842],[32.2037,0.2979],[32.1983,0.3037],[32.1959,0.2946],[32.1877,0.284],[32.1908,0.2672],[32.1851,0.2533],[32.1759,0.259],[32.1711,0.2564],[32.1681,0.2512],[32.1588,0.2522],[32.1534,0.2503],[32.1521,0.2586],[32.1463,0.2677],[32.137,0.2709],[32.1288,0.2825],[32.1137,0.2909],[32.1006,0.2899],[32.0895,0.2975],[32.0768,0.2921],[32.081,0.2845],[32.0767,0.2733],[32.0606,0.2684],[32.0572,0.2644],[32.0495,0.2651],[32.0497,0.2688],[32.0469,0.27],[32.029,0.2639],[32.0254,0.2556],[32.0282,0.2441],[32.021,0.2424],[32.0138,0.247],[31.9996,0.2466],[31.9928,0.2411],[31.9831,0.2266],[31.9735,0.2296],[31.968,0.229],[31.9563,0.2209],[31.9314,0.2316],[31.9261,0.226],[31.9242,0.2171],[31.9179,0.2125],[31.9109,0.2128],[31.9096,0.2171],[31.901,0.2261],[31.8907,0.2259],[31.8677,0.2302],[31.8579,0.2449],[31.8438,0.2483],[31.8428,0.2529],[31.8476,0.2582],[31.8507,0.2676],[31.8493,0.2718],[31.8422,0.2788],[31.8237,0.2728],[31.8028,0.2835],[31.7943,0.2759],[31.7798,0.272],[31.7536,0.2581],[31.7406,0.2435],[31.7335,0.2396],[31.7253,0.2512],[31.7205,0.265],[31.6997,0.2852],[31.6854,0.2923],[31.6712,0.294],[31.6673,0.2925],[31.6559,0.2954],[31.6431,0.3066],[31.6413,0.3148],[31.6283,0.3325],[31.6171,0.3346],[31.6118,0.3308],[31.606,0.3337],[31.5905,0.3475],[31.5816,0.3601],[31.5703,0.3677],[31.5465,0.3476],[31.5202,0.3346],[31.5073,0.3212],[31.5,0.3172],[31.4567,0.3063],[31.437,0.3068],[31.4061,0.2983],[31.3622,0.2926],[31.3485,0.2839],[31.3404,0.2826],[31.3371,0.2761],[31.3337,0.2758],[31.3229,0.2572],[31.318,0.2539],[31.3131,0.2384],[31.3108,0.21],[31.3033,0.2074],[31.3023,0.2019],[31.2947,0.1986],[31.2939,0.1874],[31.2823,0.1796],[31.2763,0.1698],[31.2638,0.1623],[31.2453,0.1667],[31.2336,0.1793],[31.2219,0.1819],[31.2066,0.1925],[31.1917,0.1987],[31.1708,0.2305],[31.1582,0.2353],[31.1265,0.2318],[31.1113,0.2243],[31.1093,0.2194],[31.1044,0.2156],[31.0801,0.2036],[31.0386,0.1978],[31.0267,0.1935],[31.0193,0.1975],[31.0134,0.1983],[31.0164,0.1689],[31.0339,0.1518],[31.041,0.1511],[31.0473,0.1467],[31.0515,0.1289],[31.0476,0.122],[31.0568,0.1168],[31.047,0.0987],[31.0496,0.0938],[31.0444,0.0916],[31.0428,0.0855],[31.0495,0.0823],[31.052,0.0781],[31.0521,0.0639],[31.057,0.0596],[31.0566,0.053],[31.0537,0.0501],[31.0589,0.044],[31.0548,0.0352],[31.0571,0.034],[31.0566,0.0269],[31.0593,0.0182],[31.057,0.012],[31.0528,0.011],[31.0299,-0.0098],[31.028,-0.0185],[31.0236,-0.0257],[31.0265,-0.0361],[31.04,-0.0353],[31.0433,-0.031],[31.0526,-0.027],[31.0586,-0.0307],[31.0695,-0.0302],[31.0758,-0.0239],[31.0831,-0.0296],[31.0883,-0.0406],[31.0986,-0.0544],[31.099,-0.0774],[31.1026,-0.0906],[31.0981,-0.1149],[31.0985,-0.126],[31.0914,-0.1574],[31.0831,-0.174],[31.0797,-0.1928],[31.0706,-0.21],[31.0752,-0.221],[31.0684,-0.2421],[31.074,-0.2738],[31.079,-0.2842],[31.0822,-0.3047],[31.0897,-0.3184],[31.0899,-0.3227],[31.1033,-0.3391],[31.1154,-0.3752],[31.1247,-0.3911],[31.1248,-0.405],[31.1324,-0.4202],[31.153,-0.4408],[31.1548,-0.4694],[31.1528,-0.477],[31.1547,-0.4894],[31.1519,-0.5026],[31.1528,-0.5195],[31.1407,-0.5388],[31.1364,-0.557],[31.1244,-0.575],[31.1249,-0.5885],[31.1084,-0.6046],[31.101,-0.6158],[31.0948,-0.6358],[31.091,-0.6649],[31.0928,-0.6714],[31.0997,-0.6762],[31.1339,-0.6891],[31.1532,-0.7041],[31.1705,-0.7293],[31.1874,-0.7394],[31.1958,-0.7492],[31.2,-0.758],[31.1979,-0.7695],[31.1998,-0.7778],[31.1949,-0.7914],[31.1923,-0.822],[31.2128,-0.8345],[31.2218,-0.8373],[31.2277,-0.8475],[31.2271,-0.8557],[31.2037,-0.873],[31.2063,-0.8779],[31.2035,-0.8877],[31.2099,-0.901],[31.2709,-0.9497],[31.2643,-0.9844],[31.2708,-0.9993]]]},"properties":{"name":"South Central","id":"IEU0FjDAhBP"}},
{"type":"Feature","geometry":{"type":"Polygon","coordinates":[[[34.1203,1.1746],[34.1341,1.1692],[34.1372,1.164],[34.1468,1.1593],[34.1529,1.1645],[34.1609,1.1655],[34.1699,1.1603],[34.1774,1.1626],[34.1823,1.1615],[34.1913,1.172],[34.1869,1.174],[34.1839,1.1849],[34.1844,1.1985],[34.1886,1.204],[34.1894,1.2124],[34.2016,1.2305],[34.2242,1.2531],[34.2437,1.287],[34.2436,1.2972],[34.2405,1.2985],[34.2421,1.3056],[34.2401,1.3072],[34.2428,1.3088],[34.2411,1.3109],[34.242,1.3155],[34.2443,1.3186],[34.2476,1.3184],[34.2449,1.3217],[34.2466,1.3272],[34.2447,1.3295],[34.246,1.3342],[34.244,1.335],[34.248,1.3383],[34.2443,1.3457],[34.2516,1.349],[34.2532,1.3573],[34.2573,1.3591],[34.2568,1.3634],[34.26,1.3636],[34.26,1.3675],[34.2625,1.3668],[34.2603,1.3694],[34.2642,1.3713],[34.2623,1.3717],[34.2627,1.374],[34.2651,1.3768],[34.2686,1.3768],[34.2681,1.3813],[34.265,1.3824],[34.2703,1.3853],[34.2701,1.3899],[34.2742,1.392],[34.2757,1.404],[34.2716,1.4091],[34.2733,1.4114],[34.2722,1.4145],[34.2671,1.4155],[34.2675,1.4191],[34.2628,1.4198],[34.2628,1.4229],[34.2653,1.4242],[34.2629,1.4274],[34.2637,1.4336],[34.2592,1.4376],[34.2603,1.4399],[34.2549,1.4388],[34.2553,1.4414],[34.2499,1.4437],[34.2492,1.4423],[34.2493,1.4462],[34.2452,1.4466],[34.2452,1.4488],[34.2428,1.4471],[34.2406,1.4513],[34.239,1.4508],[34.24,1.4554],[34.2382,1.4574],[34.24,1.459],[34.2341,1.4648],[34.2305,1.4649],[34.2271,1.4733],[34.2301,1.4962],[34.2296,1.5616],[34.2291,1.6398],[34.2222,1.6402],[34.2223,1.6537],[34.2232,1.9809],[34.212,2.1187],[33.778,2.3875],[33.7535,2.403],[33.7484,2.4104],[33.736,2.4175],[33.723,2.4055],[33.7164,2.404],[33.714,2.3986],[33.7074,2.3955],[33.7071,2.3895],[33.7018,2.388],[33.7012,2.3858],[33.6961,2.3862],[33.688,2.3747],[33.6791,2.3714],[33.6726,2.3598],[33.6741,2.3557],[33.659,2.3538],[33.6549,2.3565],[33.6402,2.3559],[33.6321,2.3584],[33.6327,2.356],[33.6252,2.3513],[33.6231,2.3467],[33.6251,2.3457],[33.6239,2.3418],[33.6199,2.3386],[33.6175,2.3402],[33.6169,2.3362],[33.6123,2.3337],[33.6072,2.3364],[33.5945,2.3285],[33.5929,2.3306],[33.5875,2.3306],[33.5839,2.327],[33.5806,2.3337],[33.5762,2.3325],[33.5713,2.3366],[33.5685,2.3347],[33.5685,2.3413],[33.566,2.3419],[33.564,2.3506],[33.562,2.3503],[33.5609,2.3534],[33.5584,2.3519],[33.5534,2.3558],[33.5491,2.3545],[33.5375,2.3572],[33.5346,2.3529],[33.5374,2.3508],[33.5462,2.3293],[33.5439,2.318],[33.5492,2.2908],[33.5481,2.2834],[33.5387,2.27],[33.5087,2.2513],[33.4917,2.231],[33.4842,2.2347],[33.4817,2.2331],[33.4789,2.2353],[33.4723,2.235],[33.4615,2.2417],[33.4492,2.2434],[33.4449,2.2463],[33.4412,2.2411],[33.4424,2.2293],[33.4535,2.2221],[33.4629,2.2118],[33.4748,2.2074],[33.4787,2.1962],[33.4772,2.1873],[33.4709,2.1786],[33.4664,2.1564],[33.4559,2.1443],[33.4551,2.1276],[33.4442,2.1194],[33.4374,2.1111],[33.4259,2.1249],[33.4218,2.1361],[33.4158,2.1429],[33.4021,2.1234],[33.3903,2.1177],[33.3871,2.1137],[33.3683,2.1078],[33.3612,2.0986],[33.3476,2.0636],[33.3635,2.0421],[33.3656,2.036],[33.364,2.0279],[33.3487,2.0307],[33.3363,2.0442],[33.3244,2.0527],[33.3145,2.0535],[33.3093,2.0474],[33.2944,2.0428],[33.2853,2.0316],[33.282,2.0219],[33.284,2.0106],[33.2824,2.0032],[33.2744,1.9899],[33.275,1.9743],[33.2707,1.9663],[33.2715,1.9572],[33.2645,1.9539],[33.2603,1.9552],[33.2493,1.9521],[33.2516,1.9414],[33.2448,1.9338],[33.2421,1.9239],[33.2283,1.9205],[33.2213,1.9101],[33.2098,1.9111],[33.2004,1.9078],[33.1652,1.8741],[33.1602,1.8725],[33.155,1.8744],[33.1461,1.8706],[33.1418,1.857],[33.1324,1.8539],[33.1192,1.8581],[33.1154,1.8557],[33.1118,1.8475],[33.1137,1.8393],[33.112,1.8306],[33.1152,1.8227],[33.1016,1.7916],[33.104,1.7773],[33.094,1.7653],[33.084,1.7482],[33.0867,1.7381],[33.0838,1.7319],[33.073,1.723],[33.0468,1.7081],[33.026,1.7061],[33.0142,1.7081],[33.0043,1.7134],[33,1.7123],[32.9939,1.6864],[32.9965,1.6717],[32.9451,1.6422],[32.9519,1.6317],[32.9641,1.6213],[32.9669,1.6116],[32.9673,1.5824],[32.9745,1.5576],[32.9737,1.4772],[33.0155,1.4609],[33.0644,1.4369],[33.1525,1.3557],[33.2478,1.3344],[33.2868,1.3631],[33.308,1.3747],[33.314,1.3761],[33.3377,1.3744],[33.3542,1.3688],[33.366,1.3694],[33.3763,1.3668],[33.3852,1.3566],[33.3954,1.3339],[33.4105,1.339],[33.4282,1.34],[33.4313,1.3364],[33.4341,1.3224],[33.4374,1.3212],[33.4469,1.3232],[33.4535,1.3285],[33.477,1.3311],[33.4986,1.3216],[33.5097,1.3107],[33.5238,1.3094],[33.5376,1.3173],[33.5461,1.3183],[33.5531,1.3367],[33.5594,1.3397],[33.5658,1.3342],[33.5676,1.3178],[33.5714,1.3106],[33.6293,1.3166],[33.6511,1.3117],[33.6754,1.316],[33.6863,1.3256],[33.698,1.3403],[33.7284,1.3443],[33.7364,1.3355],[33.7421,1.323],[33.751,1.3166],[33.7741,1.3163],[33.7983,1.3217],[33.8073,1.3195],[33.8281,1.3027],[33.8383,1.2896],[33.8582,1.2712],[33.8859,1.2661],[33.8948,1.2691],[33.9005,1.2675],[33.9057,1.2607],[33.918,1.2566],[33.9255,1.2473],[33.9303,1.2359],[33.9369,1.2308],[33.9524,1.2312],[33.9607,1.2276],[33.9814,1.2246],[33.9913,1.2192],[34,1.2094],[34.0069,1.2069],[34.0128,1.207],[34.0251,1.2128],[34.0331,1.2131],[34.0477,1.2008],[34.0787,1.1926],[34.0876,1.1878],[34.102,1.1867],[34.1203,1.1746]]]},"properties":{"name":"Teso","id":"r0GhWtmPHDj"}},
{"type":"Feature","geometry":{"type":"Polygon","coordinates":[[[31.2156,0.6319],[31.2088,0.6385],[31.1907,0.6452],[31.1786,0.6536],[31.1513,0.6609],[31.1383,0.6572],[31.1363,0.6585],[31.1298,0.6536],[31.1249,0.6575],[31.1197,0.6573],[31.1141,0.6499],[31.1107,0.6487],[31.1081,0.6505],[31.1055,0.6483],[31.1047,0.6361],[31.0957,0.6363],[31.0929,0.6383],[31.0922,0.6426],[31.0791,0.6453],[31.0512,0.6617],[31.0491,0.6621],[31.0462,0.6574],[31.036,0.6647],[31.0236,0.6675],[31.001,0.6772],[30.9768,0.6901],[30.9718,0.6964],[30.935,0.7145],[30.9347,0.7187],[30.9279,0.7229],[30.9264,0.7357],[30.9201,0.7468],[30.9201,0.7536],[30.9168,0.7607],[30.9158,0.7573],[30.9097,0.7611],[30.9002,0.7679],[30.898,0.774],[30.891,0.774],[30.8771,0.7873],[30.8517,0.8041],[30.8499,0.8085],[30.8444,0.812],[30.8445,0.8281],[30.8383,0.8295],[30.831,0.8262],[30.829,0.8393],[30.8224,0.84],[30.805,0.8364],[30.7963,0.8374],[30.7941,0.8346],[30.7883,0.8339],[30.7808,0.8454],[30.7732,0.844],[30.7624,0.8504],[30.7608,0.8598],[30.7505,0.8607],[30.7459,0.8577],[30.7388,0.8618],[30.7354,0.8712],[30.7282,0.8714],[30.7273,0.8783],[30.7247,0.8772],[30.7059,0.8849],[30.703,0.8826],[30.6981,0.885],[30.6893,0.8852],[30.68,0.8831],[30.6776,0.8868],[30.6729,0.8875],[30.671,0.8843],[30.6647,0.8906],[30.6556,0.8937],[30.6519,0.8933],[30.6508,0.886],[30.6479,0.8895],[30.644,0.8897],[30.6453,0.8934],[30.6387,0.8899],[30.6369,0.8951],[30.6308,0.8922],[30.6296,0.8948],[30.6237,0.8959],[30.6165,0.9063],[30.5985,0.9081],[30.5731,0.9195],[30.5714,0.9255],[30.5615,0.9323],[30.5622,0.9444],[30.5577,0.9465],[30.5515,0.9554],[30.5508,0.9616],[30.5442,0.9649],[30.5436,0.9763],[30.5462,0.977],[30.5459,0.9815],[30.5531,0.9853],[30.5424,0.9921],[30.5387,0.9994],[30.5383,1.0092],[30.551,1.0369],[30.5503,1.3068],[30.5209,1.2733],[30.5096,1.2502],[30.4762,1.2099],[30.4705,1.211],[30.4597,1.2014],[30.4535,1.1991],[30.4433,1.2018],[30.422,1.1905],[30.4137,1.198],[30.4075,1.1965],[30.4,1.1895],[30.3961,1.191],[30.3907,1.1877],[30.3845,1.1928],[30.3774,1.1928],[30.3704,1.2001],[30.3607,1.2024],[30.342,1.1769],[30.3397,1.1695],[30.3414,1.1639],[30.3371,1.1515],[30.3279,1.1517],[30.3235,1.1571],[30.3141,1.1525],[30.3123,1.1537],[30.3124,1.1596],[30.3086,1.164],[30.3092,1.1676],[30.3002,1.1644],[30.2948,1.172],[30.2902,1.1731],[30.283,1.1657],[30.2747,1.1666],[30.2734,1.1629],[30.2691,1.1619],[30.269,1.1533],[30.2645,1.1516],[30.2617,1.1458],[30.2573,1.146],[30.2571,1.1433],[30.2547,1.1447],[30.2478,1.1428],[30.2379,1.1347],[30.2346,1.1256],[30.24,1.1145],[30.2406,1.0976],[30.2383,1.0913],[30.2322,1.088],[30.2324,1.0845],[30.2287,1.0853],[30.2297,1.0816],[30.2276,1.078],[30.2307,1.0737],[30.2259,1.0716],[30.2298,1.0683],[30.2251,1.0654],[30.2256,1.0595],[30.2285,1.0564],[30.2228,1.0543],[30.2241,1.0504],[30.2218,1.0452],[30.2292,1.043],[30.2211,1.0359],[30.2231,1.0331],[30.2252,1.0373],[30.2274,1.0361],[30.2272,1.0277],[30.2235,1.0286],[30.2246,1.0233],[30.2202,1.0157],[30.225,1.0168],[30.2248,1.0139],[30.2276,1.0113],[30.2232,1.0034],[30.2316,1.0019],[30.2248,0.9992],[30.2239,0.9937],[30.2279,0.9903],[30.225,0.9866],[30.2212,0.9903],[30.2195,0.9846],[30.2148,0.9874],[30.2157,0.9836],[30.2103,0.9804],[30.2156,0.9767],[30.2146,0.9747],[30.2066,0.974],[30.2016,0.977],[30.2021,0.9674],[30.2002,0.9645],[30.198,0.9638],[30.1986,0.9673],[30.1917,0.9708],[30.1944,0.9639],[30.1857,0.9625],[30.1859,0.9607],[30.1911,0.9602],[30.192,0.956],[30.1857,0.9575],[30.1898,0.951],[30.1886,0.9486],[30.1809,0.9532],[30.1825,0.944],[30.1746,0.9459],[30.1775,0.9434],[30.1747,0.9405],[30.176,0.938],[30.174,0.9368],[30.1709,0.9251],[30.1772,0.9222],[30.1689,0.9205],[30.1735,0.9161],[30.1732,0.9111],[30.1715,0.9106],[30.1707,0.9143],[30.1686,0.9139],[30.1707,0.9073],[30.1685,0.9062],[30.1652,0.9101],[30.1623,0.9103],[30.1652,0.9047],[30.1634,0.9003],[30.1598,0.9026],[30.1589,0.8987],[30.1559,0.9001],[30.1538,0.8968],[30.149,0.8972],[30.1537,0.8949],[30.1525,0.8906],[30.1557,0.8849],[30.1455,0.8877],[30.1436,0.8839],[30.1404,0.8876],[30.1398,0.8827],[30.138,0.8823],[30.1333,0.8845],[30.1343,0.8894],[30.1325,0.8913],[30.1262,0.8871],[30.1255,0.8935],[30.1218,0.891],[30.1165,0.8945],[30.1146,0.8935],[30.1162,0.8877],[30.1108,0.8856],[30.1111,0.8941],[30.1082,0.8913],[30.1038,0.8929],[30.103,0.8882],[30.0976,0.8893],[30.0962,0.8834],[30.0928,0.8832],[30.0898,0.8875],[30.0878,0.8812],[30.0792,0.8782],[30.0773,0.8823],[30.0724,0.8786],[30.0694,0.8813],[30.0641,0.8766],[30.0606,0.8675],[30.0619,0.8636],[30.0595,0.8625],[30.0587,0.871],[30.0569,0.872],[30.0524,0.8674],[30.0487,0.873],[30.044,0.8669],[30.0383,0.8641],[30.0332,0.8661],[30.034,0.8612],[30.0317,0.8593],[30.0275,0.8647],[30.0235,0.8644],[30.0277,0.8555],[30.0146,0.8563],[30.0139,0.8488],[30.0116,0.8472],[30.01,0.8544],[30.0003,0.8497],[30.0007,0.8453],[29.9855,0.847],[29.9903,0.8368],[29.9847,0.8381],[29.9826,0.8299],[29.9791,0.8289],[29.9737,0.8157],[29.9702,0.8131],[29.9701,0.7998],[29.9672,0.7969],[29.9696,0.795],[29.9658,0.7904],[29.9675,0.7888],[29.9651,0.786],[29.9659,0.782],[29.9623,0.7791],[29.9621,0.7745],[29.9639,0.7753],[29.9653,0.7717],[29.9639,0.7674],[29.9668,0.7639],[29.9653,0.7598],[29.9688,0.7591],[29.972,0.7536],[29.9714,0.7495],[29.9748,0.7471],[29.9759,0.743],[29.974,0.729],[29.9689,0.7243],[29.9691,0.7162],[29.9669,0.7142],[29.9717,0.7089],[29.9715,0.7046],[29.9687,0.7017],[29.9718,0.6973],[29.9714,0.6929],[29.9666,0.6821],[29.9637,0.6823],[29.9621,0.6797],[29.9619,0.6655],[29.9567,0.6534],[29.9551,0.6413],[29.9555,0.6328],[29.9631,0.6186],[29.9624,0.6157],[29.9653,0.6137],[29.9725,0.5991],[29.97,0.5914],[29.9714,0.5849],[29.9681,0.579],[29.9682,0.5745],[29.972,0.5702],[29.9696,0.5658],[29.9732,0.5604],[29.9769,0.5635],[29.9776,0.5582],[29.9812,0.5571],[29.9786,0.544],[29.9751,0.5419],[29.9753,0.5363],[29.98,0.5314],[29.9771,0.5281],[29.9794,0.5169],[29.8726,0.3852],[29.8236,0.172],[29.8153,0.1631],[29.7894,0.1695],[29.7848,0.1653],[29.7818,0.168],[29.7769,0.1669],[29.7732,0.1627],[29.7699,0.1639],[29.7705,0.1559],[29.7673,0.1482],[29.756,0.1396],[29.7499,0.1315],[29.7447,0.1312],[29.7428,0.1263],[29.7355,0.1244],[29.7386,0.1215],[29.7377,0.1201],[29.7399,0.12],[29.7372,0.1187],[29.7375,0.113],[29.7341,0.1093],[29.7351,0.0888],[29.7328,0.0881],[29.7331,0.0843],[29.7293,0.0794],[29.7177,0.0752],[29.7179,0.0677],[29.7213,0.0628],[29.7166,0.0535],[29.7194,0.0491],[29.7198,0.0411],[29.7158,0.0348],[29.7194,0.0303],[29.7216,0.0309],[29.7196,0.0266],[29.7211,0.0215],[29.7281,0.0171],[29.723,0.0111],[29.7288,0.0074],[29.7252,-0.0024],[29.7294,-0.0048],[29.7326,-0.011],[29.7323,-0.021],[29.7357,-0.0235],[29.7413,-0.0232],[29.7443,-0.0298],[29.7421,-0.0291],[29.7382,-0.0377],[29.7322,-0.0367],[29.7306,-0.0407],[29.728,-0.0409],[29.7303,-0.0442],[29.7298,-0.0568],[29.7266,-0.0583],[29.7249,-0.0684],[29.7287,-0.0793],[29.6994,-0.2105],[29.8885,-0.2089],[29.9074,-0.1981],[29.9034,-0.1863],[29.9061,-0.1829],[29.9196,-0.1824],[29.9272,-0.1768],[29.9469,-0.1865],[29.9561,-0.188],[29.9608,-0.1843],[29.9649,-0.172],[29.9888,-0.172],[29.9929,-0.1629],[30.0088,-0.1452],[30.0473,-0.1301],[30.0506,-0.1241],[30.0618,-0.114],[30.068,-0.1122],[30.0808,-0.1151],[30.0937,-0.0967],[30.1066,-0.1015],[30.134,-0.0809],[30.1495,-0.0772],[30.1562,-0.0725],[30.1599,-0.0759],[30.1663,-0.0728],[30.1805,-0.074],[30.1849,-0.0722],[30.1869,-0.0772],[30.1828,-0.0855],[30.1845,-0.0885],[30.2021,-0.0781],[30.2153,-0.0775],[30.2152,-0.0934],[30.2123,-0.1034],[30.2179,-0.1031],[30.2314,-0.1138],[30.2385,-0.1256],[30.2415,-0.1226],[30.2461,-0.1241],[30.2514,-0.1187],[30.2755,-0.1129],[30.2802,-0.117],[30.2833,-0.1154],[30.2846,-0.1181],[30.2919,-0.1181],[30.3063,-0.1304],[30.322,-0.1335],[30.3287,-0.1388],[30.3364,-0.1403],[30.3372,-0.1425],[30.3412,-0.1433],[30.3481,-0.1405],[30.3517,-0.1492],[30.3566,-0.1523],[30.3781,-0.1441],[30.381,-0.1544],[30.3888,-0.1619],[30.3934,-0.1744],[30.3991,-0.1785],[30.4075,-0.1787],[30.4157,-0.1826],[30.4287,-0.1818],[30.4348,-0.1777],[30.4417,-0.1667],[30.4563,-0.16],[30.4657,-0.1526],[30.4481,-0.1429],[30.4308,-0.1389],[30.4277,-0.1334],[30.4216,-0.1291],[30.424,-0.115],[30.4163,-0.1016],[30.4194,-0.0864],[30.4154,-0.0722],[30.4095,-0.0627],[30.4116,-0.0577],[30.4101,-0.0492],[30.3944,-0.0213],[30.3892,-0.018],[30.3847,-0.0027],[30.4016,0.014],[30.4064,0.0244],[30.4148,0.026],[30.4224,0.0326],[30.423,0.0379],[30.4249,0.0362],[30.4281,0.0374],[30.4293,0.0432],[30.4277,0.0463],[30.431,0.0457],[30.4335,0.0488],[30.4353,0.0472],[30.4452,0.0587],[30.452,0.0615],[30.4561,0.073],[30.4506,0.0748],[30.4532,0.095],[30.4551,0.0947],[30.4576,0.099],[30.4603,0.0977],[30.4629,0.102],[30.4717,0.1046],[30.4815,0.0951],[30.4875,0.099],[30.4941,0.0974],[30.5001,0.1111],[30.5074,0.1189],[30.5139,0.1227],[30.5219,0.1197],[30.5249,0.1229],[30.5291,0.123],[30.5371,0.1313],[30.5423,0.1328],[30.5461,0.1391],[30.5462,0.144],[30.55,0.1467],[30.5606,0.1475],[30.5644,0.1528],[30.5768,0.1554],[30.5787,0.1591],[30.5858,0.1582],[30.5992,0.1615],[30.6077,0.1685],[30.6126,0.1674],[30.6149,0.1691],[30.6212,0.1643],[30.6248,0.1652],[30.6331,0.1744],[30.642,0.1795],[30.6458,0.1965],[30.6501,0.1942],[30.6565,0.1958],[30.6641,0.2023],[30.6651,0.2082],[30.6693,0.2101],[30.6726,0.2082],[30.6865,0.2081],[30.7012,0.2016],[30.7125,0.2059],[30.7272,0.1961],[30.7429,0.1998],[30.7606,0.1938],[30.7659,0.1965],[30.7699,0.2042],[30.7909,0.2113],[30.8104,0.2067],[30.8331,0.1978],[30.8616,0.1997],[30.8798,0.2072],[30.8855,0.204],[30.8915,0.2049],[30.895,0.1998],[30.9105,0.2073],[30.9279,0.2],[30.9467,0.198],[30.9553,0.1997],[30.982,0.193],[30.9994,0.1935],[31.0134,0.1983],[31.0193,0.1975],[31.0281,0.2117],[31.0232,0.228],[31.0311,0.2358],[31.0598,0.2545],[31.063,0.2622],[31.0722,0.2688],[31.0787,0.2769],[31.0872,0.2804],[31.1075,0.2953],[31.1152,0.3081],[31.1163,0.3172],[31.1317,0.332],[31.1367,0.3331],[31.1388,0.3361],[31.1432,0.3536],[31.1358,0.3667],[31.1332,0.3671],[31.1258,0.3802],[31.1233,0.3812],[31.1248,0.3843],[31.1198,0.3926],[31.1179,0.4039],[31.1138,0.4119],[31.1154,0.4185],[31.1188,0.4222],[31.1178,0.4277],[31.1416,0.453],[31.1387,0.4741],[31.1453,0.4971],[31.1417,0.5],[31.1423,0.5082],[31.1543,0.503],[31.1691,0.5079],[31.1957,0.5091],[31.2017,0.5072],[31.2182,0.5172],[31.2407,0.521],[31.2484,0.5275],[31.2487,0.5306],[31.2432,0.5326],[31.2413,0.5379],[31.2435,0.5445],[31.2507,0.5468],[31.2512,0.5544],[31.2568,0.5648],[31.2583,0.5822],[31.2554,0.6038],[31.2352,0.6145],[31.2156,0.6319]]]},"properties":{"name":"Tooro","id":"JZhJ50nOirX"}},
{"type":"Feature","geometry":{"type":"Polygon","coordinates":[[[32.0624,3.5801],[32.0575,3.5809],[32.0611,3.5845],[32.0577,3.5875],[32.0533,3.5867],[32.0539,3.5909],[32.0468,3.5867],[32.0447,3.5924],[32.038,3.5848],[32.0007,3.5768],[32.0004,3.5859],[31.958,3.5865],[31.9539,3.6049],[31.9527,3.6271],[31.9615,3.646],[31.9592,3.6569],[31.9504,3.6661],[31.9326,3.6966],[31.9161,3.7176],[31.9071,3.7345],[31.882,3.7641],[31.8706,3.7821],[31.8425,3.801],[31.8252,3.8176],[31.8165,3.8214],[31.8055,3.8222],[31.7965,3.8193],[31.7968,3.8128],[31.8022,3.8097],[31.8038,3.8055],[31.8017,3.7992],[31.7572,3.7665],[31.7412,3.7526],[31.7376,3.747],[31.7301,3.7524],[31.7252,3.7338],[31.7228,3.7338],[31.7175,3.7272],[31.7121,3.7165],[31.7083,3.7166],[31.7029,3.7109],[31.7002,3.7145],[31.6948,3.7127],[31.6927,3.7078],[31.6917,3.7093],[31.6886,3.7072],[31.6799,3.7154],[31.6745,3.7144],[31.6566,3.7191],[31.6432,3.7288],[31.6332,3.73],[31.6212,3.7276],[31.6182,3.7291],[31.6137,3.7261],[31.6129,3.7204],[31.6083,3.7178],[31.6077,3.7141],[31.6006,3.7099],[31.5977,3.7007],[31.5809,3.6974],[31.5775,3.6946],[31.5757,3.687],[31.5669,3.687],[31.5666,3.6842],[31.5613,3.6808],[31.5537,3.6804],[31.5501,3.6709],[31.5399,3.6645],[31.5219,3.645],[31.5159,3.6437],[31.516,3.6368],[31.503,3.641],[31.5086,3.6742],[31.4897,3.6802],[31.4504,3.6991],[31.4153,3.7202],[31.3523,3.7507],[31.2908,3.7935],[31.1659,3.794],[31.153,3.7773],[31.1357,3.7685],[31.1342,3.7649],[31.1293,3.7651],[31.1174,3.7529],[31.1145,3.7545],[31.1103,3.7528],[31.1081,3.7489],[31.105,3.7499],[31.1036,3.7459],[31.1004,3.7442],[31.1008,3.7417],[31.1054,3.7401],[31.1018,3.739],[31.1005,3.7359],[31.0944,3.7393],[31.0916,3.7344],[31.0888,3.7416],[31.0847,3.7394],[31.0761,3.7435],[31.0659,3.7401],[31.0589,3.7332],[31.0637,3.7296],[31.0607,3.7251],[31.0607,3.7192],[31.0549,3.7166],[31.0535,3.713],[31.0487,3.7127],[31.0305,3.6966],[31.0201,3.6931],[31.0168,3.7001],[31.0097,3.7033],[31.0084,3.7062],[31.0007,3.7087],[30.9889,3.7059],[30.9809,3.7014],[30.9729,3.692],[30.9674,3.673],[30.9559,3.6686],[30.9556,3.664],[30.948,3.6534],[30.9467,3.6503],[30.9499,3.6404],[30.9493,3.6333],[30.9404,3.6264],[30.9392,3.619],[30.9311,3.6196],[30.9267,3.6158],[30.9269,3.6118],[30.9211,3.5994],[30.9099,3.5951],[30.9034,3.5746],[30.8891,3.5567],[30.8621,3.482],[30.8711,3.4797],[30.8788,3.4816],[30.8805,3.4885],[30.8931,3.4991],[30.9032,3.5003],[30.9123,3.5056],[30.9375,3.5062],[30.9407,3.4993],[30.9383,3.4931],[30.9424,3.4802],[30.9437,3.4667],[30.9426,3.4631],[30.9374,3.4598],[30.9358,3.4419],[30.9386,3.4013],[30.9196,3.3862],[30.9178,3.3808],[30.9187,3.3701],[30.9124,3.3658],[30.9106,3.3596],[30.9036,3.3575],[30.8951,3.3428],[30.8882,3.3385],[30.8916,3.3286],[30.8881,3.3255],[30.8935,3.3116],[30.8883,3.3136],[30.8829,3.3063],[30.8757,3.3028],[30.8763,3.2919],[30.8672,3.2833],[30.8714,3.2778],[30.8659,3.2735],[30.8427,3.2671],[30.839,3.2606],[30.8369,3.2484],[30.8421,3.2401],[30.8418,3.2364],[30.8367,3.2331],[30.8304,3.2244],[30.8274,3.215],[30.8304,3.2015],[30.8248,3.1943],[30.8104,3.1588],[30.8098,3.1397],[30.8027,3.1325],[30.8002,3.1017],[30.7942,3.0922],[30.7951,3.0666],[30.7912,3.0609],[30.7856,3.0612],[30.7757,3.0573],[30.7688,3.0495],[30.7699,3.0428],[30.7787,3.0341],[30.7785,3.0242],[30.7811,3.0206],[30.7925,3.0149],[30.8029,3.0044],[30.8101,3.0029],[30.8177,3.0058],[30.8233,3.0017],[30.826,2.9986],[30.8247,2.9889],[30.8262,2.9862],[30.8332,2.9813],[30.839,2.9712],[30.8588,2.9592],[30.8541,2.9482],[30.8553,2.9385],[30.8614,2.9312],[30.8582,2.9258],[30.8676,2.9196],[30.8656,2.9159],[30.8665,2.9107],[30.8706,2.908],[30.87,2.9014],[30.8756,2.8994],[30.8751,2.8885],[30.8842,2.8831],[30.8887,2.876],[30.8909,2.8558],[30.8847,2.8354],[30.8864,2.8302],[30.8858,2.8147],[30.8683,2.7916],[30.8667,2.7855],[30.8626,2.7823],[30.86,2.7712],[30.848,2.7672],[30.8449,2.7625],[30.8421,2.7656],[30.8381,2.7646],[30.8367,2.7543],[30.8324,2.7498],[30.8235,2.7473],[30.8228,2.735],[30.8273,2.7268],[30.8241,2.7247],[30.8224,2.7171],[30.8143,2.7128],[30.8146,2.7108],[30.809,2.7063],[30.8079,2.7013],[30.8114,2.6924],[30.8073,2.687],[30.8085,2.6826],[30.8051,2.6792],[30.8057,2.6754],[30.7981,2.6687],[30.7985,2.658],[30.7926,2.6451],[30.7871,2.6431],[30.7878,2.6345],[30.7916,2.6319],[30.7809,2.6141],[30.7802,2.6031],[30.7779,2.5996],[30.7733,2.5995],[30.7721,2.5956],[30.7613,2.5937],[30.7508,2.5834],[30.7547,2.5761],[30.7535,2.5695],[30.7583,2.562],[30.7565,2.554],[30.7596,2.5475],[30.7572,2.5381],[30.7625,2.5072],[30.7593,2.4949],[30.7519,2.4941],[30.7471,2.4884],[30.7441,2.4692],[30.7451,2.4584],[30.7411,2.4528],[30.7416,2.4473],[30.7492,2.4382],[30.7524,2.4168],[30.7559,2.4237],[30.7627,2.4253],[30.7656,2.4284],[30.7711,2.4281],[30.7793,2.4359],[30.7842,2.4314],[30.7896,2.4323],[30.7982,2.4241],[30.8064,2.422],[30.8158,2.4232],[30.8236,2.4211],[30.8349,2.4239],[30.8352,2.4174],[30.8332,2.4143],[30.8383,2.412],[30.8403,2.4066],[30.8386,2.4011],[30.8417,2.4013],[30.8464,2.3944],[30.8455,2.3907],[30.849,2.3814],[30.8545,2.3789],[30.8564,2.3744],[30.8652,2.3733],[30.8669,2.3671],[30.8734,2.3661],[30.877,2.3611],[30.8766,2.3519],[30.8817,2.3441],[30.8826,2.3379],[30.892,2.3373],[30.9056,2.3294],[30.9118,2.329],[30.9132,2.3387],[30.9255,2.3364],[30.9297,2.3322],[30.9346,2.3322],[30.9425,2.3408],[30.9472,2.3572],[30.9501,2.3592],[30.9496,2.3625],[30.9429,2.3641],[30.9442,2.3687],[30.9425,2.3715],[30.9501,2.384],[30.9489,2.3899],[30.9555,2.3979],[30.9603,2.3943],[30.9657,2.4003],[30.9812,2.4044],[30.9942,2.4025],[31.0034,2.3957],[31.0077,2.3984],[31.0111,2.3953],[31.0129,2.387],[31.0214,2.3852],[31.0219,2.3821],[31.0236,2.3836],[31.0257,2.3817],[31.0273,2.3841],[31.0285,2.3778],[31.0371,2.37],[31.0737,2.3435],[31.0692,2.336],[31.0701,2.3306],[31.0737,2.3213],[31.0764,2.3211],[31.0767,2.3176],[31.0789,2.3174],[31.0857,2.3082],[31.0789,2.3016],[31.0749,2.3016],[31.074,2.3038],[31.07,2.3025],[31.076,2.2993],[31.0765,2.2956],[31.0835,2.2951],[31.0886,2.2862],[31.0957,2.2857],[31.0979,2.2792],[31.1085,2.2753],[31.1135,2.2702],[31.1193,2.2712],[31.1256,2.2637],[31.1314,2.2618],[31.1418,2.2807],[31.1502,2.2805],[31.1534,2.2774],[31.1603,2.2783],[31.1647,2.2753],[31.1728,2.2782],[31.1756,2.2824],[31.1769,2.281],[31.1853,2.2832],[31.1875,2.2861],[31.1998,2.2881],[31.2037,2.2916],[31.2038,2.2182],[31.2483,2.1975],[31.3064,2.1542],[31.3365,2.2475],[31.3485,2.2686],[31.3775,2.2995],[31.4021,2.3175],[31.4393,2.3333],[31.4625,2.3501],[31.4687,2.3592],[31.4737,2.3726],[31.477,2.4207],[31.4822,2.4384],[31.4944,2.4534],[31.5112,2.4604],[31.5214,2.4675],[31.5299,2.4811],[31.5272,2.4875],[31.5194,2.4945],[31.5114,2.4966],[31.4953,2.4956],[31.478,2.5054],[31.4663,2.5326],[31.4649,2.553],[31.4613,2.5634],[31.4439,2.5814],[31.4316,2.5878],[31.4199,2.6018],[31.4117,2.6185],[31.4114,2.6229],[31.4158,2.6308],[31.4152,2.6357],[31.4311,2.6599],[31.4404,2.6687],[31.4424,2.6799],[31.4455,2.6848],[31.452,2.6888],[31.4539,2.7078],[31.4504,2.7181],[31.452,2.725],[31.449,2.7393],[31.438,2.7566],[31.4286,2.7625],[31.4148,2.7603],[31.3936,2.768],[31.3818,2.786],[31.3783,2.8021],[31.3615,2.8343],[31.3623,2.8481],[31.3726,2.8532],[31.3753,2.8601],[31.371,2.8787],[31.3791,2.9023],[31.3939,2.9161],[31.3984,2.9232],[31.3975,2.9421],[31.3991,2.9475],[31.4049,2.9518],[31.4177,2.9523],[31.424,2.9457],[31.4241,2.9393],[31.4302,2.9368],[31.4319,2.9383],[31.435,2.9331],[31.437,2.9338],[31.4548,2.9176],[31.4585,2.9172],[31.4617,2.9224],[31.464,2.9218],[31.4639,2.9169],[31.4682,2.9151],[31.4713,2.9166],[31.4704,2.9144],[31.4728,2.9124],[31.475,2.9146],[31.4734,2.9105],[31.4781,2.9065],[31.485,2.9135],[31.4877,2.9093],[31.4848,2.9058],[31.4876,2.9038],[31.4927,2.9054],[31.4961,2.8984],[31.498,2.9021],[31.5021,2.9004],[31.5031,2.8955],[31.5013,2.8924],[31.5137,2.8817],[31.518,2.8799],[31.5294,2.8842],[31.541,2.8778],[31.5459,2.8835],[31.5463,2.8878],[31.5579,2.8956],[31.5565,2.9001],[31.5593,2.9057],[31.5585,2.9103],[31.5639,2.9133],[31.5635,2.9166],[31.5687,2.9218],[31.5749,2.9223],[31.5764,2.931],[31.5862,2.9355],[31.585,2.9381],[31.5878,2.9394],[31.5876,2.9426],[31.5971,2.9479],[31.5998,2.9456],[31.6057,2.9454],[31.6132,2.937],[31.6247,2.9389],[31.6271,2.9425],[31.6342,2.9443],[31.6409,2.9371],[31.6442,2.9366],[31.6488,2.9399],[31.6557,2.9401],[31.6594,2.9435],[31.7441,2.9632],[31.7491,2.9681],[31.7608,2.9705],[31.7676,2.9698],[31.7681,2.9654],[31.7768,2.9615],[31.7872,2.9603],[31.7922,2.9528],[31.7959,2.9512],[31.8057,2.9566],[31.8179,2.9506],[31.8231,2.9543],[31.831,2.9528],[31.8381,2.9567],[31.8542,2.9534],[31.8568,2.9503],[31.8623,2.9591],[31.8673,2.9596],[31.8753,2.969],[31.8824,2.9707],[31.8855,2.9756],[31.8901,2.9756],[31.8925,2.982],[31.9019,2.9925],[31.9033,3.0021],[31.9,3.0067],[31.9042,3.0118],[31.9034,3.0155],[31.9088,3.0224],[31.9122,3.0231],[31.9116,3.0266],[31.9161,3.0307],[31.9163,3.0369],[31.9207,3.0437],[31.9202,3.0488],[31.9229,3.0518],[31.9272,3.0668],[31.9251,3.071],[31.9286,3.0751],[31.9307,3.0863],[31.9597,3.1241],[31.9633,3.1464],[31.9664,3.1481],[31.9644,3.1512],[31.9688,3.1651],[31.9708,3.1819],[31.9853,3.1959],[31.9943,3.2001],[31.9942,3.2037],[32.0014,3.2103],[32.0008,3.2145],[32.0065,3.2158],[32.0063,3.2235],[32.0134,3.2316],[32.0086,3.2351],[32.0082,3.2389],[32.0098,3.2485],[32.0084,3.2502],[32.0096,3.2534],[32.0123,3.2533],[32.0123,3.2559],[32.011,3.26],[32.0049,3.2657],[32.0045,3.2745],[32.0081,3.2802],[32.0067,3.2884],[32.0125,3.2885],[32.0137,3.291],[32.0119,3.2934],[32.0172,3.2981],[32.0173,3.3036],[32.021,3.3048],[32.0204,3.3077],[32.0322,3.318],[32.0329,3.3291],[32.0306,3.3327],[32.0415,3.3369],[32.0438,3.3398],[32.0384,3.3541],[32.0284,3.3642],[32.0275,3.3708],[32.032,3.378],[32.028,3.3889],[32.03,3.3928],[32.0173,3.4111],[32.0575,3.4102],[32.0532,3.427],[32.0517,3.4473],[32.0566,3.4898],[32.0636,3.4998],[32.0637,3.5245],[32.0565,3.568],[32.062,3.5796],[32.0624,3.5801]]]},"properties":{"name":"West Nile","id":"BD3XaQ7cQAp"}},
{"type":"Feature","geometry":{"type":"Polygon","coordinates":[[[33.533,2.6038],[33.5339,2.6077],[33.5395,2.6093],[33.5394,2.6132],[33.5358,2.6158],[33.5387,2.6234],[33.534,2.6287],[33.5282,2.6288],[33.5306,2.6447],[33.5252,2.6543],[33.5236,2.6699],[33.5214,2.6719],[33.5246,2.6753],[33.5261,2.688],[33.5297,2.6903],[33.5292,2.6939],[33.5335,2.6986],[33.5325,2.7025],[33.5377,2.7092],[33.5382,2.7171],[33.5472,2.722],[33.5513,2.7316],[33.5542,2.7324],[33.5621,2.7465],[33.5648,2.7476],[33.5666,2.7542],[33.5718,2.7596],[33.5789,2.7621],[33.5801,2.7665],[33.5874,2.7723],[33.5996,2.7791],[33.6038,2.7869],[33.6046,2.8701],[33.5772,2.8806],[33.5706,2.934],[33.5723,2.9392],[33.5801,2.9461],[33.5806,2.9541],[33.5753,2.967],[33.5751,2.9832],[33.5709,3.0019],[33.5545,3.2034],[33.5505,3.2815],[33.57,3.2806],[33.5785,3.2746],[33.5825,3.2757],[33.5832,3.2726],[33.586,3.2757],[33.5982,3.2764],[33.599,3.2727],[33.6022,3.273],[33.6077,3.2638],[33.6235,3.2651],[33.6298,3.2564],[33.6293,3.2523],[33.6318,3.2482],[33.6424,3.2482],[33.6461,3.2438],[33.6867,3.2413],[33.6932,3.2463],[33.694,3.252],[33.6976,3.2552],[33.6966,3.2615],[33.7012,3.2694],[33.7072,3.2754],[33.7129,3.276],[33.7153,3.2879],[33.7198,3.2879],[33.7266,3.2929],[33.7253,3.295],[33.7277,3.2965],[33.7275,3.3076],[33.7313,3.3163],[33.7292,3.3343],[33.7365,3.3421],[33.7409,3.3572],[33.7424,3.3766],[33.7394,3.383],[33.7318,3.3879],[33.7327,3.3929],[33.7221,3.4052],[33.7211,3.4181],[33.7149,3.4202],[33.7052,3.4301],[33.6993,3.4446],[33.685,3.4515],[33.6646,3.4776],[33.6513,3.4755],[33.644,3.4813],[33.6437,3.4895],[33.6467,3.4955],[33.6414,3.5024],[33.6387,3.5126],[33.6225,3.532],[33.6322,3.5674],[33.6025,3.5912],[33.5107,3.752],[33.488,3.7513],[33.1796,3.7761],[33.0285,3.8909],[32.9019,3.8129],[32.721,3.7651],[32.416,3.7429],[32.1979,3.5978],[32.1956,3.5947],[32.2033,3.5905],[32.2075,3.592],[32.2098,3.5893],[32.2152,3.5739],[32.2145,3.5669],[32.2187,3.5615],[32.2091,3.5473],[32.2091,3.5376],[32.2022,3.5206],[32.2027,3.505],[32.20092535286303,3.504309859477966],[32.1032,3.5294],[32.0851,3.5301],[32.0841,3.5362],[32.0876,3.533],[32.0898,3.535],[32.087,3.5421],[32.0892,3.5462],[32.0828,3.5457],[32.0819,3.5561],[32.0867,3.5597],[32.0839,3.5609],[32.0812,3.5592],[32.0815,3.565],[32.0768,3.5676],[32.073,3.5664],[32.0736,3.571],[32.0688,3.5721],[32.0708,3.5756],[32.067,3.5744],[32.0624,3.5801],[32.062,3.5796],[32.0565,3.568],[32.0637,3.5245],[32.0636,3.4998],[32.0566,3.4898],[32.0517,3.4473],[32.0532,3.427],[32.0575,3.4102],[32.0173,3.4111],[32.03,3.3928],[32.028,3.3889],[32.032,3.378],[32.0275,3.3708],[32.0284,3.3642],[32.0384,3.3541],[32.0438,3.3398],[32.0415,3.3369],[32.0306,3.3327],[32.0329,3.3291],[32.0322,3.318],[32.0204,3.3077],[32.021,3.3048],[32.0173,3.3036],[32.0172,3.2981],[32.0119,3.2934],[32.0137,3.291],[32.0125,3.2885],[32.0067,3.2884],[32.0081,3.2802],[32.0045,3.2745],[32.0049,3.2657],[32.011,3.26],[32.0123,3.2559],[32.0123,3.2533],[32.0096,3.2534],[32.0084,3.2502],[32.0098,3.2485],[32.0082,3.2389],[32.0086,3.2351],[32.0134,3.2316],[32.0063,3.2235],[32.0065,3.2158],[32.0008,3.2145],[32.0014,3.2103],[31.9942,3.2037],[31.9943,3.2001],[31.9853,3.1959],[31.9708,3.1819],[31.9688,3.1651],[31.9644,3.1512],[31.9664,3.1481],[31.9633,3.1464],[31.9597,3.1241],[31.9307,3.0863],[31.9286,3.0751],[31.9251,3.071],[31.9272,3.0668],[31.9229,3.0518],[31.9202,3.0488],[31.9207,3.0437],[31.9163,3.0369],[31.9161,3.0307],[31.9116,3.0266],[31.9122,3.0231],[31.9088,3.0224],[31.9034,3.0155],[31.9042,3.0118],[31.9,3.0067],[31.9033,3.0021],[31.9019,2.9925],[31.8925,2.982],[31.8901,2.9756],[31.8855,2.9756],[31.8824,2.9707],[31.8753,2.969],[31.8673,2.9596],[31.8623,2.9591],[31.8568,2.9503],[31.8542,2.9534],[31.8381,2.9567],[31.831,2.9528],[31.8231,2.9543],[31.8179,2.9506],[31.8057,2.9566],[31.7959,2.9512],[31.7922,2.9528],[31.7872,2.9603],[31.7768,2.9615],[31.7681,2.9654],[31.7676,2.9698],[31.7608,2.9705],[31.7491,2.9681],[31.7441,2.9632],[31.6594,2.9435],[31.6557,2.9401],[31.6488,2.9399],[31.6442,2.9366],[31.6409,2.9371],[31.6342,2.9443],[31.6271,2.9425],[31.6247,2.9389],[31.6132,2.937],[31.6057,2.9454],[31.5998,2.9456],[31.5971,2.9479],[31.5876,2.9426],[31.5878,2.9394],[31.585,2.9381],[31.5862,2.9355],[31.5764,2.931],[31.5749,2.9223],[31.5687,2.9218],[31.5635,2.9166],[31.5639,2.9133],[31.5585,2.9103],[31.5593,2.9057],[31.5565,2.9001],[31.5579,2.8956],[31.5463,2.8878],[31.5459,2.8835],[31.541,2.8778],[31.5294,2.8842],[31.518,2.8799],[31.5137,2.8817],[31.5013,2.8924],[31.5031,2.8955],[31.5021,2.9004],[31.498,2.9021],[31.4961,2.8984],[31.4927,2.9054],[31.4876,2.9038],[31.4848,2.9058],[31.4877,2.9093],[31.485,2.9135],[31.4781,2.9065],[31.4734,2.9105],[31.475,2.9146],[31.4728,2.9124],[31.4704,2.9144],[31.4713,2.9166],[31.4682,2.9151],[31.4639,2.9169],[31.464,2.9218],[31.4617,2.9224],[31.4585,2.9172],[31.4548,2.9176],[31.437,2.9338],[31.435,2.9331],[31.4319,2.9383],[31.4302,2.9368],[31.4241,2.9393],[31.424,2.9457],[31.4177,2.9523],[31.4049,2.9518],[31.3991,2.9475],[31.3975,2.9421],[31.3984,2.9232],[31.3939,2.9161],[31.3791,2.9023],[31.371,2.8787],[31.3753,2.8601],[31.3726,2.8532],[31.3623,2.8481],[31.3615,2.8343],[31.3783,2.8021],[31.3818,2.786],[31.3936,2.768],[31.4148,2.7603],[31.4286,2.7625],[31.438,2.7566],[31.449,2.7393],[31.452,2.725],[31.4504,2.7181],[31.4539,2.7078],[31.452,2.6888],[31.4455,2.6848],[31.4424,2.6799],[31.4404,2.6687],[31.4311,2.6599],[31.4152,2.6357],[31.4158,2.6308],[31.4114,2.6229],[31.4117,2.6185],[31.4199,2.6018],[31.4316,2.5878],[31.4439,2.5814],[31.4613,2.5634],[31.4649,2.553],[31.4663,2.5326],[31.478,2.5054],[31.4953,2.4956],[31.5114,2.4966],[31.5194,2.4945],[31.5272,2.4875],[31.5299,2.4811],[31.5214,2.4675],[31.5112,2.4604],[31.4944,2.4534],[31.4822,2.4384],[31.477,2.4207],[31.4737,2.3726],[31.4687,2.3592],[31.4625,2.3501],[31.4393,2.3333],[31.4021,2.3175],[31.3775,2.2995],[31.3485,2.2686],[31.3365,2.2475],[31.3454,2.2451],[31.3714,2.2463],[31.3889,2.2368],[31.398,2.2352],[31.4031,2.2395],[31.4144,2.2359],[31.428,2.2376],[31.446,2.2299],[31.4669,2.2272],[31.4735,2.2304],[31.4906,2.247],[31.5123,2.2508],[31.5256,2.2567],[31.5353,2.2714],[31.5512,2.2827],[31.5716,2.2859],[31.5886,2.2808],[31.6019,2.2722],[31.6242,2.2741],[31.6358,2.2597],[31.6477,2.2589],[31.6536,2.2654],[31.6664,2.2736],[31.6867,2.2787],[31.6961,2.2763],[31.6964,2.2852],[31.6992,2.2889],[31.708,2.2871],[31.7369,2.2967],[31.7424,2.2961],[31.7504,2.3016],[31.7531,2.3087],[31.7635,2.3162],[31.77,2.3279],[31.7754,2.3314],[31.7847,2.3332],[31.7843,2.3392],[31.7972,2.3461],[31.8085,2.3578],[31.8332,2.3692],[31.8498,2.3589],[31.854,2.3611],[31.8547,2.3661],[31.857,2.3665],[31.8687,2.3592],[31.8818,2.3631],[31.8871,2.3629],[31.8911,2.3598],[31.9001,2.3626],[31.909,2.3593],[31.9133,2.3642],[31.9185,2.3656],[31.9274,2.3601],[31.9362,2.3435],[31.9441,2.3449],[31.9421,2.3389],[31.9557,2.3407],[31.961,2.337],[31.9678,2.3253],[31.9796,2.3268],[31.9784,2.3203],[31.9803,2.3179],[31.9901,2.3183],[31.9961,2.3112],[32.0131,2.3065],[32.0228,2.2891],[32.0256,2.2766],[32.0329,2.2772],[32.0419,2.2841],[32.0533,2.2825],[32.0848,2.2627],[32.0953,2.2523],[32.1104,2.2447],[32.1209,2.2457],[32.1329,2.2407],[32.1457,2.2311],[32.1485,2.2216],[32.166,2.2221],[32.1746,2.2183],[32.1892,2.217],[32.1938,2.2249],[32.2009,2.2275],[32.2131,2.2378],[32.2141,2.2415],[32.2216,2.2438],[32.2229,2.2464],[32.2433,2.2412],[32.2507,2.2468],[32.2528,2.2517],[32.2589,2.2539],[32.2487,2.2812],[32.2426,2.2866],[32.2435,2.2999],[32.2352,2.3192],[32.2311,2.3367],[32.2338,2.3575],[32.2304,2.3703],[32.2318,2.3876],[32.228,2.4086],[32.2338,2.4207],[32.2286,2.4384],[32.2301,2.4696],[32.2285,2.4869],[32.2303,2.4961],[32.2275,2.5042],[32.2286,2.507],[32.2345,2.514],[32.2383,2.5129],[32.248,2.518],[32.2647,2.5103],[32.2909,2.5106],[32.2971,2.5045],[32.3237,2.4922],[32.3295,2.4875],[32.3531,2.4885],[32.3607,2.4843],[32.3635,2.4762],[32.3936,2.4831],[32.4028,2.4754],[32.4082,2.4639],[32.4139,2.4594],[32.4152,2.4536],[32.4205,2.4516],[32.4251,2.4459],[32.4256,2.4529],[32.43,2.4609],[32.4275,2.4651],[32.4308,2.4687],[32.4344,2.4669],[32.4377,2.4737],[32.4366,2.4772],[32.4401,2.4841],[32.4415,2.4984],[32.4384,2.5053],[32.4475,2.5162],[32.4445,2.527],[32.4522,2.5397],[32.4504,2.5547],[32.4584,2.5602],[32.4566,2.5668],[32.4583,2.5775],[32.4616,2.5781],[32.4702,2.5899],[32.4803,2.6138],[32.5199,2.6198],[32.5394,2.6203],[32.6564,2.6016],[32.6663,2.6054],[32.6977,2.6053],[32.6996,2.61],[32.7682,2.6033],[32.7787,2.6062],[32.786,2.6036],[32.7863,2.5874],[32.7976,2.5907],[32.7968,2.6008],[32.8092,2.6124],[32.8157,2.6218],[32.817,2.6285],[32.8107,2.6395],[32.8126,2.642],[32.8253,2.6513],[32.8292,2.6478],[32.8355,2.6513],[32.8379,2.6465],[32.8493,2.6493],[32.8519,2.6533],[32.8536,2.6494],[32.8598,2.6477],[32.8604,2.6446],[32.855,2.6323],[32.8508,2.6296],[32.8509,2.6245],[32.8567,2.6204],[32.8673,2.626],[32.8757,2.6253],[32.8724,2.6223],[32.873,2.6195],[32.8813,2.6189],[32.8853,2.6209],[32.8862,2.6181],[32.8841,2.6164],[32.8869,2.6141],[32.8915,2.6189],[32.8919,2.6152],[32.8898,2.6134],[32.8913,2.6067],[32.8855,2.6063],[32.8853,2.6015],[32.8899,2.6028],[32.9,2.5974],[32.9052,2.6018],[32.9147,2.5945],[32.9189,2.5966],[32.9175,2.6011],[32.9197,2.6063],[32.9291,2.6066],[32.9381,2.6115],[32.9404,2.6092],[32.9345,2.6043],[32.9293,2.5931],[32.9319,2.5917],[32.9405,2.5952],[32.9497,2.6043],[32.9537,2.6051],[32.9515,2.597],[32.9586,2.5971],[32.9595,2.5923],[32.9469,2.57],[32.9384,2.5696],[32.9393,2.5641],[32.9436,2.5636],[32.9458,2.5604],[32.9558,2.5624],[32.9579,2.5584],[32.9533,2.5531],[32.9544,2.5502],[32.9612,2.5502],[32.971,2.5555],[32.9776,2.5516],[32.9848,2.5598],[32.998,2.5539],[32.9989,2.5488],[32.9962,2.538],[32.9906,2.5374],[32.9878,2.5331],[32.9884,2.529],[32.9931,2.5269],[33.0022,2.5338],[33.0066,2.5304],[33.0118,2.5317],[33.0157,2.5394],[33.0292,2.5485],[33.0347,2.556],[33.0503,2.5639],[33.0582,2.5722],[33.067,2.5774],[33.0735,2.5891],[33.157,2.6191],[33.1833,2.5854],[33.2069,2.5986],[33.2136,2.5955],[33.2228,2.5968],[33.2403,2.5934],[33.2586,2.5975],[33.266,2.5951],[33.2913,2.5959],[33.2994,2.6073],[33.308,2.6081],[33.3149,2.6121],[33.3518,2.6079],[33.3562,2.6052],[33.3643,2.6056],[33.3956,2.5961],[33.4108,2.5953],[33.4289,2.6268],[33.4277,2.6323],[33.4317,2.6337],[33.4343,2.6284],[33.4375,2.6304],[33.4381,2.6272],[33.4398,2.6286],[33.4413,2.6271],[33.4403,2.6214],[33.4352,2.6184],[33.437,2.6133],[33.444,2.612],[33.4423,2.6084],[33.4445,2.608],[33.446,2.5961],[33.4438,2.5909],[33.4487,2.5926],[33.4542,2.5909],[33.4595,2.5934],[33.46,2.5963],[33.4662,2.5935],[33.4692,2.5966],[33.4716,2.5945],[33.4769,2.5966],[33.4801,2.5903],[33.4844,2.5933],[33.4888,2.5905],[33.4948,2.5925],[33.4967,2.589],[33.5031,2.5877],[33.5073,2.5933],[33.5124,2.5922],[33.516,2.5945],[33.5193,2.5986],[33.5186,2.6008],[33.5226,2.6008],[33.5231,2.6044],[33.533,2.6038]]]},"properties":{"name":"Acholi","id":"SUvODYOcaVf"}},
{"type":"Feature","geometry":{"type":"Polygon","coordinates":[[[34.3107,0.7467],[34.3153,0.7577],[34.3147,0.7611],[34.3182,0.762],[34.3191,0.7646],[34.3348,0.7656],[34.346,0.772],[34.3548,0.7712],[34.3545,0.7732],[34.3593,0.7757],[34.3617,0.7739],[34.3648,0.7789],[34.3677,0.7783],[34.3732,0.7833],[34.3725,0.7879],[34.3749,0.7886],[34.3769,0.7936],[34.3797,0.7952],[34.3814,0.79],[34.3839,0.7902],[34.3857,0.8008],[34.3921,0.803],[34.3919,0.8008],[34.395,0.8023],[34.3954,0.7996],[34.4141,0.8076],[34.411,0.8134],[34.4143,0.8171],[34.4101,0.8197],[34.409,0.8249],[34.4064,0.8261],[34.4161,0.8325],[34.4144,0.8342],[34.415,0.8398],[34.4179,0.8395],[34.4214,0.8431],[34.4213,0.8473],[34.4306,0.852],[34.4408,0.8539],[34.4469,0.8607],[34.4471,0.8742],[34.4524,0.8884],[34.4512,0.8976],[34.4652,0.9092],[34.4807,0.9373],[34.4835,0.9583],[34.4901,0.9801],[34.4877,0.9978],[34.4894,1.015],[34.4939,1.04],[34.5005,1.055],[34.4997,1.0591],[34.5036,1.0682],[34.5143,1.0785],[34.5211,1.0965],[34.527,1.1014],[34.527,1.1041],[34.5752,1.0995],[34.5801,1.1474],[34.6114,1.1559],[34.621,1.1647],[34.6365,1.1688],[34.6492,1.1761],[34.6641,1.1894],[34.6695,1.205],[34.7015,1.2131],[34.7112,1.2124],[34.7433,1.2182],[34.7509,1.217],[34.7588,1.2188],[34.7694,1.2159],[34.7741,1.2201],[34.7789,1.2191],[34.7837,1.2218],[34.7868,1.2195],[34.7951,1.2191],[34.8067,1.2287],[34.8081,1.2335],[34.8123,1.2374],[34.8114,1.2409],[34.8135,1.2452],[34.8191,1.2479],[34.8206,1.2602],[34.8256,1.2618],[34.8323,1.2683],[34.8298,1.2722],[34.8291,1.2838],[34.8308,1.3009],[34.8294,1.3078],[34.7875,1.3636],[34.7828,1.3689],[34.7814,1.3759],[34.7768,1.3823],[34.7776,1.3936],[34.7649,1.4013],[34.759,1.4093],[34.755,1.4092],[34.7502,1.4137],[34.7523,1.4158],[34.7493,1.4181],[34.7464,1.4169],[34.7468,1.4191],[34.7425,1.4212],[34.7421,1.4243],[34.7389,1.4247],[34.7346,1.4348],[34.7258,1.4398],[34.7233,1.4375],[34.7188,1.4424],[34.7181,1.4482],[34.7222,1.4548],[34.7201,1.467],[34.7261,1.4696],[34.7232,1.4748],[34.7115,1.4784],[34.7116,1.4987],[34.7075,1.5004],[34.7059,1.4986],[34.702,1.5013],[34.7,1.5242],[34.6864,1.5246],[34.6805,1.5278],[34.6755,1.524],[34.6713,1.5251],[34.6709,1.5219],[34.6593,1.5237],[34.6554,1.534],[34.6449,1.5404],[34.6367,1.5411],[34.6307,1.5461],[34.6253,1.5558],[34.6263,1.5599],[34.6229,1.5711],[34.6178,1.5767],[34.6135,1.5738],[34.6074,1.5743],[34.6052,1.577],[34.601,1.5762],[34.5935,1.5793],[34.5933,1.5847],[34.5922,1.583],[34.5859,1.5858],[34.575,1.5792],[34.5687,1.5805],[34.5623,1.5883],[34.5463,1.5938],[34.5453,1.5982],[34.5326,1.5976],[34.5212,1.5999],[34.521,1.5982],[34.5161,1.5978],[34.5166,1.5959],[34.4994,1.5949],[34.4979,1.6014],[34.4953,1.602],[34.4888,1.599],[34.4868,1.5947],[34.4889,1.592],[34.4858,1.592],[34.4863,1.5862],[34.4823,1.5851],[34.4789,1.588],[34.4757,1.5861],[34.4718,1.5879],[34.4701,1.5843],[34.4652,1.5845],[34.4655,1.5815],[34.4627,1.5797],[34.464,1.5786],[34.4599,1.5788],[34.4612,1.5767],[34.4581,1.5731],[34.4534,1.573],[34.4539,1.5708],[34.4475,1.5735],[34.4449,1.5706],[34.4441,1.5722],[34.4366,1.5706],[34.434,1.5689],[34.436,1.5676],[34.4338,1.5674],[34.4336,1.5641],[34.4314,1.5643],[34.4324,1.5619],[34.4306,1.5628],[34.4238,1.554],[34.4144,1.5526],[34.411,1.5553],[34.407,1.5542],[34.39402307690888,1.562792307698899],[34.3958,1.5643],[34.3863,1.5654],[34.3746,1.5622],[34.3705,1.5638],[34.3625,1.5584],[34.3476,1.5678],[34.3424,1.5665],[34.3433,1.5631],[34.3393,1.5584],[34.33,1.554],[34.3281,1.551],[34.2993,1.5548],[34.2833,1.5467],[34.2773,1.5465],[34.2716,1.5471],[34.2722,1.5498],[34.2675,1.5588],[34.2623,1.5587],[34.2604,1.5617],[34.2296,1.5616],[34.2301,1.4962],[34.2271,1.4733],[34.2305,1.4649],[34.2341,1.4648],[34.24,1.459],[34.2382,1.4574],[34.24,1.4554],[34.239,1.4508],[34.2406,1.4513],[34.2428,1.4471],[34.2452,1.4488],[34.2452,1.4466],[34.2493,1.4462],[34.2492,1.4423],[34.2499,1.4437],[34.2553,1.4414],[34.2549,1.4388],[34.2603,1.4399],[34.2592,1.4376],[34.2637,1.4336],[34.2629,1.4274],[34.2653,1.4242],[34.2628,1.4229],[34.2628,1.4198],[34.2675,1.4191],[34.2671,1.4155],[34.2722,1.4145],[34.2733,1.4114],[34.2716,1.4091],[34.2757,1.404],[34.2742,1.392],[34.2701,1.3899],[34.2703,1.3853],[34.265,1.3824],[34.2681,1.3813],[34.2686,1.3768],[34.2651,1.3768],[34.2627,1.374],[34.2623,1.3717],[34.2642,1.3713],[34.2603,1.3694],[34.2625,1.3668],[34.26,1.3675],[34.26,1.3636],[34.2568,1.3634],[34.2573,1.3591],[34.2532,1.3573],[34.2516,1.349],[34.2443,1.3457],[34.248,1.3383],[34.244,1.335],[34.246,1.3342],[34.2447,1.3295],[34.2466,1.3272],[34.2449,1.3217],[34.2476,1.3184],[34.2443,1.3186],[34.242,1.3155],[34.2411,1.3109],[34.2428,1.3088],[34.2401,1.3072],[34.2421,1.3056],[34.2405,1.2985],[34.2436,1.2972],[34.2437,1.287],[34.2242,1.2531],[34.2016,1.2305],[34.1894,1.2124],[34.1886,1.204],[34.1844,1.1985],[34.1839,1.1849],[34.1869,1.174],[34.1913,1.172],[34.1823,1.1615],[34.1774,1.1626],[34.1699,1.1603],[34.1609,1.1655],[34.1529,1.1645],[34.1468,1.1593],[34.1372,1.164],[34.1341,1.1692],[34.1203,1.1746],[34.125,1.1695],[34.1297,1.1527],[34.1369,1.1439],[34.1309,1.1217],[34.1344,1.1051],[34.1392,1.1001],[34.1391,1.0929],[34.1205,1.0691],[34.1155,1.0683],[34.1119,1.0642],[34.1122,1.0608],[34.1046,1.0506],[34.0851,1.0463],[34.0812,1.0404],[34.1086,1.0236],[34.1182,1.0233],[34.1202,1.0203],[34.1295,1.0185],[34.1333,1.0147],[34.1205,1.0023],[34.1245,0.9999],[34.1296,0.9917],[34.1291,0.9875],[34.1239,0.9869],[34.1288,0.9549],[34.127,0.94],[34.1266,0.9382],[34.121,0.9379],[34.1173,0.9352],[34.121,0.9288],[34.1084,0.9016],[34.1164,0.8946],[34.1282,0.894],[34.1397,0.8807],[34.1693,0.865],[34.1794,0.8574],[34.1803,0.8418],[34.1842,0.8338],[34.1799,0.8244],[34.1867,0.8229],[34.1922,0.817],[34.2031,0.8115],[34.2185,0.8072],[34.228,0.799],[34.2281,0.7947],[34.2321,0.7915],[34.2372,0.7818],[34.2606,0.7694],[34.2713,0.7601],[34.3004,0.7547],[34.3058,0.7506],[34.3068,0.7466],[34.3107,0.7467]]]},"properties":{"name":"Bugisu","id":"Dt6qdenPX1E"}},
{"type":"Feature","geometry":{"type":"Polygon","coordinates":[[[34.7875,1.3636],[34.8073,1.3811],[34.805,1.3914],[34.7952,1.4076],[34.795,1.4119],[34.8016,1.4205],[34.8182,1.4289],[34.8318,1.4491],[34.8425,1.4518],[34.845,1.4544],[34.8648,1.5256],[34.891,1.5526],[34.9074,1.5503],[34.9444,1.5739],[34.9697,1.6172],[34.9923,1.6636],[35.0011,1.7558],[35.001,1.9597],[34.9853,1.9825],[34.9808,2.0493],[34.9463,2.2086],[34.9185,2.3874],[34.9205,2.3908],[34.9159,2.3938],[34.9151,2.4002],[34.9179,2.4072],[34.9174,2.422],[34.9331,2.4282],[34.9322,2.4363],[34.9366,2.4353],[34.9406,2.4473],[34.9445,2.4465],[34.9429,2.4502],[34.9547,2.4552],[34.9533,2.4585],[34.9557,2.4667],[34.9552,2.4697],[34.9493,2.4695],[34.9375,2.4972],[34.9338,2.5132],[34.9138,2.5139],[34.8981,2.5853],[34.8946,2.5902],[34.8813,2.5867],[34.8791,2.5697],[34.869,2.5679],[34.8529,2.5809],[34.8393,2.6015],[34.8324,2.6182],[34.7999,2.6531],[34.7912,2.6807],[34.7762,2.6952],[34.7849,2.7458],[34.7761,2.7851],[34.768,2.7998],[34.7677,2.8085],[34.7629,2.8182],[34.7558,2.8257],[34.7499,2.8235],[34.7371,2.8523],[34.7134,2.862],[34.7091,2.8707],[34.7025,2.875],[34.6931,2.8602],[34.6692,2.8604],[34.6537,2.8649],[34.6401,2.904],[34.5996,2.9223],[34.5895,2.9794],[34.5881,3.0011],[34.5773,3.0178],[34.5735,3.0474],[34.5756,3.0662],[34.5731,3.0887],[34.5597,3.1077],[34.5466,3.1338],[34.5128,3.1461],[34.4956,3.1387],[34.4828,3.1624],[34.4713,3.1699],[34.4613,3.1712],[34.4562,3.1793],[34.4482,3.2803],[34.4388,3.3047],[34.4307,3.34],[34.4014,3.3679],[34.4025,3.4124],[34.4106,3.4154],[34.42,3.4307],[34.4174,3.448],[34.4046,3.4673],[34.3917,3.4803],[34.3897,3.4891],[34.3918,3.4901],[34.3968,3.4853],[34.4255,3.489],[34.4523,3.5144],[34.4574,3.5728],[34.4539,3.6085],[34.464,3.6668],[34.4566,3.6736],[34.4057,3.6901],[34.4036,3.7026],[34.395,3.7151],[34.3831,3.7248],[34.3658,3.7325],[34.3552,3.7325],[34.3263,3.7254],[34.3193,3.719],[34.3061,3.6833],[34.3034,3.6829],[34.3087,3.709],[34.2841,3.7281],[34.2672,3.7456],[34.2587,3.7638],[34.2463,3.7812],[34.2339,3.7781],[34.2297,3.7714],[34.2276,3.7714],[34.2268,3.7799],[34.2211,3.7815],[34.1866,3.7682],[34.1716,3.765],[34.1668,3.7708],[34.1909,3.7801],[34.1894,3.7924],[34.1713,3.7976],[34.1642,3.795],[34.1598,3.7987],[34.1545,3.7973],[34.1539,3.8043],[34.1647,3.8078],[34.1808,3.8289],[34.2268,3.8283],[34.2258,3.8494],[34.2163,3.8782],[34.2053,3.8794],[34.1758,3.877],[34.1677,3.8672],[34.1534,3.8661],[34.1286,3.8695],[34.1102,3.8657],[34.0934,3.8572],[34.0892,3.8586],[34.0922,3.8826],[34.1207,3.8982],[34.1354,3.9587],[34.1065,3.974],[34.0829,3.9996],[34.0608,4.0068],[34.0596,4.025],[34.0884,4.0339],[34.0921,4.0464],[34.0924,4.0586],[34.0805,4.0828],[34.0639,4.0915],[34.0503,4.1184],[34.0664,4.1413],[34.0481,4.1765],[33.9885,4.2314],[33.5153,3.7522],[33.5107,3.752],[33.6025,3.5912],[33.6322,3.5674],[33.6225,3.532],[33.6387,3.5126],[33.6414,3.5024],[33.6467,3.4955],[33.6437,3.4895],[33.644,3.4813],[33.6513,3.4755],[33.6646,3.4776],[33.685,3.4515],[33.6993,3.4446],[33.7052,3.4301],[33.7149,3.4202],[33.7211,3.4181],[33.7221,3.4052],[33.7327,3.3929],[33.7318,3.3879],[33.7394,3.383],[33.7424,3.3766],[33.7409,3.3572],[33.7365,3.3421],[33.7292,3.3343],[33.7313,3.3163],[33.7275,3.3076],[33.7277,3.2965],[33.7253,3.295],[33.7266,3.2929],[33.7198,3.2879],[33.7153,3.2879],[33.7129,3.276],[33.7072,3.2754],[33.7012,3.2694],[33.6966,3.2615],[33.6976,3.2552],[33.694,3.252],[33.6932,3.2463],[33.6867,3.2413],[33.6461,3.2438],[33.6424,3.2482],[33.6318,3.2482],[33.6293,3.2523],[33.6298,3.2564],[33.6235,3.2651],[33.6077,3.2638],[33.6022,3.273],[33.599,3.2727],[33.5982,3.2764],[33.586,3.2757],[33.5832,3.2726],[33.5825,3.2757],[33.5785,3.2746],[33.57,3.2806],[33.5505,3.2815],[33.5545,3.2034],[33.5709,3.0019],[33.5751,2.9832],[33.5753,2.967],[33.5806,2.9541],[33.5801,2.9461],[33.5723,2.9392],[33.5706,2.934],[33.5772,2.8806],[33.6046,2.8701],[33.6038,2.7869],[33.5996,2.7791],[33.5874,2.7723],[33.5801,2.7665],[33.5789,2.7621],[33.5718,2.7596],[33.5666,2.7542],[33.5648,2.7476],[33.5621,2.7465],[33.5542,2.7324],[33.5513,2.7316],[33.5472,2.722],[33.5382,2.7171],[33.5377,2.7092],[33.5325,2.7025],[33.5335,2.6986],[33.5292,2.6939],[33.5297,2.6903],[33.5261,2.688],[33.5246,2.6753],[33.5214,2.6719],[33.5236,2.6699],[33.5252,2.6543],[33.5306,2.6447],[33.5282,2.6288],[33.534,2.6287],[33.5387,2.6234],[33.5358,2.6158],[33.5394,2.6132],[33.5395,2.6093],[33.5339,2.6077],[33.533,2.6038],[33.5393,2.5879],[33.5515,2.5686],[33.5532,2.5589],[33.5685,2.5486],[33.5702,2.5446],[33.5753,2.5414],[33.5801,2.5264],[33.5933,2.511],[33.6078,2.4997],[33.6061,2.4958],[33.6151,2.493],[33.6146,2.4898],[33.6274,2.4712],[33.6525,2.4897],[33.6696,2.5054],[33.6963,2.4821],[33.7055,2.4605],[33.7276,2.4514],[33.7287,2.4481],[33.7322,2.4495],[33.7395,2.4453],[33.7401,2.4384],[33.7453,2.4356],[33.7431,2.4287],[33.7376,2.4275],[33.7387,2.4231],[33.736,2.4175],[33.7484,2.4104],[33.7535,2.403],[33.778,2.3875],[34.212,2.1187],[34.2232,1.9809],[34.2223,1.6537],[34.2222,1.6402],[34.2291,1.6398],[34.2296,1.5616],[34.2604,1.5617],[34.2623,1.5587],[34.2675,1.5588],[34.2722,1.5498],[34.2716,1.5471],[34.2773,1.5465],[34.2833,1.5467],[34.2993,1.5548],[34.3281,1.551],[34.33,1.554],[34.3393,1.5584],[34.3433,1.5631],[34.3424,1.5665],[34.3476,1.5678],[34.3625,1.5584],[34.3705,1.5638],[34.3746,1.5622],[34.3863,1.5654],[34.3958,1.5643],[34.39402307690888,1.562792307698899],[34.407,1.5542],[34.411,1.5553],[34.4144,1.5526],[34.4238,1.554],[34.4306,1.5628],[34.4324,1.5619],[34.4314,1.5643],[34.4336,1.5641],[34.4338,1.5674],[34.436,1.5676],[34.434,1.5689],[34.4366,1.5706],[34.4441,1.5722],[34.4449,1.5706],[34.4475,1.5735],[34.4539,1.5708],[34.4534,1.573],[34.4581,1.5731],[34.4612,1.5767],[34.4599,1.5788],[34.464,1.5786],[34.4627,1.5797],[34.4655,1.5815],[34.4652,1.5845],[34.4701,1.5843],[34.4718,1.5879],[34.4757,1.5861],[34.4789,1.588],[34.4823,1.5851],[34.4863,1.5862],[34.4858,1.592],[34.4889,1.592],[34.4868,1.5947],[34.4888,1.599],[34.4953,1.602],[34.4979,1.6014],[34.4994,1.5949],[34.5166,1.5959],[34.5161,1.5978],[34.521,1.5982],[34.5212,1.5999],[34.5326,1.5976],[34.5453,1.5982],[34.5463,1.5938],[34.5623,1.5883],[34.5687,1.5805],[34.575,1.5792],[34.5859,1.5858],[34.5922,1.583],[34.5933,1.5847],[34.5935,1.5793],[34.601,1.5762],[34.6052,1.577],[34.6074,1.5743],[34.6135,1.5738],[34.6178,1.5767],[34.6229,1.5711],[34.6263,1.5599],[34.6253,1.5558],[34.6307,1.5461],[34.6367,1.5411],[34.6449,1.5404],[34.6554,1.534],[34.6593,1.5237],[34.6709,1.5219],[34.6713,1.5251],[34.6755,1.524],[34.6805,1.5278],[34.6864,1.5246],[34.7,1.5242],[34.702,1.5013],[34.7059,1.4986],[34.7075,1.5004],[34.7116,1.4987],[34.7115,1.4784],[34.7232,1.4748],[34.7261,1.4696],[34.7201,1.467],[34.7222,1.4548],[34.7181,1.4482],[34.7188,1.4424],[34.7233,1.4375],[34.7258,1.4398],[34.7346,1.4348],[34.7389,1.4247],[34.7421,1.4243],[34.7425,1.4212],[34.7468,1.4191],[34.7464,1.4169],[34.7493,1.4181],[34.7523,1.4158],[34.7502,1.4137],[34.755,1.4092],[34.759,1.4093],[34.7649,1.4013],[34.7776,1.3936],[34.7768,1.3823],[34.7814,1.3759],[34.7828,1.3689],[34.7875,1.3636]]]},"properties":{"name":"Karamoja","id":"jdlbNUwJiKX"}}
]}